source_id,source_type,assignee,title,url,example_label,polymer_type,polymer_grade,cure_system,polymer_phr,carbon_black_phr,silica_phr,alumina_phr,barium_sulfate_phr,titanium_oxide_phr,fluororesin_phr,other_inorganic_filler_phr,organic_additive_phr,coagent_phr,peroxide_phr,nitrile_curative_phr,other_curative_phr,acid_acceptor_phr,processing_aid_phr,other_ingredients_note,hardness_shoreA,tensile_MPa,elongation_pct,m100_MPa,compression_set_pct,cs_condition,plasma_weight_loss_pct,plasma_condition,units_original,extraction_notes,batch
US7678858B2,patent,"Daikin Industries, Ltd.",Fluorine-containing elastomer composition excellent in plasma-aging prevention effect and shaped article made thereof,https://patents.google.com/patent/US7678858B2/en,Example 1,FFKM,"DAI-EL PERFLO GA-105 (TFE/perfluoro(alkyl vinyl ether), iodine cure site)",peroxide,100,0.0,0.0,15,0.0,0.0,0.0,0.0,2.0,2.0,1.0,0.0,0.0,0.0,0.0,"CROMOPHTAL Yellow 3RLP (isoindolinone pigment) 2; Al2O3 (0.02 um, 80 m2/g) 15; TAIC 2; PERHEXA 25B 1",78.0,24.52,170.0,9.02,21.0,"200C x 70h, 25% compression, P-24 O-ring (JIS K6301)",0.69,"O2 plasma, ICP high-density plasma device SAMCO RIE-101iPH, P-24 O-ring",M100 and tensile in kgf/cm2 (x0.0980665 -> MPa),Tables 1 and 3. CF4 plasma weight loss 0.72%. Cure: press 160C x 7 min + oven 180C x 4 h.,batch_daikin
US7678858B2,patent,"Daikin Industries, Ltd.",Fluorine-containing elastomer composition excellent in plasma-aging prevention effect and shaped article made thereof,https://patents.google.com/patent/US7678858B2/en,Example 2,FFKM,"DAI-EL PERFLO GA-105 (TFE/perfluoro(alkyl vinyl ether), iodine cure site)",peroxide,100,0.0,0.0,15,0.0,0.0,0.0,0.0,2.0,2.0,1.0,0.0,0.0,0.0,0.0,"CROMOPHTAL Red 2020 (quinacridone pigment) 2; Al2O3 (0.02 um, 80 m2/g) 15; TAIC 2; PERHEXA 25B 1",79.0,26.18,170.0,9.32,22.0,"200C x 70h, 25% compression, P-24 O-ring (JIS K6301)",0.7,"O2 plasma, ICP high-density plasma device SAMCO RIE-101iPH, P-24 O-ring",M100 and tensile in kgf/cm2 (x0.0980665 -> MPa),Tables 1 and 3. CF4 plasma weight loss 0.76%. Cure: press 160C x 7 min + oven 180C x 4 h.,batch_daikin
US7678858B2,patent,"Daikin Industries, Ltd.",Fluorine-containing elastomer composition excellent in plasma-aging prevention effect and shaped article made thereof,https://patents.google.com/patent/US7678858B2/en,Example 3,FFKM,"DAI-EL PERFLO GA-105 (TFE/perfluoro(alkyl vinyl ether), iodine cure site)",peroxide,100,0.0,0.0,15,0.0,0.0,0.0,0.0,2.0,2.0,1.0,0.0,0.0,0.0,0.0,"CROMOPHTAL Red 2030 (diketopyrrolopyrrole pigment) 2; Al2O3 (0.02 um, 80 m2/g) 15; TAIC 2; PERHEXA 25B 1",78.0,24.91,170.0,9.12,21.0,"200C x 70h, 25% compression, P-24 O-ring (JIS K6301)",0.71,"O2 plasma, ICP high-density plasma device SAMCO RIE-101iPH, P-24 O-ring",M100 and tensile in kgf/cm2 (x0.0980665 -> MPa),Tables 1 and 3. CF4 plasma weight loss 0.74%. Cure: press 160C x 7 min + oven 180C x 4 h.,batch_daikin
US7678858B2,patent,"Daikin Industries, Ltd.",Fluorine-containing elastomer composition excellent in plasma-aging prevention effect and shaped article made thereof,https://patents.google.com/patent/US7678858B2/en,Example 4,FFKM,"DAI-EL PERFLO GA-105 (TFE/perfluoro(alkyl vinyl ether), iodine cure site)",peroxide,100,0.0,0.0,15,0.0,0.0,0.0,0.0,2.0,2.0,1.0,0.0,0.0,0.0,0.0,"CROMOPHTAL Magenta P (quinacridone pigment) 2; Al2O3 (0.02 um, 80 m2/g) 15; TAIC 2; PERHEXA 25B 1",79.0,23.54,170.0,9.32,21.0,"200C x 70h, 25% compression, P-24 O-ring (JIS K6301)",0.67,"O2 plasma, ICP high-density plasma device SAMCO RIE-101iPH, P-24 O-ring",M100 and tensile in kgf/cm2 (x0.0980665 -> MPa),Tables 1 and 3. CF4 plasma weight loss 0.77%. Cure: press 160C x 7 min + oven 180C x 4 h.,batch_daikin
US7678858B2,patent,"Daikin Industries, Ltd.",Fluorine-containing elastomer composition excellent in plasma-aging prevention effect and shaped article made thereof,https://patents.google.com/patent/US7678858B2/en,Example 5,FFKM,"DAI-EL PERFLO GA-105 (TFE/perfluoro(alkyl vinyl ether), iodine cure site)",peroxide,100,0.0,0.0,15,0.0,0.0,0.0,0.0,2.0,2.0,1.0,0.0,0.0,0.0,0.0,"CROMOPHTAL Blue A3R (anthraquinone pigment) 2; Al2O3 (0.02 um, 80 m2/g) 15; TAIC 2; PERHEXA 25B 1",78.0,23.24,170.0,9.12,23.0,"200C x 70h, 25% compression, P-24 O-ring (JIS K6301)",0.73,"O2 plasma, ICP high-density plasma device SAMCO RIE-101iPH, P-24 O-ring",M100 and tensile in kgf/cm2 (x0.0980665 -> MPa),Tables 1 and 3. CF4 plasma weight loss 0.74%. Cure: press 160C x 7 min + oven 180C x 4 h.,batch_daikin
US7678858B2,patent,"Daikin Industries, Ltd.",Fluorine-containing elastomer composition excellent in plasma-aging prevention effect and shaped article made thereof,https://patents.google.com/patent/US7678858B2/en,Example 6,FFKM,"DAI-EL PERFLO GA-105 (TFE/perfluoro(alkyl vinyl ether), iodine cure site)",peroxide,100,0.0,0.0,15,0.0,0.0,0.0,0.0,2.0,2.0,1.0,0.0,0.0,0.0,0.0,"Antage RD (amine antioxidant) 2; Al2O3 (0.02 um, 80 m2/g) 15; TAIC 2; PERHEXA 25B 1",78.0,23.63,170.0,8.34,28.0,"200C x 70h, 25% compression, P-24 O-ring (JIS K6301)",0.69,"O2 plasma, ICP high-density plasma device SAMCO RIE-101iPH, P-24 O-ring",M100 and tensile in kgf/cm2 (x0.0980665 -> MPa),Tables 1 and 3. CF4 plasma weight loss 0.59%. Cure: press 160C x 7 min + oven 180C x 4 h.,batch_daikin
US7678858B2,patent,"Daikin Industries, Ltd.",Fluorine-containing elastomer composition excellent in plasma-aging prevention effect and shaped article made thereof,https://patents.google.com/patent/US7678858B2/en,Example 7,FFKM,"DAI-EL PERFLO GA-105 (TFE/perfluoro(alkyl vinyl ether), iodine cure site)",peroxide,100,0.0,0.0,15,0.0,0.0,0.0,0.0,2.0,2.0,1.0,0.0,0.0,0.0,0.0,"Antage W-300 (phenol antioxidant) 2; Al2O3 (0.02 um, 80 m2/g) 15; TAIC 2; PERHEXA 25B 1",79.0,25.11,200.0,5.98,48.0,"200C x 70h, 25% compression, P-24 O-ring (JIS K6301)",0.7,"O2 plasma, ICP high-density plasma device SAMCO RIE-101iPH, P-24 O-ring",M100 and tensile in kgf/cm2 (x0.0980665 -> MPa),Tables 1 and 3. CF4 plasma weight loss 0.78%. Cure: press 160C x 7 min + oven 180C x 4 h.,batch_daikin
US7678858B2,patent,"Daikin Industries, Ltd.",Fluorine-containing elastomer composition excellent in plasma-aging prevention effect and shaped article made thereof,https://patents.google.com/patent/US7678858B2/en,Example 8,FFKM,"DAI-EL PERFLO GA-105 (TFE/perfluoro(alkyl vinyl ether), iodine cure site)",peroxide,100,0.0,0.0,15,0.0,0.0,0.0,0.0,2.0,2.0,1.0,0.0,0.0,0.0,0.0,"Antage Crystal (phenol antioxidant) 2; Al2O3 (0.02 um, 80 m2/g) 15; TAIC 2; PERHEXA 25B 1",78.0,24.71,190.0,6.96,45.0,"200C x 70h, 25% compression, P-24 O-ring (JIS K6301)",0.67,"O2 plasma, ICP high-density plasma device SAMCO RIE-101iPH, P-24 O-ring",M100 and tensile in kgf/cm2 (x0.0980665 -> MPa),Tables 1 and 3. CF4 plasma weight loss 0.73%. Cure: press 160C x 7 min + oven 180C x 4 h.,batch_daikin
US7678858B2,patent,"Daikin Industries, Ltd.",Fluorine-containing elastomer composition excellent in plasma-aging prevention effect and shaped article made thereof,https://patents.google.com/patent/US7678858B2/en,Example 9,FFKM,"DAI-EL PERFLO GA-105 (TFE/perfluoro(alkyl vinyl ether), iodine cure site)",peroxide,100,0.0,0.0,15,0.0,0.0,0.0,0.0,2.0,2.0,1.0,0.0,0.0,0.0,0.0,"Antage MB (amine/sulfur antioxidant) 2; Al2O3 (0.02 um, 80 m2/g) 15; TAIC 2; PERHEXA 25B 1",80.0,23.14,170.0,8.92,28.0,"200C x 70h, 25% compression, P-24 O-ring (JIS K6301)",0.71,"O2 plasma, ICP high-density plasma device SAMCO RIE-101iPH, P-24 O-ring",M100 and tensile in kgf/cm2 (x0.0980665 -> MPa),Tables 1 and 3. CF4 plasma weight loss 0.67%. Cure: press 160C x 7 min + oven 180C x 4 h.,batch_daikin
US7678858B2,patent,"Daikin Industries, Ltd.",Fluorine-containing elastomer composition excellent in plasma-aging prevention effect and shaped article made thereof,https://patents.google.com/patent/US7678858B2/en,Comparative Example 1,FFKM,"DAI-EL PERFLO GA-105 (TFE/perfluoro(alkyl vinyl ether), iodine cure site)",peroxide,100,0.0,0.0,15,0.0,0.0,0.0,0.0,0.0,2.0,1.0,0.0,0.0,0.0,0.0,"no plasma anti-aging compound; Al2O3 (0.02 um, 80 m2/g) 15; TAIC 2; PERHEXA 25B 1",75.0,23.83,160.0,8.83,21.0,"200C x 70h, 25% compression, P-24 O-ring (JIS K6301)",0.78,"O2 plasma, ICP high-density plasma device SAMCO RIE-101iPH, P-24 O-ring",M100 and tensile in kgf/cm2 (x0.0980665 -> MPa),Tables 1 and 3. CF4 plasma weight loss 0.82%. Cure: press 160C x 7 min + oven 180C x 4 h.,batch_daikin
US7678858B2,patent,"Daikin Industries, Ltd.",Fluorine-containing elastomer composition excellent in plasma-aging prevention effect and shaped article made thereof,https://patents.google.com/patent/US7678858B2/en,Example 10,FFKM,"DAI-EL PERFLO GA-105 (TFE/perfluoro(alkyl vinyl ether), iodine cure site)",peroxide,100,0.0,0.0,0,0.0,0.0,0.0,0.0,15.0,2.0,1.0,0.0,0.0,0.0,0.0,CROMOPHTAL Red 2020 15; no filler; TAIC 2; PERHEXA 25B 1,82.0,16.18,190.0,7.16,17.0,"200C x 70h, 25% compression, P-24 O-ring (JIS K6301)",3.49,"O2 plasma, ICP high-density plasma device SAMCO RIE-101iPH, P-24 O-ring",M100 and tensile in kgf/cm2 (x0.0980665 -> MPa),Tables 2 and 4 (Example 10 has no filler per text). CF4 plasma weight loss 2.01%.,batch_daikin
US7678858B2,patent,"Daikin Industries, Ltd.",Fluorine-containing elastomer composition excellent in plasma-aging prevention effect and shaped article made thereof,https://patents.google.com/patent/US7678858B2/en,Example 11,FFKM,"DAI-EL PERFLO GA-105 (TFE/perfluoro(alkyl vinyl ether), iodine cure site)",peroxide,100,0.0,0.0,15,0.0,0.0,0.0,0.0,15.0,2.0,1.0,0.0,0.0,0.0,0.0,CROMOPHTAL Red 2020 15; Al2O3 15; TAIC 2; PERHEXA 25B 1,89.0,19.71,140.0,13.73,33.0,"200C x 70h, 25% compression, P-24 O-ring (JIS K6301)",0.65,"O2 plasma, ICP high-density plasma device SAMCO RIE-101iPH, P-24 O-ring",M100 and tensile in kgf/cm2 (x0.0980665 -> MPa),Tables 2 and 4 (Example 10 has no filler per text). CF4 plasma weight loss 0.7%.,batch_daikin
US7678858B2,patent,"Daikin Industries, Ltd.",Fluorine-containing elastomer composition excellent in plasma-aging prevention effect and shaped article made thereof,https://patents.google.com/patent/US7678858B2/en,Example 12,FFKM,"DAI-EL PERFLO GA-105 (TFE/perfluoro(alkyl vinyl ether), iodine cure site)",peroxide,100,0.0,0.0,15,0.0,0.0,0.0,0.0,7.5,2.0,1.0,0.0,0.0,0.0,0.0,CROMOPHTAL Red 2020 7.5; Al2O3 15; TAIC 2; PERHEXA 25B 1,86.0,22.06,150.0,12.85,27.0,"200C x 70h, 25% compression, P-24 O-ring (JIS K6301)",0.66,"O2 plasma, ICP high-density plasma device SAMCO RIE-101iPH, P-24 O-ring",M100 and tensile in kgf/cm2 (x0.0980665 -> MPa),Tables 2 and 4 (Example 10 has no filler per text). CF4 plasma weight loss 0.66%.,batch_daikin
US7678858B2,patent,"Daikin Industries, Ltd.",Fluorine-containing elastomer composition excellent in plasma-aging prevention effect and shaped article made thereof,https://patents.google.com/patent/US7678858B2/en,Example 13,FFKM,"DAI-EL PERFLO GA-105 (TFE/perfluoro(alkyl vinyl ether), iodine cure site)",peroxide,100,0.0,0.0,15,0.0,0.0,0.0,0.0,3.75,2.0,1.0,0.0,0.0,0.0,0.0,CROMOPHTAL Red 2020 3.75; Al2O3 15; TAIC 2; PERHEXA 25B 1,83.0,21.97,150.0,12.06,24.0,"200C x 70h, 25% compression, P-24 O-ring (JIS K6301)",0.67,"O2 plasma, ICP high-density plasma device SAMCO RIE-101iPH, P-24 O-ring",M100 and tensile in kgf/cm2 (x0.0980665 -> MPa),Tables 2 and 4 (Example 10 has no filler per text). CF4 plasma weight loss 0.73%.,batch_daikin
US7678858B2,patent,"Daikin Industries, Ltd.",Fluorine-containing elastomer composition excellent in plasma-aging prevention effect and shaped article made thereof,https://patents.google.com/patent/US7678858B2/en,Example 14,FFKM,"DAI-EL PERFLO GA-105 (TFE/perfluoro(alkyl vinyl ether), iodine cure site)",peroxide,100,0.0,0.0,15,0.0,0.0,0.0,0.0,2.0,2.0,1.0,0.0,0.0,0.0,0.0,NONFLEX OD-3 (amine antioxidant) 2; Al2O3 15; TAIC 2; PERHEXA 25B 1,78.0,15.98,170.0,6.47,28.0,"200C x 70h, 25% compression, P-24 O-ring (JIS K6301)",0.65,"O2 plasma, ICP high-density plasma device SAMCO RIE-101iPH, P-24 O-ring",M100 and tensile in kgf/cm2 (x0.0980665 -> MPa),Tables 2 and 4 (Example 10 has no filler per text). CF4 plasma weight loss 0.67%.,batch_daikin
US7678858B2,patent,"Daikin Industries, Ltd.",Fluorine-containing elastomer composition excellent in plasma-aging prevention effect and shaped article made thereof,https://patents.google.com/patent/US7678858B2/en,Example 15,FFKM,"DAI-EL PERFLO GA-105 (TFE/perfluoro(alkyl vinyl ether), iodine cure site)",peroxide,100,0.0,0.0,15,0.0,0.0,0.0,0.0,2.0,2.0,1.0,0.0,0.0,0.0,0.0,"PPST-1 (PPS resin powder, 2 um) 2; Al2O3 15; TAIC 2; PERHEXA 25B 1",82.0,18.34,140.0,10.89,22.0,"200C x 70h, 25% compression, P-24 O-ring (JIS K6301)",0.69,"O2 plasma, ICP high-density plasma device SAMCO RIE-101iPH, P-24 O-ring",M100 and tensile in kgf/cm2 (x0.0980665 -> MPa),Tables 2 and 4 (Example 10 has no filler per text). CF4 plasma weight loss 0.58%.,batch_daikin
US7678858B2,patent,"Daikin Industries, Ltd.",Fluorine-containing elastomer composition excellent in plasma-aging prevention effect and shaped article made thereof,https://patents.google.com/patent/US7678858B2/en,Example 16,FFKM,"DAI-EL PERFLO GA-105 (TFE/perfluoro(alkyl vinyl ether), iodine cure site)",peroxide,100,0.0,0.0,0,0.0,0.0,0.0,0.0,15.5,2.0,1.0,0.0,0.0,0.0,0.0,"polyimide UIP-S (pulverized, ~10 m2/g) 15 + CROMOPHTAL Red 2020 0.5; TAIC 2; PERHEXA 25B 1",82.0,16.77,130.0,15.2,24.0,"200C x 70h, 25% compression, P-24 O-ring (JIS K6301)",2.29,"O2 plasma, ICP high-density plasma device SAMCO RIE-101iPH, P-24 O-ring",M100 and tensile in kgf/cm2 (x0.0980665 -> MPa),Tables 5 and 6; organic_additive = polyimide + pigment sum. CF4 plasma weight loss 0.19%.,batch_daikin
US7678858B2,patent,"Daikin Industries, Ltd.",Fluorine-containing elastomer composition excellent in plasma-aging prevention effect and shaped article made thereof,https://patents.google.com/patent/US7678858B2/en,Example 17,FFKM,"DAI-EL PERFLO GA-105 (TFE/perfluoro(alkyl vinyl ether), iodine cure site)",peroxide,100,0.0,0.0,0,0.0,0.0,0.0,0.0,16.0,2.0,1.0,0.0,0.0,0.0,0.0,polyimide UIP-S 15 + CROMOPHTAL Red 2020 1; TAIC 2; PERHEXA 25B 1,81.0,17.26,130.0,15.2,26.0,"200C x 70h, 25% compression, P-24 O-ring (JIS K6301)",2.15,"O2 plasma, ICP high-density plasma device SAMCO RIE-101iPH, P-24 O-ring",M100 and tensile in kgf/cm2 (x0.0980665 -> MPa),Tables 5 and 6; organic_additive = polyimide + pigment sum. CF4 plasma weight loss 0.19%.,batch_daikin
US7678858B2,patent,"Daikin Industries, Ltd.",Fluorine-containing elastomer composition excellent in plasma-aging prevention effect and shaped article made thereof,https://patents.google.com/patent/US7678858B2/en,Example 18,FFKM,"DAI-EL PERFLO GA-105 (TFE/perfluoro(alkyl vinyl ether), iodine cure site)",peroxide,100,0.0,0.0,0,0.0,0.0,0.0,0.0,17.0,2.0,1.0,0.0,0.0,0.0,0.0,polyimide UIP-S 15 + CROMOPHTAL Red 2020 2; TAIC 2; PERHEXA 25B 1,82.0,16.67,130.0,14.42,25.0,"200C x 70h, 25% compression, P-24 O-ring (JIS K6301)",2.09,"O2 plasma, ICP high-density plasma device SAMCO RIE-101iPH, P-24 O-ring",M100 and tensile in kgf/cm2 (x0.0980665 -> MPa),Tables 5 and 6; organic_additive = polyimide + pigment sum. CF4 plasma weight loss 0.19%.,batch_daikin
US7678858B2,patent,"Daikin Industries, Ltd.",Fluorine-containing elastomer composition excellent in plasma-aging prevention effect and shaped article made thereof,https://patents.google.com/patent/US7678858B2/en,Example 19,FFKM,"DAI-EL PERFLO GA-105 (TFE/perfluoro(alkyl vinyl ether), iodine cure site)",peroxide,100,0.0,0.0,0,0.0,0.0,0.0,0.0,20.0,2.0,1.0,0.0,0.0,0.0,0.0,polyimide UIP-S 15 + CROMOPHTAL Red 2020 5; TAIC 2; PERHEXA 25B 1,84.0,16.18,140.0,13.93,25.0,"200C x 70h, 25% compression, P-24 O-ring (JIS K6301)",2.05,"O2 plasma, ICP high-density plasma device SAMCO RIE-101iPH, P-24 O-ring",M100 and tensile in kgf/cm2 (x0.0980665 -> MPa),Tables 5 and 6; organic_additive = polyimide + pigment sum. CF4 plasma weight loss 0.19%.,batch_daikin
US7678858B2,patent,"Daikin Industries, Ltd.",Fluorine-containing elastomer composition excellent in plasma-aging prevention effect and shaped article made thereof,https://patents.google.com/patent/US7678858B2/en,Example 20,FFKM,"DAI-EL PERFLO GA-105 (TFE/perfluoro(alkyl vinyl ether), iodine cure site)",peroxide,100,15.0,0.0,0,0.0,0.0,0.0,0.0,2.0,2.0,1.0,0.0,0.0,0.0,0.0,MT carbon black N-990 15; CROMOPHTAL Red 2020 2; TAIC 2; PERHEXA 25B 1,82.0,20.99,170.0,10.2,18.0,"200C x 70h, 25% compression, P-24 O-ring (JIS K6301)",3.32,"O2 plasma, ICP high-density plasma device SAMCO RIE-101iPH, P-24 O-ring",M100 and tensile in kgf/cm2 (x0.0980665 -> MPa),Tables 5 and 6; organic_additive = polyimide + pigment sum. CF4 plasma weight loss 0.25%.,batch_daikin
US7678858B2,patent,"Daikin Industries, Ltd.",Fluorine-containing elastomer composition excellent in plasma-aging prevention effect and shaped article made thereof,https://patents.google.com/patent/US7678858B2/en,Comparative Example 2,FFKM,"DAI-EL PERFLO GA-105 (TFE/perfluoro(alkyl vinyl ether), iodine cure site)",peroxide,100,0.0,0.0,0,0.0,0.0,0.0,0.0,15.0,2.0,1.0,0.0,0.0,0.0,0.0,polyimide UIP-S 15; no pigment; TAIC 2; PERHEXA 25B 1,80.0,15.49,130.0,14.51,23.0,"200C x 70h, 25% compression, P-24 O-ring (JIS K6301)",2.38,"O2 plasma, ICP high-density plasma device SAMCO RIE-101iPH, P-24 O-ring",M100 and tensile in kgf/cm2 (x0.0980665 -> MPa),Tables 5 and 6; organic_additive = polyimide + pigment sum. CF4 plasma weight loss 0.19%.,batch_daikin
US7678858B2,patent,"Daikin Industries, Ltd.",Fluorine-containing elastomer composition excellent in plasma-aging prevention effect and shaped article made thereof,https://patents.google.com/patent/US7678858B2/en,Comparative Example 3,FFKM,"DAI-EL PERFLO GA-105 (TFE/perfluoro(alkyl vinyl ether), iodine cure site)",peroxide,100,15.0,0.0,0,0.0,0.0,0.0,0.0,0.0,2.0,1.0,0.0,0.0,0.0,0.0,MT carbon black N-990 15; no pigment; TAIC 2; PERHEXA 25B 1,81.0,24.42,200.0,9.12,15.0,"200C x 70h, 25% compression, P-24 O-ring (JIS K6301)",3.69,"O2 plasma, ICP high-density plasma device SAMCO RIE-101iPH, P-24 O-ring",M100 and tensile in kgf/cm2 (x0.0980665 -> MPa),Tables 5 and 6; organic_additive = polyimide + pigment sum. CF4 plasma weight loss 0.27%.,batch_daikin
US6803402B2,patent,"Daikin Industries, Ltd.",Elastomer molded article and crosslinkable fluorine-containing elastomer composition for semi-conductor production apparatuses,https://patents.google.com/patent/US6803402B2/en,Example 1,FFKM,TFE/perfluoro(methyl vinyl ether) copolymer elastomer,peroxide,100,0.0,0.0,10,0.0,0.0,0.0,0.0,0.0,3.0,1.0,0.0,0.0,0.0,0.0,"Filler 1: theta-Al2O3 AKP-G008 (0.02 um, 80 m2/g) 10; TAIC 3; PERHEXA 2.5B 1",63.0,24.52,165.0,5.59,20.0,"200C x 70h, 25% compression, AS-568A-214 O-ring (JIS K6301)",0.28,"O2 plasma 3 h, Samco PX-1000 RIE, 200 sccm, 400 W, 13.56 MHz, cleaned AS-568A-214 O-ring","M100 and tensile reported as 'kg.f' (taken as kgf/cm2, x0.0980665 -> MPa); hardness JIS A","Table 2. Table rows read 'Crosslinking agent 3 / Crosslinking aid 1'; Example 1 text states 1.0 g PERHEXA 2.5B and 3.0 g TAIC per 100 g polymer, used here. Plasma value from Table 3 (Example 3 = O-ring of Example 1, reported as weight change -0.28% after 3 h O2 plasma). Cure: press 160C x 10 min + oven 180C x 4 h.",batch_daikin
US6803402B2,patent,"Daikin Industries, Ltd.",Elastomer molded article and crosslinkable fluorine-containing elastomer composition for semi-conductor production apparatuses,https://patents.google.com/patent/US6803402B2/en,Example 2,FFKM,TFE/perfluoro(methyl vinyl ether) copolymer elastomer,peroxide,100,0.0,0.0,10,0.0,0.0,0.0,0.0,0.0,3.0,1.0,0.0,0.0,0.0,0.0,"Filler 2: gamma-Al2O3 AKP-G015 (0.02 um, 150 m2/g) 10; TAIC 3; PERHEXA 2.5B 1",62.0,19.61,143.0,7.94,20.0,"200C x 70h, 25% compression, AS-568A-214 O-ring (JIS K6301)",0.31,"O2 plasma 3 h, Samco PX-1000 RIE, 200 sccm, 400 W, 13.56 MHz, cleaned AS-568A-214 O-ring","M100 and tensile reported as 'kg.f' (taken as kgf/cm2, x0.0980665 -> MPa); hardness JIS A","Table 2. Table rows read 'Crosslinking agent 3 / Crosslinking aid 1'; Example 1 text states 1.0 g PERHEXA 2.5B and 3.0 g TAIC per 100 g polymer, used here. Plasma value from Table 3 (Example 4 = O-ring of Example 2, reported as weight change -0.31% after 3 h O2 plasma). Cure: press 160C x 10 min + oven 180C x 4 h.",batch_daikin
US6803402B2,patent,"Daikin Industries, Ltd.",Elastomer molded article and crosslinkable fluorine-containing elastomer composition for semi-conductor production apparatuses,https://patents.google.com/patent/US6803402B2/en,Comparative Example 1,FFKM,TFE/perfluoro(methyl vinyl ether) copolymer elastomer,peroxide,100,0.0,0.0,10,0.0,0.0,0.0,0.0,0.0,3.0,1.0,0.0,0.0,0.0,0.0,Filler 3: alpha-Al2O3 Adoma Fine AO-802 (0.7 um) 10; TAIC 3; PERHEXA 2.5B 1,59.0,18.04,160.0,6.18,12.0,"200C x 70h, 25% compression, AS-568A-214 O-ring (JIS K6301)",0.3,"O2 plasma 3 h, Samco PX-1000 RIE, 200 sccm, 400 W, 13.56 MHz, cleaned AS-568A-214 O-ring","M100 and tensile reported as 'kg.f' (taken as kgf/cm2, x0.0980665 -> MPa); hardness JIS A","Table 2. Table rows read 'Crosslinking agent 3 / Crosslinking aid 1'; Example 1 text states 1.0 g PERHEXA 2.5B and 3.0 g TAIC per 100 g polymer, used here. Plasma value from Table 3 (Comparative Example 4 = O-ring of Comparative Example 1, reported as weight change -0.3% after 3 h O2 plasma). Cure: press 160C x 10 min + oven 180C x 4 h.",batch_daikin
US6803402B2,patent,"Daikin Industries, Ltd.",Elastomer molded article and crosslinkable fluorine-containing elastomer composition for semi-conductor production apparatuses,https://patents.google.com/patent/US6803402B2/en,Comparative Example 2,FFKM,TFE/perfluoro(methyl vinyl ether) copolymer elastomer,peroxide,100,0.0,10.0,0,0.0,0.0,0.0,0.0,0.0,3.0,1.0,0.0,0.0,0.0,0.0,Filler 4: SiO2 1-FX (0.38 um) 10; TAIC 3; PERHEXA 2.5B 1,65.0,16.67,155.0,7.75,12.0,"200C x 70h, 25% compression, AS-568A-214 O-ring (JIS K6301)",0.34,"O2 plasma 3 h, Samco PX-1000 RIE, 200 sccm, 400 W, 13.56 MHz, cleaned AS-568A-214 O-ring","M100 and tensile reported as 'kg.f' (taken as kgf/cm2, x0.0980665 -> MPa); hardness JIS A","Table 2. Table rows read 'Crosslinking agent 3 / Crosslinking aid 1'; Example 1 text states 1.0 g PERHEXA 2.5B and 3.0 g TAIC per 100 g polymer, used here. Plasma value from Table 3 (Comparative Example 5 = O-ring of Comparative Example 2, reported as weight change -0.34% after 3 h O2 plasma). Cure: press 160C x 10 min + oven 180C x 4 h.",batch_daikin
US6803402B2,patent,"Daikin Industries, Ltd.",Elastomer molded article and crosslinkable fluorine-containing elastomer composition for semi-conductor production apparatuses,https://patents.google.com/patent/US6803402B2/en,Comparative Example 3,FFKM,TFE/perfluoro(methyl vinyl ether) copolymer elastomer,peroxide,100,0.0,0.0,0,0.0,10.0,0.0,0.0,0.0,3.0,1.0,0.0,0.0,0.0,0.0,Filler 5: TiO2 P-25 (0.021 um) 10; TAIC 3; PERHEXA 2.5B 1,59.0,19.71,153.0,5.88,20.0,"200C x 70h, 25% compression, AS-568A-214 O-ring (JIS K6301)",0.35,"O2 plasma 3 h, Samco PX-1000 RIE, 200 sccm, 400 W, 13.56 MHz, cleaned AS-568A-214 O-ring","M100 and tensile reported as 'kg.f' (taken as kgf/cm2, x0.0980665 -> MPa); hardness JIS A","Table 2. Table rows read 'Crosslinking agent 3 / Crosslinking aid 1'; Example 1 text states 1.0 g PERHEXA 2.5B and 3.0 g TAIC per 100 g polymer, used here. Plasma value from Table 3 (Comparative Example 6 = O-ring of Comparative Example 3, reported as weight change -0.35% after 3 h O2 plasma). Cure: press 160C x 10 min + oven 180C x 4 h.",batch_daikin
US8173727B2,patent,"Daikin Industries, Ltd.",Crosslinkable elastomer composition and molded article using the same,https://patents.google.com/patent/US8173727B2/en,Example 1,FFKM,TFE/PMVE copolymer (67/33 mol%),peroxide,100,0.0,0.0,0,0.0,0.0,0.0,0.0,15.0,2.0,1.0,0.0,0.0,0.0,0.0,polyimide UIP-S pulverized (~2 m2/g) 15; Perhexa 25B 1; TAIC 2,80.0,15.69,170.0,9.81,,,0.2,"high-density F radical (NF3/Ar 1/1 SLM, 5 torr, ASTRON generator), 200C, 2 h",M100 and tensile in kg/cm2 (x0.0980665 -> MPa),"Formulation from text (polymer/Perhexa 25B/TAIC/filler = 100/1/2/15); props Table 5, F-radical Table 4. O3 water exposure weight loss 2.8%. No compression set reported. Cure: press 160C x 10 min + oven 180C x 4 h.",batch_daikin
US8173727B2,patent,"Daikin Industries, Ltd.",Crosslinkable elastomer composition and molded article using the same,https://patents.google.com/patent/US8173727B2/en,Example 2,FFKM,TFE/PMVE copolymer (67/33 mol%),peroxide,100,0.0,0.0,0,0.0,0.0,0.0,0.0,15.0,2.0,1.0,0.0,0.0,0.0,0.0,polyimide UIP-S pulverized (~5 m2/g) 15; Perhexa 25B 1; TAIC 2,80.0,16.67,160.0,12.75,,,0.2,"high-density F radical (NF3/Ar 1/1 SLM, 5 torr, ASTRON generator), 200C, 2 h",M100 and tensile in kg/cm2 (x0.0980665 -> MPa),"Formulation from text (polymer/Perhexa 25B/TAIC/filler = 100/1/2/15); props Table 5, F-radical Table 4. O3 water exposure weight loss 2.9%. No compression set reported. Cure: press 160C x 10 min + oven 180C x 4 h.",batch_daikin
US8173727B2,patent,"Daikin Industries, Ltd.",Crosslinkable elastomer composition and molded article using the same,https://patents.google.com/patent/US8173727B2/en,Example 3,FFKM,TFE/PMVE copolymer (67/33 mol%),peroxide,100,0.0,0.0,0,0.0,0.0,0.0,0.0,15.0,2.0,1.0,0.0,0.0,0.0,0.0,polyimide UIP-S pulverized (~10 m2/g) 15; Perhexa 25B 1; TAIC 2,81.0,18.14,140.0,15.2,,,0.2,"high-density F radical (NF3/Ar 1/1 SLM, 5 torr, ASTRON generator), 200C, 2 h",M100 and tensile in kg/cm2 (x0.0980665 -> MPa),"Formulation from text (polymer/Perhexa 25B/TAIC/filler = 100/1/2/15); props Table 5, F-radical Table 4. O3 water exposure weight loss 2.8%. No compression set reported. Cure: press 160C x 10 min + oven 180C x 4 h.",batch_daikin
US8173727B2,patent,"Daikin Industries, Ltd.",Crosslinkable elastomer composition and molded article using the same,https://patents.google.com/patent/US8173727B2/en,Example 4,FFKM,TFE/PMVE copolymer (67/33 mol%),peroxide,100,0.0,0.0,0,0.0,0.0,0.0,0.0,15.0,2.0,1.0,0.0,0.0,0.0,0.0,polyimide UIP-S pulverized (~15 m2/g) 15; Perhexa 25B 1; TAIC 2,81.0,19.12,120.0,16.18,,,0.2,"high-density F radical (NF3/Ar 1/1 SLM, 5 torr, ASTRON generator), 200C, 2 h",M100 and tensile in kg/cm2 (x0.0980665 -> MPa),"Formulation from text (polymer/Perhexa 25B/TAIC/filler = 100/1/2/15); props Table 5, F-radical Table 4. O3 water exposure weight loss 2.7%. No compression set reported. Cure: press 160C x 10 min + oven 180C x 4 h.",batch_daikin
US8173727B2,patent,"Daikin Industries, Ltd.",Crosslinkable elastomer composition and molded article using the same,https://patents.google.com/patent/US8173727B2/en,Example 5,FFKM,TFE/PMVE copolymer (67/33 mol%),peroxide,100,0.0,0.0,0,0.0,0.0,0.0,0.0,15.0,2.0,1.0,0.0,0.0,0.0,0.0,"polyimide UIP-S not pulverized (~0.6 m2/g, 7 um) 15; Perhexa 25B 1; TAIC 2",79.0,10.79,190.0,5.88,,,0.2,"high-density F radical (NF3/Ar 1/1 SLM, 5 torr, ASTRON generator), 200C, 2 h",M100 and tensile in kg/cm2 (x0.0980665 -> MPa),"Formulation from text (polymer/Perhexa 25B/TAIC/filler = 100/1/2/15); props Table 5, F-radical Table 4. O3 water exposure weight loss 2.8%. No compression set reported. Cure: press 160C x 10 min + oven 180C x 4 h.",batch_daikin
US8173727B2,patent,"Daikin Industries, Ltd.",Crosslinkable elastomer composition and molded article using the same,https://patents.google.com/patent/US8173727B2/en,Example 6,FFKM,TFE/PMVE copolymer (67/33 mol%),peroxide,100,0.0,0.0,15,0.0,0.0,0.0,0.0,0.0,2.0,1.0,0.0,0.0,0.0,0.0,theta-alumina AKP-G008 15; Perhexa 25B 1; TAIC 2,75.0,23.54,160.0,9.81,,,6.9,"high-density F radical (NF3/Ar 1/1 SLM, 5 torr, ASTRON generator), 200C, 2 h",M100 and tensile in kg/cm2 (x0.0980665 -> MPa),"Formulation from text (polymer/Perhexa 25B/TAIC/filler = 100/1/2/15); props Table 5, F-radical Table 4. O3 water exposure weight loss 2.6%. No compression set reported. Cure: press 160C x 10 min + oven 180C x 4 h.",batch_daikin
US8173727B2,patent,"Daikin Industries, Ltd.",Crosslinkable elastomer composition and molded article using the same,https://patents.google.com/patent/US8173727B2/en,Example 7,FFKM,TFE/PMVE copolymer (67/33 mol%),peroxide,100,15.0,0.0,0,0.0,0.0,0.0,0.0,0.0,2.0,1.0,0.0,0.0,0.0,0.0,carbon black N-990 15; Perhexa 25B 1; TAIC 2,80.0,19.61,180.0,9.81,,,0.3,"high-density F radical (NF3/Ar 1/1 SLM, 5 torr, ASTRON generator), 200C, 2 h",M100 and tensile in kg/cm2 (x0.0980665 -> MPa),"Formulation from text (polymer/Perhexa 25B/TAIC/filler = 100/1/2/15); props Table 5, F-radical Table 4. O3 water exposure weight loss 14.7%. No compression set reported. Cure: press 160C x 10 min + oven 180C x 4 h.",batch_daikin
US8173727B2,patent,"Daikin Industries, Ltd.",Crosslinkable elastomer composition and molded article using the same,https://patents.google.com/patent/US8173727B2/en,Example 8,FFKM,TFE/PMVE copolymer (67/33 mol%),peroxide,100,0.0,0.0,0,0.0,0.0,0.0,0.0,0.0,1.0,2.0,0.0,0.0,0.0,0.0,no filler; Perhexa 25B 2; TAIC 1 (as stated),65.0,13.73,210.0,2.94,,,0.4,"high-density F radical (NF3/Ar 1/1 SLM, 5 torr, ASTRON generator), 200C, 2 h",M100 and tensile in kg/cm2 (x0.0980665 -> MPa),"Text: polymer, Perhexa 25B and TAIC mixed at weight ratio 100/2/1 (note Example 1 used 100/1/2); recorded as stated. Props Table 5. No compression set reported.",batch_daikin
US8173727B2,patent,"Daikin Industries, Ltd.",Crosslinkable elastomer composition and molded article using the same,https://patents.google.com/patent/US8173727B2/en,Example 9,FFKM,TFE/perfluoroalkyl vinyl ether/cyano-group monomer 59.4/40.1/0.5 mol (Daikin),nitrile_other,100,0.0,0.0,0,0.0,0.0,0.0,15.0,0.0,0.0,0.0,1.2,0.0,0.0,0.0,"AlN MAN-10 (200 nm) 15; crosslinker 6,6'-dianilino-3,3'-[2,2,2-trifluoro-1-(trifluoromethyl)ethylidene]dianiline 1.2",,14.42,335.0,2.26,42.0,"300C x 70h, AS-568A-214 O-ring (JIS K6262)",0.11,"high-density F radical (NF3/Ar 1/1 SLM, 5 torr, ASTRON generator), 200C, 2 h",M100 and tensile in kgf/cm2 (x0.0980665 -> MPa); hardness reported as IRHD (not stored),"Formulation from text; props Table 7 (hardness IRHD 69, not Shore A). F-radical weight loss at 300C 1.08%; O3 weight loss 2.7%. Cure: press 180C x 10 min + oven 290C x 18 h.",batch_daikin
US8173727B2,patent,"Daikin Industries, Ltd.",Crosslinkable elastomer composition and molded article using the same,https://patents.google.com/patent/US8173727B2/en,Example 10,FFKM,TFE/perfluoroalkyl vinyl ether/cyano-group monomer 59.4/40.1/0.5 mol (Daikin),nitrile_other,100,0.0,0.0,0,0.0,0.0,0.0,15.0,0.0,0.0,0.0,1.2,0.0,0.0,0.0,"Si3N4 SN-E10 (500 nm) 15; crosslinker 6,6'-dianilino-3,3'-[2,2,2-trifluoro-1-(trifluoromethyl)ethylidene]dianiline 1.2",,12.85,25.0,2.94,27.0,"300C x 70h, AS-568A-214 O-ring (JIS K6262)",0.2,"high-density F radical (NF3/Ar 1/1 SLM, 5 torr, ASTRON generator), 200C, 2 h",M100 and tensile in kgf/cm2 (x0.0980665 -> MPa); hardness reported as IRHD (not stored),"Formulation from text; props Table 7 (hardness IRHD 70, not Shore A). F-radical weight loss at 300C 0.4%; O3 weight loss 2.6%. Cure: press 180C x 10 min + oven 290C x 18 h. Elongation 25% as printed (inconsistent with M100 value; possible typo in source).",batch_daikin
US8173727B2,patent,"Daikin Industries, Ltd.",Crosslinkable elastomer composition and molded article using the same,https://patents.google.com/patent/US8173727B2/en,Example 11,FFKM,TFE/perfluoroalkyl vinyl ether/cyano-group monomer 59.4/40.1/0.5 mol (Daikin),nitrile_other,100,0.0,0.0,0,0.0,0.0,0.0,15.0,0.0,0.0,0.0,1.2,0.0,0.0,0.0,"SiC DU A-1 (450 nm) 15; crosslinker 6,6'-dianilino-3,3'-[2,2,2-trifluoro-1-(trifluoromethyl)ethylidene]dianiline 1.2",,14.91,288.0,2.45,32.0,"300C x 70h, AS-568A-214 O-ring (JIS K6262)",0.2,"high-density F radical (NF3/Ar 1/1 SLM, 5 torr, ASTRON generator), 200C, 2 h",M100 and tensile in kgf/cm2 (x0.0980665 -> MPa); hardness reported as IRHD (not stored),"Formulation from text; props Table 7 (hardness IRHD 67, not Shore A). F-radical weight loss at 300C 0.42%; O3 weight loss 2.6%. Cure: press 180C x 10 min + oven 290C x 18 h.",batch_daikin
US8173727B2,patent,"Daikin Industries, Ltd.",Crosslinkable elastomer composition and molded article using the same,https://patents.google.com/patent/US8173727B2/en,Example 12,FFKM,TFE/perfluoroalkyl vinyl ether/cyano-group monomer 59.4/40.1/0.5 mol (Daikin),nitrile_other,100,20.0,0.0,0,0.0,0.0,0.0,0.0,0.0,0.0,0.0,0.8,0.0,0.0,0.0,"carbon black Thermax N-990 20; crosslinker 6,6'-dianilino-3,3'-[2,2,2-trifluoro-1-(trifluoromethyl)ethylidene]dianiline 0.8",,19.52,273.0,5.0,38.0,"300C x 70h, AS-568A-214 O-ring (JIS K6262)",0.15,"high-density F radical (NF3/Ar 1/1 SLM, 5 torr, ASTRON generator), 200C, 2 h",M100 and tensile in kgf/cm2 (x0.0980665 -> MPa); hardness reported as IRHD (not stored),"Formulation from text; props Table 7 (hardness IRHD 75, not Shore A). F-radical weight loss at 300C 0.17%; O3 weight loss 4.6%. Cure: press 180C x 10 min + oven 290C x 18 h.",batch_daikin
US8173727B2,patent,"Daikin Industries, Ltd.",Crosslinkable elastomer composition and molded article using the same,https://patents.google.com/patent/US8173727B2/en,Example 13,FFKM,TFE/perfluoroalkyl vinyl ether/cyano-group monomer 59.4/40.1/0.5 mol (Daikin),nitrile_other,100,0.0,15.0,0,0.0,0.0,0.0,0.0,0.0,0.0,0.0,1.2,0.0,0.0,0.0,"SiO2 M-7D (15 nm) 15; crosslinker 6,6'-dianilino-3,3'-[2,2,2-trifluoro-1-(trifluoromethyl)ethylidene]dianiline 1.2",,13.34,275.0,4.9,,"300C x 70h, AS-568A-214 O-ring (JIS K6262)",0.23,"high-density F radical (NF3/Ar 1/1 SLM, 5 torr, ASTRON generator), 200C, 2 h",M100 and tensile in kgf/cm2 (x0.0980665 -> MPa); hardness reported as IRHD (not stored),"Formulation from text; props Table 7 (hardness IRHD 74, not Shore A). F-radical weight loss at 300C 0.51%; O3 weight loss 2.9%. Cure: press 180C x 10 min + oven 290C x 18 h.",batch_daikin
US8173727B2,patent,"Daikin Industries, Ltd.",Crosslinkable elastomer composition and molded article using the same,https://patents.google.com/patent/US8173727B2/en,Example 14,FFKM,TFE/perfluoroalkyl vinyl ether/cyano-group monomer 59.4/40.1/0.5 mol (Daikin),nitrile_other,100,0.0,0.0,15,0.0,0.0,0.0,0.0,0.0,0.0,0.0,1.2,0.0,0.0,0.0,"alpha-Al2O3 AKP-53 (200 nm) 15; crosslinker 6,6'-dianilino-3,3'-[2,2,2-trifluoro-1-(trifluoromethyl)ethylidene]dianiline 1.2",,15.79,307.0,2.26,45.0,"300C x 70h, AS-568A-214 O-ring (JIS K6262)",3.21,"high-density F radical (NF3/Ar 1/1 SLM, 5 torr, ASTRON generator), 200C, 2 h",M100 and tensile in kgf/cm2 (x0.0980665 -> MPa); hardness reported as IRHD (not stored),"Formulation from text; props Table 7 (hardness IRHD 66, not Shore A). F-radical weight loss at 300C 5.66%; O3 weight loss 2.6%. Cure: press 180C x 10 min + oven 290C x 18 h.",batch_daikin
US8211964B2,patent,"Daikin Industries, Ltd.","Curable composition, molded article obtained from same and process for production of molded article",https://patents.google.com/patent/US8211964B2/en,Example 2,FFKM,TFE/PMVE/CNVE (CF2=CFOCF2CF(CF3)OCF2CF2CN) elastomer with cyano end groups (Preparation Example 1),nitrile_triazine,100,0.0,0.0,0,0.0,0.0,0.0,0.0,0.0,0.0,0.0,0.35,0.0,0.0,0.0,Si3N4 SN-A00 (30 nm) 0.35 as sole curing catalyst,57.2,9.32,295.0,1.18,18.0,"200C x 72h, AS-568A-214 O-ring",,,M100 and Tb in kgf/cm2 (x0.0980665 -> MPa),"Table 1; AFTA-Ph = 2,2-bis[3-amino-4-(N-phenylamino)phenyl]hexafluoropropane; nitrile_curative = sum of curatives. CS 250C x 72h 18%; 300C x 72h 33%. Cure: press 180C for T90 + oven 290C x 18 h. CS per JIS K6301 on AS-568A-214 O-ring. Example 1 (Si3N4 0.20) omitted: no properties reported.",batch_daikin
US8211964B2,patent,"Daikin Industries, Ltd.","Curable composition, molded article obtained from same and process for production of molded article",https://patents.google.com/patent/US8211964B2/en,Example 3,FFKM,TFE/PMVE/CNVE (CF2=CFOCF2CF(CF3)OCF2CF2CN) elastomer with cyano end groups (Preparation Example 1),nitrile_triazine,100,0.0,0.0,0,0.0,0.0,0.0,0.0,0.0,0.0,0.0,0.4,0.0,0.0,0.0,Si3N4 SN-A00 (30 nm) 0.40 as sole curing catalyst,58.0,10.0,265.0,1.37,17.0,"200C x 72h, AS-568A-214 O-ring",,,M100 and Tb in kgf/cm2 (x0.0980665 -> MPa),"Table 1; AFTA-Ph = 2,2-bis[3-amino-4-(N-phenylamino)phenyl]hexafluoropropane; nitrile_curative = sum of curatives. CS 250C x 72h 17%; 300C x 72h 30%. Cure: press 180C for T90 + oven 290C x 18 h. CS per JIS K6301 on AS-568A-214 O-ring. Example 1 (Si3N4 0.20) omitted: no properties reported.",batch_daikin
US8211964B2,patent,"Daikin Industries, Ltd.","Curable composition, molded article obtained from same and process for production of molded article",https://patents.google.com/patent/US8211964B2/en,Example 4,FFKM,TFE/PMVE/CNVE (CF2=CFOCF2CF(CF3)OCF2CF2CN) elastomer with cyano end groups (Preparation Example 1),nitrile_triazine,100,0.0,0.0,0,0.0,0.0,0.0,20.0,0.0,0.0,0.0,0.0,0.0,0.0,0.0,Si3N4 SN-E10 pulverized (<=300 nm) 20; acts as both filler and sole curing catalyst (no separate curative),76.0,12.75,180.0,5.0,42.0,"250C x 72h, AS-568A-214 O-ring",,,M100 and Tb in kgf/cm2 (x0.0980665 -> MPa),"Table 1; AFTA-Ph = 2,2-bis[3-amino-4-(N-phenylamino)phenyl]hexafluoropropane; nitrile_curative = sum of curatives. Only 250C CS reported. Cure: press 180C for T90 + oven 290C x 18 h. CS per JIS K6301 on AS-568A-214 O-ring. Example 1 (Si3N4 0.20) omitted: no properties reported.",batch_daikin
US8211964B2,patent,"Daikin Industries, Ltd.","Curable composition, molded article obtained from same and process for production of molded article",https://patents.google.com/patent/US8211964B2/en,Example 5,FFKM,TFE/PMVE/CNVE (CF2=CFOCF2CF(CF3)OCF2CF2CN) elastomer with cyano end groups (Preparation Example 1),nitrile_triazine,100,0.0,0.0,0,0.0,0.0,0.0,20.0,0.0,0.0,0.0,0.0,0.0,0.0,0.0,AlN pulverized (Tokuyama H grade) 20; acts as both filler and sole curing catalyst (no separate curative),78.0,11.77,170.0,4.9,48.0,"250C x 72h, AS-568A-214 O-ring",,,M100 and Tb in kgf/cm2 (x0.0980665 -> MPa),"Table 1; AFTA-Ph = 2,2-bis[3-amino-4-(N-phenylamino)phenyl]hexafluoropropane; nitrile_curative = sum of curatives. Only 250C CS reported. Cure: press 180C for T90 + oven 290C x 18 h. CS per JIS K6301 on AS-568A-214 O-ring. Example 1 (Si3N4 0.20) omitted: no properties reported.",batch_daikin
US8211964B2,patent,"Daikin Industries, Ltd.","Curable composition, molded article obtained from same and process for production of molded article",https://patents.google.com/patent/US8211964B2/en,Example 6,FFKM,TFE/PMVE/CNVE (CF2=CFOCF2CF(CF3)OCF2CF2CN) elastomer with cyano end groups (Preparation Example 1),nitrile_other,100,0.0,0.0,0,0.0,0.0,0.0,0.0,15.0,0.0,0.0,1.3,0.0,0.0,0.0,AFTA-Ph 1.2 + Si3N4 SN-A00 (30 nm) 0.1; polyimide UIP-S 15,73.0,13.04,234.0,5.2,24.0,"300C x 72h, AS-568A-214 O-ring",,,M100 and Tb in kgf/cm2 (x0.0980665 -> MPa),"Table 2; AFTA-Ph = 2,2-bis[3-amino-4-(N-phenylamino)phenyl]hexafluoropropane; nitrile_curative = sum of curatives. CS 275C x 72h 10%, 275C x 168h 14%, 300C x 168h 35%. Cure: press 180C for T90 + oven 290C x 18 h. CS per JIS K6301 on AS-568A-214 O-ring. Example 1 (Si3N4 0.20) omitted: no properties reported.",batch_daikin
US8211964B2,patent,"Daikin Industries, Ltd.","Curable composition, molded article obtained from same and process for production of molded article",https://patents.google.com/patent/US8211964B2/en,Comparative Example 1,FFKM,TFE/PMVE/CNVE (CF2=CFOCF2CF(CF3)OCF2CF2CN) elastomer with cyano end groups (Preparation Example 1),nitrile_other,100,0.0,0.0,0,0.0,0.0,0.0,0.0,15.0,0.0,0.0,1.2,0.0,0.0,0.0,AFTA-Ph 1.2; polyimide UIP-S 15,73.0,12.85,256.0,4.9,31.0,"300C x 72h, AS-568A-214 O-ring",,,M100 and Tb in kgf/cm2 (x0.0980665 -> MPa),"Table 2; AFTA-Ph = 2,2-bis[3-amino-4-(N-phenylamino)phenyl]hexafluoropropane; nitrile_curative = sum of curatives. CS 275C x 72h 18%, 275C x 168h 26%, 300C x 168h 44%. Cure: press 180C for T90 + oven 290C x 18 h. CS per JIS K6301 on AS-568A-214 O-ring. Example 1 (Si3N4 0.20) omitted: no properties reported.",batch_daikin
US8211964B2,patent,"Daikin Industries, Ltd.","Curable composition, molded article obtained from same and process for production of molded article",https://patents.google.com/patent/US8211964B2/en,Example 7,FFKM,TFE/PMVE/CNVE (CF2=CFOCF2CF(CF3)OCF2CF2CN) elastomer with cyano end groups (Preparation Example 1),nitrile_other,100,0.0,10.0,0,0.0,0.0,0.0,0.0,0.0,0.0,0.0,1.3,0.0,0.0,0.0,AFTA-Ph 1.2 + Si3N4 SN-A00 (30 nm) 0.1; SiO2 M-7D 10,77.0,17.65,310.0,5.0,53.0,"300C x 72h, AS-568A-214 O-ring",,,M100 and Tb in kgf/cm2 (x0.0980665 -> MPa),"Table 2; AFTA-Ph = 2,2-bis[3-amino-4-(N-phenylamino)phenyl]hexafluoropropane; nitrile_curative = sum of curatives. CS 275C x 72h 43%, 275C x 168h 50%, 300C x 168h 71%. Cure: press 180C for T90 + oven 290C x 18 h. CS per JIS K6301 on AS-568A-214 O-ring. Example 1 (Si3N4 0.20) omitted: no properties reported.",batch_daikin
US8211964B2,patent,"Daikin Industries, Ltd.","Curable composition, molded article obtained from same and process for production of molded article",https://patents.google.com/patent/US8211964B2/en,Comparative Example 2,FFKM,TFE/PMVE/CNVE (CF2=CFOCF2CF(CF3)OCF2CF2CN) elastomer with cyano end groups (Preparation Example 1),nitrile_other,100,0.0,10.0,0,0.0,0.0,0.0,0.0,0.0,0.0,0.0,1.2,0.0,0.0,0.0,AFTA-Ph 1.2; SiO2 M-7D 10,75.0,17.06,288.0,5.1,72.0,"300C x 72h, AS-568A-214 O-ring",,,M100 and Tb in kgf/cm2 (x0.0980665 -> MPa),"Table 2; AFTA-Ph = 2,2-bis[3-amino-4-(N-phenylamino)phenyl]hexafluoropropane; nitrile_curative = sum of curatives. CS 275C x 72h 58%, 275C x 168h 67%, 300C x 168h 88%. Cure: press 180C for T90 + oven 290C x 18 h. CS per JIS K6301 on AS-568A-214 O-ring. Example 1 (Si3N4 0.20) omitted: no properties reported.",batch_daikin
US8211964B2,patent,"Daikin Industries, Ltd.","Curable composition, molded article obtained from same and process for production of molded article",https://patents.google.com/patent/US8211964B2/en,Example 8,FFKM,TFE/PMVE/CNVE (CF2=CFOCF2CF(CF3)OCF2CF2CN) elastomer with cyano end groups (Preparation Example 1),nitrile_other,100,20.0,0.0,0,0.0,0.0,0.0,5.0,0.0,0.0,0.0,1.0,0.0,0.0,0.0,"AFTA-Ph 1.0; Si3N4 SN-E10 (<=300 nm) 5 (curing accelerator, counted as inorganic filler); carbon Thermax N990 20",83.0,18.63,205.0,6.37,32.0,"300C x 72h, AS-568A-214 O-ring",,,M100 and Tb in kgf/cm2 (x0.0980665 -> MPa),"Table 2; AFTA-Ph = 2,2-bis[3-amino-4-(N-phenylamino)phenyl]hexafluoropropane; nitrile_curative = sum of curatives. CS 275C x 72h 22%, 275C x 168h 25%, 300C x 168h 39%. Cure: press 180C for T90 + oven 290C x 18 h. CS per JIS K6301 on AS-568A-214 O-ring. Example 1 (Si3N4 0.20) omitted: no properties reported.",batch_daikin
US8211964B2,patent,"Daikin Industries, Ltd.","Curable composition, molded article obtained from same and process for production of molded article",https://patents.google.com/patent/US8211964B2/en,Comparative Example 3,FFKM,TFE/PMVE/CNVE (CF2=CFOCF2CF(CF3)OCF2CF2CN) elastomer with cyano end groups (Preparation Example 1),nitrile_other,100,20.0,0.0,0,0.0,0.0,0.0,0.0,0.0,0.0,0.0,1.0,0.0,0.0,0.0,AFTA-Ph 1.0; carbon Thermax N990 20,73.0,22.56,200.0,5.88,30.0,"300C x 72h, AS-568A-214 O-ring",,,M100 and Tb in kgf/cm2 (x0.0980665 -> MPa),"Table 2; AFTA-Ph = 2,2-bis[3-amino-4-(N-phenylamino)phenyl]hexafluoropropane; nitrile_curative = sum of curatives. CS 275C x 72h 22%, 275C x 168h 25%, 300C x 168h 38%. Cure: press 180C for T90 + oven 290C x 18 h. CS per JIS K6301 on AS-568A-214 O-ring. Example 1 (Si3N4 0.20) omitted: no properties reported.",batch_daikin
US11753523B2,patent,"Daikin Industries, Ltd.",Crosslinkable elastomer composition and fluororubber molded article,https://patents.google.com/patent/US11753523B2/en,Example 1,FFKM,TFE/PMVE/CNVE 59.4/40.1/0.5 mol,nitrile_other,100,0.0,0.0,0,0.0,0.0,0.0,10.0,0.0,0.0,0.0,0.9,0.0,0.0,0.0,"surface-oxidized SiC (NM-SiC 30 nm heat-treated 800C x 1 h in air) 10; NphAF 0.9 (2,2-bis[3-amino-4-(N-phenylamino)phenyl]hexafluoropropane)",72.0,,,,33.0,"300C x 70h, AS-568A-214 O-ring (JIS K6262)",1.9,"O2 plasma, ICP RIE-101iPH, 16 sccm, 400 W, 2.66 Pa, 30 min, 100C, P-24 O-ring","as reported (Shore A, %)",Table 1 (US11753523B2). CS 300C x 168h: n/r%. NF3 plasma weight loss: 1.79%. Cure: press 180C x 30 min + oven (200-)290C x 18 h.,batch_daikin
US11753523B2,patent,"Daikin Industries, Ltd.",Crosslinkable elastomer composition and fluororubber molded article,https://patents.google.com/patent/US11753523B2/en,Example 2,FFKM,TFE/PMVE/CNVE 59.4/40.1/0.5 mol,nitrile_triazine,100,0.0,0.0,0,0.0,0.0,0.0,10.0,0.0,0.0,0.0,0.4,0.0,0.0,0.0,surface-oxidized SiC (NM-SiC 30 nm heat-treated 800C x 1 h in air) 10; Si3N4 (0.03 um) 0.4 (triazine-cure catalyst),71.0,,,,33.0,"300C x 70h, AS-568A-214 O-ring (JIS K6262)",1.89,"O2 plasma, ICP RIE-101iPH, 16 sccm, 400 W, 2.66 Pa, 30 min, 100C, P-24 O-ring","as reported (Shore A, %)",Table 1 (US11753523B2). CS 300C x 168h: n/r%. NF3 plasma weight loss: 1.78%. Cure: press 180C x 30 min + oven (200-)290C x 18 h.,batch_daikin
US11753523B2,patent,"Daikin Industries, Ltd.",Crosslinkable elastomer composition and fluororubber molded article,https://patents.google.com/patent/US11753523B2/en,Example 3,FFKM,TFE/PMVE/CNVE 59.4/40.1/0.5 mol,nitrile_other,100,0.0,0.0,0,0.0,0.0,0.0,15.0,0.0,0.0,0.0,0.9,0.0,0.0,0.0,"surface-oxidized SiC (NM-SiC 30 nm heat-treated 800C x 1 h in air) 15; NphAF 0.9 (2,2-bis[3-amino-4-(N-phenylamino)phenyl]hexafluoropropane)",75.0,,,,42.0,"300C x 70h, AS-568A-214 O-ring (JIS K6262)",1.42,"O2 plasma, ICP RIE-101iPH, 16 sccm, 400 W, 2.66 Pa, 30 min, 100C, P-24 O-ring","as reported (Shore A, %)",Table 1 (US11753523B2). CS 300C x 168h: 58%. NF3 plasma weight loss: 1.34%. Cure: press 180C x 30 min + oven (200-)290C x 18 h.,batch_daikin
US11753523B2,patent,"Daikin Industries, Ltd.",Crosslinkable elastomer composition and fluororubber molded article,https://patents.google.com/patent/US11753523B2/en,Example 4,FFKM,TFE/PMVE/CNVE 59.4/40.1/0.5 mol,nitrile_triazine,100,0.0,0.0,0,0.0,0.0,0.0,15.0,0.0,0.0,0.0,0.4,0.0,0.0,0.0,surface-oxidized SiC (NM-SiC 30 nm heat-treated 800C x 1 h in air) 15; Si3N4 (0.03 um) 0.4 (triazine-cure catalyst),75.0,,,,36.0,"300C x 70h, AS-568A-214 O-ring (JIS K6262)",1.4,"O2 plasma, ICP RIE-101iPH, 16 sccm, 400 W, 2.66 Pa, 30 min, 100C, P-24 O-ring","as reported (Shore A, %)",Table 1 (US11753523B2). CS 300C x 168h: 46%. NF3 plasma weight loss: 1.43%. Cure: press 180C x 30 min + oven (200-)290C x 18 h.,batch_daikin
US11753523B2,patent,"Daikin Industries, Ltd.",Crosslinkable elastomer composition and fluororubber molded article,https://patents.google.com/patent/US11753523B2/en,Example 5,FFKM,TFE/PMVE/CNVE 59.4/40.1/0.5 mol,nitrile_triazine,100,0.0,0.0,0,0.0,0.0,0.0,20.0,0.0,0.0,0.0,0.4,0.0,0.0,0.0,surface-oxidized SiC (NM-SiC 30 nm heat-treated 800C x 1 h in air) 20; Si3N4 (0.03 um) 0.4 (triazine-cure catalyst),80.0,,,,47.0,"300C x 70h, AS-568A-214 O-ring (JIS K6262)",0.98,"O2 plasma, ICP RIE-101iPH, 16 sccm, 400 W, 2.66 Pa, 30 min, 100C, P-24 O-ring","as reported (Shore A, %)",Table 1 (US11753523B2). CS 300C x 168h: n/r%. NF3 plasma weight loss: 1.39%. Cure: press 180C x 30 min + oven (200-)290C x 18 h.,batch_daikin
US11753523B2,patent,"Daikin Industries, Ltd.",Crosslinkable elastomer composition and fluororubber molded article,https://patents.google.com/patent/US11753523B2/en,Comparative Example 1,FFKM,TFE/PMVE/CNVE 59.4/40.1/0.5 mol,nitrile_other,100,0.0,0.0,0,0.0,0.0,0.0,10.0,0.0,0.0,0.0,0.9,0.0,0.0,0.0,"SiC (0.03 um, untreated) 10; NphAF 0.9 (2,2-bis[3-amino-4-(N-phenylamino)phenyl]hexafluoropropane)",72.0,,,,43.0,"300C x 70h, AS-568A-214 O-ring (JIS K6262)",1.92,"O2 plasma, ICP RIE-101iPH, 16 sccm, 400 W, 2.66 Pa, 30 min, 100C, P-24 O-ring","as reported (Shore A, %)",Table 1 (US11753523B2). Filler row assignment confirmed with the same table in continuation US12286523B2. CS 300C x 168h: n/r%. NF3 plasma weight loss: 1.82%. Cure: press 180C x 30 min + oven (200-)290C x 18 h.,batch_daikin
US11753523B2,patent,"Daikin Industries, Ltd.",Crosslinkable elastomer composition and fluororubber molded article,https://patents.google.com/patent/US11753523B2/en,Comparative Example 2,FFKM,TFE/PMVE/CNVE 59.4/40.1/0.5 mol,nitrile_triazine,100,0.0,0.0,0,0.0,0.0,0.0,10.0,0.0,0.0,0.0,0.4,0.0,0.0,0.0,"SiC (0.03 um, untreated) 10; Si3N4 (0.03 um) 0.4 (triazine-cure catalyst)",71.0,,,,59.0,"300C x 70h, AS-568A-214 O-ring (JIS K6262)",1.93,"O2 plasma, ICP RIE-101iPH, 16 sccm, 400 W, 2.66 Pa, 30 min, 100C, P-24 O-ring","as reported (Shore A, %)",Table 1 (US11753523B2). Filler row assignment confirmed with the same table in continuation US12286523B2. CS 300C x 168h: n/r%. NF3 plasma weight loss: 1.78%. Cure: press 180C x 30 min + oven (200-)290C x 18 h.,batch_daikin
US11753523B2,patent,"Daikin Industries, Ltd.",Crosslinkable elastomer composition and fluororubber molded article,https://patents.google.com/patent/US11753523B2/en,Comparative Example 3,FFKM,TFE/PMVE/CNVE 59.4/40.1/0.5 mol,nitrile_other,100,0.0,0.0,0,0.0,0.0,0.0,15.0,0.0,0.0,0.0,0.9,0.0,0.0,0.0,"SiC (0.03 um, untreated) 15; NphAF 0.9 (2,2-bis[3-amino-4-(N-phenylamino)phenyl]hexafluoropropane)",75.0,,,,55.0,"300C x 70h, AS-568A-214 O-ring (JIS K6262)",1.51,"O2 plasma, ICP RIE-101iPH, 16 sccm, 400 W, 2.66 Pa, 30 min, 100C, P-24 O-ring","as reported (Shore A, %)",Table 1 (US11753523B2). Filler row assignment confirmed with the same table in continuation US12286523B2. CS 300C x 168h: 75%. NF3 plasma weight loss: 1.42%. Cure: press 180C x 30 min + oven (200-)290C x 18 h.,batch_daikin
US11753523B2,patent,"Daikin Industries, Ltd.",Crosslinkable elastomer composition and fluororubber molded article,https://patents.google.com/patent/US11753523B2/en,Comparative Example 4,FFKM,TFE/PMVE/CNVE 59.4/40.1/0.5 mol,nitrile_triazine,100,0.0,0.0,0,0.0,0.0,0.0,15.0,0.0,0.0,0.0,0.4,0.0,0.0,0.0,"SiC (0.03 um, untreated) 15; Si3N4 (0.03 um) 0.4 (triazine-cure catalyst)",75.0,,,,67.0,"300C x 70h, AS-568A-214 O-ring (JIS K6262)",1.54,"O2 plasma, ICP RIE-101iPH, 16 sccm, 400 W, 2.66 Pa, 30 min, 100C, P-24 O-ring","as reported (Shore A, %)",Table 1 (US11753523B2). Filler row assignment confirmed with the same table in continuation US12286523B2. CS 300C x 168h: 83%. NF3 plasma weight loss: 1.44%. Cure: press 180C x 30 min + oven (200-)290C x 18 h.,batch_daikin
US11753523B2,patent,"Daikin Industries, Ltd.",Crosslinkable elastomer composition and fluororubber molded article,https://patents.google.com/patent/US11753523B2/en,Comparative Example 5,FFKM,TFE/PMVE/CNVE 59.4/40.1/0.5 mol,nitrile_triazine,100,0.0,0.0,0,0.0,0.0,0.0,20.0,0.0,0.0,0.0,0.4,0.0,0.0,0.0,"SiC (0.03 um, untreated) 20; Si3N4 (0.03 um) 0.4 (triazine-cure catalyst)",80.0,,,,84.0,"300C x 70h, AS-568A-214 O-ring (JIS K6262)",1.15,"O2 plasma, ICP RIE-101iPH, 16 sccm, 400 W, 2.66 Pa, 30 min, 100C, P-24 O-ring","as reported (Shore A, %)",Table 1 (US11753523B2). Filler row assignment confirmed with the same table in continuation US12286523B2. CS 300C x 168h: n/r%. NF3 plasma weight loss: 1.39%. Cure: press 180C x 30 min + oven (200-)290C x 18 h.,batch_daikin
US11753523B2,patent,"Daikin Industries, Ltd.",Crosslinkable elastomer composition and fluororubber molded article,https://patents.google.com/patent/US11753523B2/en,Comparative Example 6,FFKM,TFE/PMVE/CNVE 59.4/40.1/0.5 mol,nitrile_other,100,0.0,0.0,0,0.0,0.0,0.0,15.0,0.0,0.0,0.0,0.9,0.0,0.0,0.0,"SiC (0.13 um, untreated) 15; NphAF 0.9 (2,2-bis[3-amino-4-(N-phenylamino)phenyl]hexafluoropropane)",74.0,,,,38.0,"300C x 70h, AS-568A-214 O-ring (JIS K6262)",1.71,"O2 plasma, ICP RIE-101iPH, 16 sccm, 400 W, 2.66 Pa, 30 min, 100C, P-24 O-ring","as reported (Shore A, %)",Table 1 (US11753523B2). Filler row assignment confirmed with the same table in continuation US12286523B2. CS 300C x 168h: n/r%. NF3 plasma weight loss: 1.62%. Cure: press 180C x 30 min + oven (200-)290C x 18 h.,batch_daikin
US11753523B2,patent,"Daikin Industries, Ltd.",Crosslinkable elastomer composition and fluororubber molded article,https://patents.google.com/patent/US11753523B2/en,Comparative Example 7,FFKM,TFE/PMVE/CNVE 59.4/40.1/0.5 mol,nitrile_other,100,0.0,15.0,0,0.0,0.0,0.0,0.0,0.0,0.0,0.0,0.9,0.0,0.0,0.0,"silicon oxide Aerosil 50 (0.03 um) 15; NphAF 0.9 (2,2-bis[3-amino-4-(N-phenylamino)phenyl]hexafluoropropane)",74.0,,,,70.0,"300C x 70h, AS-568A-214 O-ring (JIS K6262)",,,"as reported (Shore A, %)",Table 1 (US11753523B2). Filler type from text (CE7 = Aerosil 50; CE8/9 = RX50); amount 15 from table row. CS 300C x 168h: 85%. NF3 plasma weight loss: n/r%. Cure: press 180C x 30 min + oven (200-)290C x 18 h.,batch_daikin
US11753523B2,patent,"Daikin Industries, Ltd.",Crosslinkable elastomer composition and fluororubber molded article,https://patents.google.com/patent/US11753523B2/en,Comparative Example 8,FFKM,TFE/PMVE/CNVE 59.4/40.1/0.5 mol,nitrile_other,100,0.0,15.0,0,0.0,0.0,0.0,0.0,0.0,0.0,0.0,0.9,0.0,0.0,0.0,"surface-treated silicon oxide Aerosil RX50 (0.03 um) 15; NphAF 0.9 (2,2-bis[3-amino-4-(N-phenylamino)phenyl]hexafluoropropane)",75.0,,,,37.0,"300C x 70h, AS-568A-214 O-ring (JIS K6262)",1.4,"O2 plasma, ICP RIE-101iPH, 16 sccm, 400 W, 2.66 Pa, 30 min, 100C, P-24 O-ring","as reported (Shore A, %)",Table 1 (US11753523B2). Filler type from text (CE7 = Aerosil 50; CE8/9 = RX50); amount 15 from table row. CS 300C x 168h: 54%. NF3 plasma weight loss: 2.1%. Cure: press 180C x 30 min + oven (200-)290C x 18 h.,batch_daikin
US11753523B2,patent,"Daikin Industries, Ltd.",Crosslinkable elastomer composition and fluororubber molded article,https://patents.google.com/patent/US11753523B2/en,Comparative Example 9,FFKM,TFE/PMVE/CNVE 59.4/40.1/0.5 mol,nitrile_triazine,100,0.0,15.0,0,0.0,0.0,0.0,0.0,0.0,0.0,0.0,0.4,0.0,0.0,0.0,surface-treated silicon oxide Aerosil RX50 (0.03 um) 15; Si3N4 (0.03 um) 0.4 (triazine-cure catalyst),75.0,,,,33.0,"300C x 70h, AS-568A-214 O-ring (JIS K6262)",1.38,"O2 plasma, ICP RIE-101iPH, 16 sccm, 400 W, 2.66 Pa, 30 min, 100C, P-24 O-ring","as reported (Shore A, %)",Table 1 (US11753523B2). Filler type from text (CE7 = Aerosil 50; CE8/9 = RX50); amount 15 from table row. CS 300C x 168h: 46%. NF3 plasma weight loss: 2.17%. Cure: press 180C x 30 min + oven (200-)290C x 18 h.,batch_daikin
US11753523B2,patent,"Daikin Industries, Ltd.",Crosslinkable elastomer composition and fluororubber molded article,https://patents.google.com/patent/US11753523B2/en,Comparative Example 10,FFKM,TFE/PMVE/CNVE 59.4/40.1/0.5 mol,nitrile_other,100,0.0,0.0,0,0.0,0.0,0.0,0.0,0.0,0.0,0.0,0.9,0.0,0.0,0.0,"no filler; NphAF 0.9 (2,2-bis[3-amino-4-(N-phenylamino)phenyl]hexafluoropropane)",60.0,,,,34.0,"300C x 70h, AS-568A-214 O-ring (JIS K6262)",3.01,"O2 plasma, ICP RIE-101iPH, 16 sccm, 400 W, 2.66 Pa, 30 min, 100C, P-24 O-ring","as reported (Shore A, %)",Table 1 (US11753523B2). No filler amount listed in table for CE10 (blank). CS 300C x 168h: 45%. NF3 plasma weight loss: 2.73%. Cure: press 180C x 30 min + oven (200-)290C x 18 h.,batch_daikin
US11072700B2,patent,"Daikin Industries, Ltd.",Composition comprising fluoropolymer and molded article,https://patents.google.com/patent/US11072700B2/en,Example 1,FFKM,TFE/PMVE/cyano-group monomer 59.4/40.1/0.5 mol (Daikin),nitrile_triazine,100,0.0,0.0,0,0.0,0.0,0.0,0.0,0.0,0.0,0.0,1.0,0.0,0.0,0.0,"composite particles (Si3N4 30 nm dispersed in polystyrene, Prep. Ex. 1) 1.0",58.0,14.5,320.0,1.2,,,,,MPa; hardness Shore A peak,"Formulation from text; props Table 2 (2 mm sheet, JIS K6251). Hardness after 3 s: 52. nitrile_curative = composite particles and/or Si3N4 plus diamine crosslinker (sum). Cure: press 180C x 30 min + oven 200C x 12 h, 250C x 3 h, 290C x 3 h. No compression set reported.",batch_daikin
US11072700B2,patent,"Daikin Industries, Ltd.",Composition comprising fluoropolymer and molded article,https://patents.google.com/patent/US11072700B2/en,Example 2,FFKM,TFE/PMVE/cyano-group monomer 59.4/40.1/0.5 mol (Daikin),nitrile_other,100,0.0,0.0,0,0.0,0.0,0.0,0.0,0.0,0.0,0.0,1.8,0.0,0.0,0.0,"composite particles (Si3N4/polystyrene) 1.0 + bis-diamine crosslinker 4,4'-[2,2,2-trifluoro-1-(trifluoromethyl)ethylidene]bis[N1-phenyl-1,2-benzenediamine] 0.8",60.0,14.4,290.0,1.4,,,,,MPa; hardness Shore A peak,"Formulation from text; props Table 2 (2 mm sheet, JIS K6251). Hardness after 3 s: 53. nitrile_curative = composite particles and/or Si3N4 plus diamine crosslinker (sum). Cure: press 180C x 30 min + oven 200C x 12 h, 250C x 3 h, 290C x 3 h. No compression set reported.",batch_daikin
US11072700B2,patent,"Daikin Industries, Ltd.",Composition comprising fluoropolymer and molded article,https://patents.google.com/patent/US11072700B2/en,Comparative Example 1,FFKM,TFE/PMVE/cyano-group monomer 59.4/40.1/0.5 mol (Daikin),nitrile_triazine,100,0.0,0.0,0,0.0,0.0,0.0,0.0,0.0,0.0,0.0,0.25,0.0,0.0,0.0,Si3N4 SN-A00 (30 nm) 0.25,58.0,13.5,300.0,1.2,,,,,MPa; hardness Shore A peak,"Formulation from text; props Table 2 (2 mm sheet, JIS K6251). Hardness after 3 s: 53. nitrile_curative = composite particles and/or Si3N4 plus diamine crosslinker (sum). Cure: press 180C x 30 min + oven 200C x 12 h, 250C x 3 h, 290C x 3 h. No compression set reported.",batch_daikin
US11072700B2,patent,"Daikin Industries, Ltd.",Composition comprising fluoropolymer and molded article,https://patents.google.com/patent/US11072700B2/en,Comparative Example 2,FFKM,TFE/PMVE/cyano-group monomer 59.4/40.1/0.5 mol (Daikin),nitrile_other,100,0.0,0.0,0,0.0,0.0,0.0,0.0,0.0,0.0,0.0,1.05,0.0,0.0,0.0,"Si3N4 SN-A00 0.25 + bis-diamine crosslinker 4,4'-[2,2,2-trifluoro-1-(trifluoromethyl)ethylidene]bis[N1-phenyl-1,2-benzenediamine] 0.8",60.0,10.4,270.0,1.3,,,,,MPa; hardness Shore A peak,"Formulation from text; props Table 2 (2 mm sheet, JIS K6251). Hardness after 3 s: 53. nitrile_curative = composite particles and/or Si3N4 plus diamine crosslinker (sum). Cure: press 180C x 30 min + oven 200C x 12 h, 250C x 3 h, 290C x 3 h. No compression set reported.",batch_daikin
US11072700B2,patent,"Daikin Industries, Ltd.",Composition comprising fluoropolymer and molded article,https://patents.google.com/patent/US11072700B2/en,Example 3,FFKM,TFE/PMVE/cyano-group monomer 59.4/40.1/0.5 mol (Daikin),nitrile_triazine,100,23.0,0.0,0,0.0,0.0,0.0,0.0,0.0,0.0,0.0,0.5,0.0,0.0,0.0,"composite particles (Si3N4 30 nm in PMMA, Prep. Ex. 2) 0.5; carbon Thermax N990 23",74.0,18.9,185.0,7.0,,,,,MPa; hardness Shore A peak,"Formulation from text; props Table 4 (2 mm sheet, JIS K6251). Hardness after 3 s: 67. nitrile_curative = composite particles and/or Si3N4 plus diamine crosslinker (sum). Cure: press 180C x 30 min + oven 200C x 12 h, 250C x 3 h, 290C x 3 h. No compression set reported.",batch_daikin
US11072700B2,patent,"Daikin Industries, Ltd.",Composition comprising fluoropolymer and molded article,https://patents.google.com/patent/US11072700B2/en,Comparative Example 3,FFKM,TFE/PMVE/cyano-group monomer 59.4/40.1/0.5 mol (Daikin),nitrile_triazine,100,23.0,0.0,0,0.0,0.0,0.0,0.0,0.0,0.0,0.0,0.25,0.0,0.0,0.0,Si3N4 SN-A00 0.25; carbon Thermax N990 23,74.0,19.9,180.0,7.4,,,,,MPa; hardness Shore A peak,"Formulation from text; props Table 4 (2 mm sheet, JIS K6251). Hardness after 3 s: 68. nitrile_curative = composite particles and/or Si3N4 plus diamine crosslinker (sum). Cure: press 180C x 30 min + oven 200C x 12 h, 250C x 3 h, 290C x 3 h. No compression set reported.",batch_daikin
US12091537B2,patent,"Daikin Industries, Ltd.",Composition and molded article containing fluorine-containing polymer,https://patents.google.com/patent/US12091537B2/en,Example 1,FFKM,TFE/PMVE/cyano-group monomer 59.4/40.1/0.5 mol,nitrile_other,100,23.0,0.0,0,0.0,0.0,0.0,0.0,0.0,0.0,0.0,1.3,0.0,0.0,0.0,"composite particle Prep. Ex. 1 (Si3N4 in MMA/methacrylic acid polymer, MMA 38.8 ml/MAA 3.5 ml, Si3N4 62 wt%) 0.5; bis-diamine crosslinker 4,4'-[2,2,2-trifluoro-1-(trifluoromethyl)ethylidene]bis[N1-phenyl-1,2-benzenediamine] 0.8; carbon black (0.3 um) 23",79.0,19.6,190.0,8.4,,,,,MPa; hardness Shore A peak,"Formulation from text; props Table 3 (2 mm sheet, JIS K6251). nitrile_curative = composite particle (or Si3N4) + diamine crosslinker 0.8 (sum). Cure: press 180C x 30 min + oven 200C x 12 h, 250C x 3 h, 290C x 3 h. No compression set reported.",batch_daikin
US12091537B2,patent,"Daikin Industries, Ltd.",Composition and molded article containing fluorine-containing polymer,https://patents.google.com/patent/US12091537B2/en,Example 2,FFKM,TFE/PMVE/cyano-group monomer 59.4/40.1/0.5 mol,nitrile_other,100,23.0,0.0,0,0.0,0.0,0.0,0.0,0.0,0.0,0.0,1.3,0.0,0.0,0.0,"composite particle Prep. Ex. 2 (MMA 31.1 ml/MAA 10.7 ml, Si3N4 58 wt%) 0.5; bis-diamine crosslinker 4,4'-[2,2,2-trifluoro-1-(trifluoromethyl)ethylidene]bis[N1-phenyl-1,2-benzenediamine] 0.8; carbon black (0.3 um) 23",78.0,19.1,210.0,8.5,,,,,MPa; hardness Shore A peak,"Formulation from text; props Table 3 (2 mm sheet, JIS K6251). nitrile_curative = composite particle (or Si3N4) + diamine crosslinker 0.8 (sum). Cure: press 180C x 30 min + oven 200C x 12 h, 250C x 3 h, 290C x 3 h. No compression set reported.",batch_daikin
US12091537B2,patent,"Daikin Industries, Ltd.",Composition and molded article containing fluorine-containing polymer,https://patents.google.com/patent/US12091537B2/en,Example 3,FFKM,TFE/PMVE/cyano-group monomer 59.4/40.1/0.5 mol,nitrile_other,100,23.0,0.0,0,0.0,0.0,0.0,0.0,0.0,0.0,0.0,1.3,0.0,0.0,0.0,"composite particle Prep. Ex. 3 (MMA 21.6 ml/MAA 17.3 ml, Si3N4 60 wt%) 0.5; bis-diamine crosslinker 4,4'-[2,2,2-trifluoro-1-(trifluoromethyl)ethylidene]bis[N1-phenyl-1,2-benzenediamine] 0.8; carbon black (0.3 um) 23",79.0,19.3,190.0,9.0,,,,,MPa; hardness Shore A peak,"Formulation from text; props Table 3 (2 mm sheet, JIS K6251). nitrile_curative = composite particle (or Si3N4) + diamine crosslinker 0.8 (sum). Cure: press 180C x 30 min + oven 200C x 12 h, 250C x 3 h, 290C x 3 h. No compression set reported.",batch_daikin
US12091537B2,patent,"Daikin Industries, Ltd.",Composition and molded article containing fluorine-containing polymer,https://patents.google.com/patent/US12091537B2/en,Example 4,FFKM,TFE/PMVE/cyano-group monomer 59.4/40.1/0.5 mol,nitrile_other,100,23.0,0.0,0,0.0,0.0,0.0,0.0,0.0,0.0,0.0,1.3,0.0,0.0,0.0,"composite particle Prep. Ex. 4 (MMA 13.0 ml/MAA 24.2 ml, Si3N4 62 wt%) 0.5; bis-diamine crosslinker 4,4'-[2,2,2-trifluoro-1-(trifluoromethyl)ethylidene]bis[N1-phenyl-1,2-benzenediamine] 0.8; carbon black (0.3 um) 23",79.0,18.2,210.0,7.9,,,,,MPa; hardness Shore A peak,"Formulation from text; props Table 3 (2 mm sheet, JIS K6251). nitrile_curative = composite particle (or Si3N4) + diamine crosslinker 0.8 (sum). Cure: press 180C x 30 min + oven 200C x 12 h, 250C x 3 h, 290C x 3 h. No compression set reported.",batch_daikin
US12091537B2,patent,"Daikin Industries, Ltd.",Composition and molded article containing fluorine-containing polymer,https://patents.google.com/patent/US12091537B2/en,Example 5,FFKM,TFE/PMVE/cyano-group monomer 59.4/40.1/0.5 mol,nitrile_other,100,23.0,0.0,0,0.0,0.0,0.0,0.0,0.0,0.0,0.0,1.3,0.0,0.0,0.0,"composite particle Prep. Ex. 5 (MAA only 34.5 ml, Si3N4 60 wt%) 0.5; bis-diamine crosslinker 4,4'-[2,2,2-trifluoro-1-(trifluoromethyl)ethylidene]bis[N1-phenyl-1,2-benzenediamine] 0.8; carbon black (0.3 um) 23",79.0,19.4,200.0,8.2,,,,,MPa; hardness Shore A peak,"Formulation from text; props Table 3 (2 mm sheet, JIS K6251). nitrile_curative = composite particle (or Si3N4) + diamine crosslinker 0.8 (sum). Cure: press 180C x 30 min + oven 200C x 12 h, 250C x 3 h, 290C x 3 h. No compression set reported.",batch_daikin
US12091537B2,patent,"Daikin Industries, Ltd.",Composition and molded article containing fluorine-containing polymer,https://patents.google.com/patent/US12091537B2/en,Comparative Example 1,FFKM,TFE/PMVE/cyano-group monomer 59.4/40.1/0.5 mol,nitrile_other,100,23.0,0.0,0,0.0,0.0,0.0,0.0,0.0,0.0,0.0,1.3,0.0,0.0,0.0,"composite particle Prep. Ex. 6 (PMMA only 43.2 ml, Si3N4 57 wt%) 0.5; bis-diamine crosslinker 4,4'-[2,2,2-trifluoro-1-(trifluoromethyl)ethylidene]bis[N1-phenyl-1,2-benzenediamine] 0.8; carbon black (0.3 um) 23",79.0,19.9,200.0,8.9,,,,,MPa; hardness Shore A peak,"Formulation from text; props Table 3 (2 mm sheet, JIS K6251). nitrile_curative = composite particle (or Si3N4) + diamine crosslinker 0.8 (sum). Cure: press 180C x 30 min + oven 200C x 12 h, 250C x 3 h, 290C x 3 h. No compression set reported.",batch_daikin
US12091537B2,patent,"Daikin Industries, Ltd.",Composition and molded article containing fluorine-containing polymer,https://patents.google.com/patent/US12091537B2/en,Reference Example 1,FFKM,TFE/PMVE/cyano-group monomer 59.4/40.1/0.5 mol,nitrile_other,100,23.0,0.0,0,0.0,0.0,0.0,0.0,0.0,0.0,0.0,1.05,0.0,0.0,0.0,"Si3N4 (30 nm) 0.25 (no composite particle); bis-diamine crosslinker 4,4'-[2,2,2-trifluoro-1-(trifluoromethyl)ethylidene]bis[N1-phenyl-1,2-benzenediamine] 0.8; carbon black (0.3 um) 23",75.0,19.3,180.0,8.0,,,,,MPa; hardness Shore A peak,"Formulation from text; props Table 3 (2 mm sheet, JIS K6251). nitrile_curative = composite particle (or Si3N4) + diamine crosslinker 0.8 (sum). Cure: press 180C x 30 min + oven 200C x 12 h, 250C x 3 h, 290C x 3 h. No compression set reported.",batch_daikin
US12304984B2,patent,"Daikin Industries, Ltd.",Composition containing fluorine-containing polymer and crosslinked article,https://patents.google.com/patent/US12304984B2/en,Example 1,FFKM,"TFE/PMVE/CNVE 59.3/39.9/0.8 mol%, Mooney ML1+20(170C)=80",nitrile_other,100,0.0,0.0,0,0.0,0.0,0.0,10.0,0.0,0.0,0.0,0.8,0.0,0.0,0.0,"non-stoichiometric silicon oxide SiOx (0<x<2, Si 41 at%, 22 nm, thermal-plasma made) 10; bis-diamine crosslinker 4,4'-[2,2,2-trifluoro-1-(trifluoromethyl)ethylidene]bis[N1-phenyl-1,2-benzenediamine] 0.8",75.0,10.2,201.0,3.6,,,,,MPa; hardness Shore A peak,"Formulation from text; props Table 1 (2 mm sheet, JIS K6251). SiOx placed in other_inorganic (not SiO2). TG weight increase at 400C 0.18%. Cure: press 180C x 30 min + oven 290C x 18 h in N2. No compression set reported.",batch_daikin
US12304984B2,patent,"Daikin Industries, Ltd.",Composition containing fluorine-containing polymer and crosslinked article,https://patents.google.com/patent/US12304984B2/en,Example 2,FFKM,"TFE/PMVE/CNVE 59.3/39.9/0.8 mol%, Mooney ML1+20(170C)=80",nitrile_other,100,0.0,0.0,0,0.0,0.0,0.0,20.0,0.0,0.0,0.0,0.8,0.0,0.0,0.0,"non-stoichiometric silicon oxide SiOx (0<x<2, Si 41 at%, 22 nm, thermal-plasma made) 20; bis-diamine crosslinker 4,4'-[2,2,2-trifluoro-1-(trifluoromethyl)ethylidene]bis[N1-phenyl-1,2-benzenediamine] 0.8",88.0,20.4,216.0,9.9,,,,,MPa; hardness Shore A peak,"Formulation from text; props Table 1 (2 mm sheet, JIS K6251). SiOx placed in other_inorganic (not SiO2). TG weight increase at 400C 0.51%. Cure: press 180C x 30 min + oven 290C x 18 h in N2. No compression set reported.",batch_daikin
US8367776B2,patent,Daikin Industries Ltd; Greene Tweed of Delaware Inc,Perfluoroelastomer compositions and methods of preparing same,https://patents.google.com/patent/US8367776B2/en,Example 3,FFKM,50/50 blend: Perfluoroelastomer (1) TFE/PMVE/CF2=CFO(CF2)5CN 57.9/41.7/0.43 mol% + Perfluoroelastomer (2) TFE/PMVE/CF2=CFO(CF2)5CN 69.4/30.2/0.43 mol%,nitrile_other,100,0.0,0.0,0,0.0,0.0,0.0,0.0,0.0,0.0,0.0,1.0,0.0,0.0,0.0,NPh-AF curative (bis-N-phenyl-o-phenylenediamine AF); no filler,68.0,16.0,250.0,2.1,,,,,MPa; Shore A (JIS K6301),"Table 2. NPh-AF = 4,4'-[2,2,2-trifluoro-1-(trifluoromethyl)ethylidene]bis[N1-phenyl-1,2-benzenediamine]. Press 180C x 20 min + oven 290C x 18 h; P-24 O-ring / 2 mm sheet; unfilled.",batch_dupont3mgt
US8367776B2,patent,Daikin Industries Ltd; Greene Tweed of Delaware Inc,Perfluoroelastomer compositions and methods of preparing same,https://patents.google.com/patent/US8367776B2/en,Comparative Example 1,FFKM,Perfluoroelastomer (1) TFE/PMVE/CF2=CFO(CF2)5CN 57.9/41.7/0.43 mol%,nitrile_other,100,0.0,0.0,0,0.0,0.0,0.0,0.0,0.0,0.0,0.0,1.0,0.0,0.0,0.0,NPh-AF curative (bis-N-phenyl-o-phenylenediamine AF); no filler,59.0,6.7,275.0,1.3,,,,,MPa; Shore A (JIS K6301),"Table 2. NPh-AF = 4,4'-[2,2,2-trifluoro-1-(trifluoromethyl)ethylidene]bis[N1-phenyl-1,2-benzenediamine]. Press 180C x 20 min + oven 290C x 18 h; P-24 O-ring / 2 mm sheet; unfilled.",batch_dupont3mgt
US8367776B2,patent,Daikin Industries Ltd; Greene Tweed of Delaware Inc,Perfluoroelastomer compositions and methods of preparing same,https://patents.google.com/patent/US8367776B2/en,Comparative Example 2,FFKM,Perfluoroelastomer (2) TFE/PMVE/CF2=CFO(CF2)5CN 69.4/30.2/0.43 mol%,nitrile_other,100,0.0,0.0,0,0.0,0.0,0.0,0.0,0.0,0.0,0.0,1.0,0.0,0.0,0.0,NPh-AF curative (bis-N-phenyl-o-phenylenediamine AF); no filler,78.0,20.8,225.0,3.2,,,,,MPa; Shore A (JIS K6301),"Table 2. NPh-AF = 4,4'-[2,2,2-trifluoro-1-(trifluoromethyl)ethylidene]bis[N1-phenyl-1,2-benzenediamine]. Press 180C x 20 min + oven 290C x 18 h; P-24 O-ring / 2 mm sheet; unfilled.",batch_dupont3mgt
US8367776B2,patent,Daikin Industries Ltd; Greene Tweed of Delaware Inc,Perfluoroelastomer compositions and methods of preparing same,https://patents.google.com/patent/US8367776B2/en,Example 4,FFKM,Daikin Polymer B/Polymer A blend 50/50 (TFE/PMVE + cyano cure site),nitrile_other,100,0.0,0.0,0,0.0,0.0,0.0,0.0,0.0,0.0,0.0,0.7,0.0,0.0,0.0,NPh-AF curative; no filler,63.5,6.51,271.0,1.33,21.2,"300C x 70h, O-ring, ASTM D1414/D395",2.82,"O2 direct ICP, 400 W, 16 sccm, 10 Pa, 30 min","psi (MPa given in parentheses, used as printed); Shore A ASTM D2240","Table 3. Daikin Polymer A (TFE/PMVE 60/40 mol, 0.6 mol% cyano CSM) / Polymer B (TFE/PMVE 70/30 mol, 0.6 mol% cyano CSM) weight ratio B:A = 50:50. Cure 182C x 30 min, postcure 290C x 18 h. Shore M = 71. TB 944 psi, M100 193 psi (MPa values as printed). CS 300C/168h = 33.5. Other plasma % loss: NF3 remote 6h/220C 0.023; O2+CF4 direct ICP 30 min 2.98; RIE O2 90 min 3.453.",batch_dupont3mgt
US8367776B2,patent,Daikin Industries Ltd; Greene Tweed of Delaware Inc,Perfluoroelastomer compositions and methods of preparing same,https://patents.google.com/patent/US8367776B2/en,Example 5,FFKM,Daikin Polymer B/Polymer A blend 50/50 (TFE/PMVE + cyano cure site),nitrile_other,100,0.0,0.0,0,0.0,0.0,0.0,0.0,0.0,0.0,0.0,0.8,0.0,0.0,0.0,NPh-AF curative; no filler,64.0,7.23,262.0,1.49,19.7,"300C x 70h, O-ring, ASTM D1414/D395",2.94,"O2 direct ICP, 400 W, 16 sccm, 10 Pa, 30 min","psi (MPa given in parentheses, used as printed); Shore A ASTM D2240","Table 3. Daikin Polymer A (TFE/PMVE 60/40 mol, 0.6 mol% cyano CSM) / Polymer B (TFE/PMVE 70/30 mol, 0.6 mol% cyano CSM) weight ratio B:A = 50:50. Cure 182C x 30 min, postcure 290C x 18 h. Shore M = 71.5. TB 1049 psi, M100 216 psi (MPa values as printed). CS 300C/168h = 30.9. Other plasma % loss: NF3 remote 6h/220C 0.022; O2+CF4 direct ICP 30 min 2.89; RIE O2 90 min 3.288.",batch_dupont3mgt
US8367776B2,patent,Daikin Industries Ltd; Greene Tweed of Delaware Inc,Perfluoroelastomer compositions and methods of preparing same,https://patents.google.com/patent/US8367776B2/en,Example 6,FFKM,Daikin Polymer B/Polymer A blend 50/50 (TFE/PMVE + cyano cure site),nitrile_other,100,0.0,0.0,0,0.0,0.0,0.0,0.0,0.0,0.0,0.0,0.9,0.0,0.0,0.0,NPh-AF curative; no filler,64.5,6.74,261.0,1.38,17.3,"300C x 70h, O-ring, ASTM D1414/D395",2.87,"O2 direct ICP, 400 W, 16 sccm, 10 Pa, 30 min","psi (MPa given in parentheses, used as printed); Shore A ASTM D2240","Table 3. Daikin Polymer A (TFE/PMVE 60/40 mol, 0.6 mol% cyano CSM) / Polymer B (TFE/PMVE 70/30 mol, 0.6 mol% cyano CSM) weight ratio B:A = 50:50. Cure 182C x 30 min, postcure 290C x 18 h. Shore M = 71.5. TB 978 psi, M100 200 psi (MPa values as printed). CS 300C/168h = 29.4. Other plasma % loss: NF3 remote 6h/220C -0.024; O2+CF4 direct ICP 30 min 2.93; RIE O2 90 min 3.006.",batch_dupont3mgt
US8367776B2,patent,Daikin Industries Ltd; Greene Tweed of Delaware Inc,Perfluoroelastomer compositions and methods of preparing same,https://patents.google.com/patent/US8367776B2/en,Example 7,FFKM,Daikin Polymer B/Polymer A blend 65/35 (TFE/PMVE + cyano cure site),nitrile_other,100,0.0,0.0,0,0.0,0.0,0.0,0.0,0.0,0.0,0.0,0.7,0.0,0.0,0.0,NPh-AF curative; no filler,65.0,9.57,263.0,1.67,20.3,"300C x 70h, O-ring, ASTM D1414/D395",2.72,"O2 direct ICP, 400 W, 16 sccm, 10 Pa, 30 min","psi (MPa given in parentheses, used as printed); Shore A ASTM D2240","Table 3. Daikin Polymer A (TFE/PMVE 60/40 mol, 0.6 mol% cyano CSM) / Polymer B (TFE/PMVE 70/30 mol, 0.6 mol% cyano CSM) weight ratio B:A = 65:35. Cure 182C x 30 min, postcure 290C x 18 h. Shore M = 72.5. TB 1388 psi, M100 242 psi (MPa values as printed). CS 300C/168h = 27.6. Other plasma % loss: NF3 remote 6h/220C 0.108; O2+CF4 direct ICP 30 min 2.92; RIE O2 90 min 3.076.",batch_dupont3mgt
US8367776B2,patent,Daikin Industries Ltd; Greene Tweed of Delaware Inc,Perfluoroelastomer compositions and methods of preparing same,https://patents.google.com/patent/US8367776B2/en,Example 8,FFKM,Daikin Polymer B/Polymer A blend 65/35 (TFE/PMVE + cyano cure site),nitrile_other,100,0.0,0.0,0,0.0,0.0,0.0,0.0,0.0,0.0,0.0,0.8,0.0,0.0,0.0,NPh-AF curative; no filler,65.5,7.79,258.0,1.63,20.3,"300C x 70h, O-ring, ASTM D1414/D395",2.84,"O2 direct ICP, 400 W, 16 sccm, 10 Pa, 30 min","psi (MPa given in parentheses, used as printed); Shore A ASTM D2240","Table 3. Daikin Polymer A (TFE/PMVE 60/40 mol, 0.6 mol% cyano CSM) / Polymer B (TFE/PMVE 70/30 mol, 0.6 mol% cyano CSM) weight ratio B:A = 65:35. Cure 182C x 30 min, postcure 290C x 18 h. Shore M = 72.5. TB 1130 psi, M100 236 psi (MPa values as printed). CS 300C/168h = 33.5. Other plasma % loss: NF3 remote 6h/220C 0.116; O2+CF4 direct ICP 30 min 2.98; RIE O2 90 min 2.609.",batch_dupont3mgt
US8367776B2,patent,Daikin Industries Ltd; Greene Tweed of Delaware Inc,Perfluoroelastomer compositions and methods of preparing same,https://patents.google.com/patent/US8367776B2/en,Example 9,FFKM,Daikin Polymer B/Polymer A blend 65/35 (TFE/PMVE + cyano cure site),nitrile_other,100,0.0,0.0,0,0.0,0.0,0.0,0.0,0.0,0.0,0.0,0.9,0.0,0.0,0.0,NPh-AF curative; no filler,66.5,9.45,260.0,1.72,17.4,"300C x 70h, O-ring, ASTM D1414/D395",2.95,"O2 direct ICP, 400 W, 16 sccm, 10 Pa, 30 min","psi (MPa given in parentheses, used as printed); Shore A ASTM D2240","Table 3. Daikin Polymer A (TFE/PMVE 60/40 mol, 0.6 mol% cyano CSM) / Polymer B (TFE/PMVE 70/30 mol, 0.6 mol% cyano CSM) weight ratio B:A = 65:35. Cure 182C x 30 min, postcure 290C x 18 h. Shore M = 73. TB 1370 psi, M100 250 psi (MPa values as printed). CS 300C/168h = 30.0. Other plasma % loss: NF3 remote 6h/220C 0.069; O2+CF4 direct ICP 30 min 2.91; RIE O2 90 min 3.234.",batch_dupont3mgt
US8367776B2,patent,Daikin Industries Ltd; Greene Tweed of Delaware Inc,Perfluoroelastomer compositions and methods of preparing same,https://patents.google.com/patent/US8367776B2/en,Example 10,FFKM,Daikin Polymer B/Polymer A blend 35/65 (TFE/PMVE + cyano cure site),nitrile_other,100,0.0,0.0,0,0.0,0.0,0.0,0.0,0.0,0.0,0.0,0.7,0.0,0.0,0.0,NPh-AF curative; no filler,61.5,5.84,270.0,1.27,17.7,"300C x 70h, O-ring, ASTM D1414/D395",2.97,"O2 direct ICP, 400 W, 16 sccm, 10 Pa, 30 min","psi (MPa given in parentheses, used as printed); Shore A ASTM D2240","Table 3. Daikin Polymer A (TFE/PMVE 60/40 mol, 0.6 mol% cyano CSM) / Polymer B (TFE/PMVE 70/30 mol, 0.6 mol% cyano CSM) weight ratio B:A = 35:65. Cure 182C x 30 min, postcure 290C x 18 h. Shore M = 70. TB 847 psi, M100 184 psi (MPa values as printed). CS 300C/168h = 35.0. Other plasma % loss: NF3 remote 6h/220C 0.07; O2+CF4 direct ICP 30 min 2.95; RIE O2 90 min 3.235.",batch_dupont3mgt
US8367776B2,patent,Daikin Industries Ltd; Greene Tweed of Delaware Inc,Perfluoroelastomer compositions and methods of preparing same,https://patents.google.com/patent/US8367776B2/en,Example 11,FFKM,Daikin Polymer B/Polymer A blend 35/65 (TFE/PMVE + cyano cure site),nitrile_other,100,0.0,0.0,0,0.0,0.0,0.0,0.0,0.0,0.0,0.0,0.8,0.0,0.0,0.0,NPh-AF curative; no filler,62.0,6.43,262.0,1.37,18.5,"300C x 70h, O-ring, ASTM D1414/D395",3.07,"O2 direct ICP, 400 W, 16 sccm, 10 Pa, 30 min","psi (MPa given in parentheses, used as printed); Shore A ASTM D2240","Table 3. Daikin Polymer A (TFE/PMVE 60/40 mol, 0.6 mol% cyano CSM) / Polymer B (TFE/PMVE 70/30 mol, 0.6 mol% cyano CSM) weight ratio B:A = 35:65. Cure 182C x 30 min, postcure 290C x 18 h. Shore M = 70. TB 933 psi, M100 198 psi (MPa values as printed). CS 300C/168h = 25.2. Other plasma % loss: NF3 remote 6h/220C -0.022; O2+CF4 direct ICP 30 min 3.29; RIE O2 90 min 3.331.",batch_dupont3mgt
US8367776B2,patent,Daikin Industries Ltd; Greene Tweed of Delaware Inc,Perfluoroelastomer compositions and methods of preparing same,https://patents.google.com/patent/US8367776B2/en,Example 12,FFKM,Daikin Polymer B/Polymer A blend 35/65 (TFE/PMVE + cyano cure site),nitrile_other,100,0.0,0.0,0,0.0,0.0,0.0,0.0,0.0,0.0,0.0,0.9,0.0,0.0,0.0,NPh-AF curative; no filler,62.5,6.16,249.0,1.5,17.1,"300C x 70h, O-ring, ASTM D1414/D395",2.84,"O2 direct ICP, 400 W, 16 sccm, 10 Pa, 30 min","psi (MPa given in parentheses, used as printed); Shore A ASTM D2240","Table 3. Daikin Polymer A (TFE/PMVE 60/40 mol, 0.6 mol% cyano CSM) / Polymer B (TFE/PMVE 70/30 mol, 0.6 mol% cyano CSM) weight ratio B:A = 35:65. Cure 182C x 30 min, postcure 290C x 18 h. Shore M = 70. TB 894 psi, M100 217 psi (MPa values as printed). CS 300C/168h = 31.4. Other plasma % loss: NF3 remote 6h/220C 0.046; O2+CF4 direct ICP 30 min 2.91; RIE O2 90 min 3.413.",batch_dupont3mgt
US8367776B2,patent,Daikin Industries Ltd; Greene Tweed of Delaware Inc,Perfluoroelastomer compositions and methods of preparing same,https://patents.google.com/patent/US8367776B2/en,Example 13,FFKM,Daikin Polymer B/Polymer A blend 50/50 (TFE/PMVE + cyano cure site),nitrile_other,100,0.0,0.0,0,0.0,0.0,0.0,0.0,0.0,0.0,0.0,0.9,0.0,0.0,0.0,NPh-AF curative; no filler,65.5,7.61,256.0,1.59,17.1,"300C x 70h, O-ring, ASTM D1414/D395",2.8,"O2 direct ICP, 400 W, 16 sccm, 10 Pa, 30 min","psi (MPa given in parentheses, used as printed); Shore A ASTM D2240","Table 3. Daikin Polymer A (TFE/PMVE 60/40 mol, 0.6 mol% cyano CSM) / Polymer B (TFE/PMVE 70/30 mol, 0.6 mol% cyano CSM) weight ratio B:A = 50:50. Cure 182C x 30 min, postcure 290C x 18 h. Shore M = 71.5. TB 1103 psi, M100 231 psi (MPa values as printed). CS 300C/168h = 31.6. Other plasma % loss: NF3 remote 6h/220C 0.0; O2+CF4 direct ICP 30 min 2.95; RIE O2 90 min 3.377. NPh-AF added via master batch (Polymer A 100 + NPh-AF 6.8 phr) diluted to formulation.",batch_dupont3mgt
US8367776B2,patent,Daikin Industries Ltd; Greene Tweed of Delaware Inc,Perfluoroelastomer compositions and methods of preparing same,https://patents.google.com/patent/US8367776B2/en,Example 14,FFKM,Daikin Polymer B/Polymer A blend 50/50 (TFE/PMVE + cyano cure site),nitrile_other,100,0.0,0.0,0,0.0,0.0,0.0,0.0,0.0,0.0,0.0,0.9,0.0,0.0,0.0,NPh-AF curative; no filler,63.5,7.26,261.0,1.5,17.7,"300C x 70h, O-ring, ASTM D1414/D395",2.77,"O2 direct ICP, 400 W, 16 sccm, 10 Pa, 30 min","psi (MPa given in parentheses, used as printed); Shore A ASTM D2240","Table 3. Daikin Polymer A (TFE/PMVE 60/40 mol, 0.6 mol% cyano CSM) / Polymer B (TFE/PMVE 70/30 mol, 0.6 mol% cyano CSM) weight ratio B:A = 50:50. Cure 182C x 30 min, postcure 290C x 18 h. Shore M = n/r. TB 1052 psi, M100 217 psi (MPa values as printed). CS 300C/168h = 29.7. Other plasma % loss: NF3 remote 6h/220C -0.023; O2+CF4 direct ICP 30 min 3.02; RIE O2 90 min 3.586. NPh-AF added via master batch (Polymer A 100 + NPh-AF 6.8 phr) diluted to formulation.",batch_dupont3mgt
US7354974B2,patent,DuPont Performance Elastomers LLC,Blends of perfluoroelastomers and fluoroplastics,https://patents.google.com/patent/US7354974B2/en,Example 1,FFKM,TFE/PMVE/8-CNVE 68.2/31.0/0.80 mol%,nitrile_triazine,100,0.0,0.0,0,0.0,0.0,51.0,0.0,0.0,0.0,0.0,0.3,0.0,0.0,0.0,Teflon PFA 940 51; urea 0.3,76.0,16.2,316.0,5.9,40.0,"204C x 70h, 25% compression, O-ring, ASTM D395",,,MPa; Shore A,"Table I. Urea (ammonia generator) 0.3 phr curative. Press cure 190C x 4 min, post cure air 305C x 10 h; ASTM D412. Fluoroplastic = Teflon PFA 940 (TFE/PAVE semi-crystalline), compounded on open mill at 40C. CS 204C/70h at 10% compression = 55.",batch_dupont3mgt
US7354974B2,patent,DuPont Performance Elastomers LLC,Blends of perfluoroelastomers and fluoroplastics,https://patents.google.com/patent/US7354974B2/en,Example 2,FFKM,TFE/PMVE/8-CNVE 68.2/31.0/0.80 mol%,nitrile_triazine,100,0.0,0.0,0,0.0,0.0,51.0,0.0,0.0,0.0,0.0,0.3,0.0,0.0,0.0,Teflon PFA 945 51; urea 0.3,77.0,18.7,318.0,6.3,38.0,"204C x 70h, 25% compression, O-ring, ASTM D395",,,MPa; Shore A,"Table I. Urea (ammonia generator) 0.3 phr curative. Press cure 190C x 4 min, post cure air 305C x 10 h; ASTM D412. Fluoroplastic = Teflon PFA 945 (TFE/PAVE semi-crystalline), compounded on open mill at 40C. CS 204C/70h at 10% compression = 51.",batch_dupont3mgt
US7354974B2,patent,DuPont Performance Elastomers LLC,Blends of perfluoroelastomers and fluoroplastics,https://patents.google.com/patent/US7354974B2/en,Example 3,FFKM,TFE/PMVE/8-CNVE 68.2/31.0/0.80 mol%,nitrile_triazine,100,0.0,0.0,0,0.0,0.0,51.0,0.0,0.0,0.0,0.0,0.3,0.0,0.0,0.0,Teflon PFA 950 51; urea 0.3,78.0,18.0,336.0,5.8,39.0,"204C x 70h, 25% compression, O-ring, ASTM D395",,,MPa; Shore A,"Table I. Urea (ammonia generator) 0.3 phr curative. Press cure 190C x 4 min, post cure air 305C x 10 h; ASTM D412. Fluoroplastic = Teflon PFA 950 (TFE/PAVE semi-crystalline), compounded on open mill at 40C. CS 204C/70h at 10% compression = 56.",batch_dupont3mgt
US7354974B2,patent,DuPont Performance Elastomers LLC,Blends of perfluoroelastomers and fluoroplastics,https://patents.google.com/patent/US7354974B2/en,Example 4,FFKM,TFE/PMVE/8-CNVE 68.2/31.0/0.80 mol%,nitrile_triazine,100,0.0,0.0,0,0.0,0.0,100.0,0.0,0.0,0.0,0.0,0.3,0.0,0.0,0.0,Teflon PFA 945 100; urea 0.3,89.0,22.0,332.0,8.8,50.0,"204C x 70h, 25% compression, O-ring, ASTM D395",,,MPa; Shore A,"Table I. Urea (ammonia generator) 0.3 phr curative. Press cure 190C x 4 min, post cure air 305C x 10 h; ASTM D412. Fluoroplastic = Teflon PFA 945 (TFE/PAVE semi-crystalline), compounded on open mill at 40C. CS 204C/70h at 10% compression = 60.",batch_dupont3mgt
US7354974B2,patent,DuPont Performance Elastomers LLC,Blends of perfluoroelastomers and fluoroplastics,https://patents.google.com/patent/US7354974B2/en,Example 5,FFKM,TFE/PMVE/8-CNVE 68.2/31.0/0.80 mol%,nitrile_triazine,100,0.0,0.0,0,0.0,0.0,200.0,0.0,0.0,0.0,0.0,0.3,0.0,0.0,0.0,Teflon PFA 945 200; urea 0.3,95.0,27.6,327.0,11.9,62.0,"204C x 70h, 25% compression, O-ring, ASTM D395",,,MPa; Shore A,"Table I. Urea (ammonia generator) 0.3 phr curative. Press cure 190C x 4 min, post cure air 305C x 10 h; ASTM D412. Fluoroplastic = Teflon PFA 945 (TFE/PAVE semi-crystalline), compounded on open mill at 40C. CS 204C/70h at 10% compression = 67.",batch_dupont3mgt
US7354974B2,patent,DuPont Performance Elastomers LLC,Blends of perfluoroelastomers and fluoroplastics,https://patents.google.com/patent/US7354974B2/en,Example 6,FFKM,TFE/PMVE/8-CNVE 68.2/31.0/0.80 mol%,nitrile_triazine,100,0.0,0.0,0,0.0,0.0,300.0,0.0,0.0,0.0,0.0,0.3,0.0,0.0,0.0,Teflon PFA 945 300; urea 0.3,97.0,26.1,228.0,15.3,,,,,MPa; Shore A,"Table I. Urea (ammonia generator) 0.3 phr curative. Press cure 190C x 4 min, post cure air 305C x 10 h; ASTM D412. Fluoroplastic = Teflon PFA 945 (TFE/PAVE semi-crystalline), compounded on open mill at 40C.",batch_dupont3mgt
US7354974B2,patent,DuPont Performance Elastomers LLC,Blends of perfluoroelastomers and fluoroplastics,https://patents.google.com/patent/US7354974B2/en,Example 7,FFKM,TFE/PMVE/8-CNVE 68.2/31.0/0.80 mol%,nitrile_triazine,100,0.0,0.0,0,0.0,0.0,51.0,0.0,0.0,0.0,0.0,0.3,0.0,0.0,0.0,Teflon PFA 945 51; urea 0.3,78.0,17.7,330.0,6.2,,,,,MPa; Shore A,"Table I. Urea (ammonia generator) 0.3 phr curative. Press cure 190C x 4 min, post cure air 305C x 10 h; ASTM D412. Fluoroplastic = Teflon PFA 945 (TFE/PAVE semi-crystalline), compounded on open mill at 40C. PFA melt-blended with elastomer at 320C (Laboplasto mill) before adding curative.",batch_dupont3mgt
US7354974B2,patent,DuPont Performance Elastomers LLC,Blends of perfluoroelastomers and fluoroplastics,https://patents.google.com/patent/US7354974B2/en,Control A,FFKM,TFE/PMVE/8-CNVE 68.2/31.0/0.80 mol%,nitrile_triazine,100,0.0,0.0,0,0.0,0.0,0.0,0.0,0.0,0.0,0.0,0.3,0.0,0.0,0.0,urea 0.3,54.0,10.6,358.0,1.5,80.0,"204C x 70h, 25% compression, O-ring, ASTM D395",,,MPa; Shore A,"Table I. Urea (ammonia generator) 0.3 phr curative. Press cure 190C x 4 min, post cure air 305C x 10 h; ASTM D412.",batch_dupont3mgt
US7354974B2,patent,DuPont Performance Elastomers LLC,Blends of perfluoroelastomers and fluoroplastics,https://patents.google.com/patent/US7354974B2/en,Control B,FFKM,TFE/PMVE/8-CNVE 68.2/31.0/0.80 mol%,nitrile_triazine,100,30.0,0.0,0,0.0,0.0,0.0,0.0,0.0,0.0,0.0,0.3,0.0,0.0,0.0,urea 0.3; MT carbon black 30,73.0,17.3,242.0,7.5,12.0,"204C x 70h, 25% compression, O-ring, ASTM D395",,,MPa; Shore A,"Table I. Urea (ammonia generator) 0.3 phr curative. Press cure 190C x 4 min, post cure air 305C x 10 h; ASTM D412.",batch_dupont3mgt
US7354974B2,patent,DuPont Performance Elastomers LLC,Blends of perfluoroelastomers and fluoroplastics,https://patents.google.com/patent/US7354974B2/en,Control D,FFKM,TFE/PMVE/8-CNVE 68.2/31.0/0.80 mol%,nitrile_triazine,100,0.0,0.0,0,0.0,0.0,40.0,0.0,0.0,0.0,0.0,0.3,0.0,0.0,0.0,Teflon PFA 945 40; urea 0.3,,,,5.4,,,,,MPa; Shore A,"Table I. Urea (ammonia generator) 0.3 phr curative. Press cure 190C x 4 min, post cure air 305C x 10 h; ASTM D412. Fluoroplastic = Teflon PFA 945 (TFE/PAVE semi-crystalline), compounded on open mill at 40C. Only M100 reported (TB/EB/hardness not tested).",batch_dupont3mgt
US6992143B2,patent,DuPont Dow Elastomers LLC,Curable perfluoroelastomer composition,https://patents.google.com/patent/US6992143B2/en,Control Example 1,FFKM,FFKM A: TFE/PMVE/8-CNVE 68.2/31.0/0.80 mol%,peroxide,100,0.0,10.0,0,0.0,0.0,0.0,0.0,0.0,1.5,3.0,0.0,0.0,0.0,0.0,Aerosil 200 VS (hydrophilic) 10; TMAIC (Diak 8) 1.5; PLC DBPH 68% peroxide 3,,16.7,162.0,7.9,39.0,"204C x 70h, K214 O-ring, ASTM D1414",,,MPa,"Table I (peroxide control). Peroxide recorded as stated (PLC DBPH 68% active). Molded 177C x 6 min, post cure air 232C x 6 h. Hardness not reported.",batch_dupont3mgt
US6992143B2,patent,DuPont Dow Elastomers LLC,Curable perfluoroelastomer composition,https://patents.google.com/patent/US6992143B2/en,Control Example 2,FFKM,FFKM A: TFE/PMVE/8-CNVE 68.2/31.0/0.80 mol%,peroxide,100,0.0,10.0,0,0.0,0.0,0.0,0.0,0.0,1.5,3.0,0.0,0.0,0.0,0.0,Aerosil R972 (hydrophobic) 10; TMAIC (Diak 8) 1.5; PLC DBPH 68% peroxide 3,,16.3,181.0,6.6,41.0,"204C x 70h, K214 O-ring, ASTM D1414",,,MPa,"Table I (peroxide control). Peroxide recorded as stated (PLC DBPH 68% active). Molded 177C x 6 min, post cure air 232C x 6 h. Hardness not reported.",batch_dupont3mgt
US6992143B2,patent,DuPont Dow Elastomers LLC,Curable perfluoroelastomer composition,https://patents.google.com/patent/US6992143B2/en,Control Example 3,FFKM,FFKM A: TFE/PMVE/8-CNVE 68.2/31.0/0.80 mol%,peroxide,100,0.0,10.0,0,0.0,0.0,0.0,0.0,0.0,1.5,3.0,0.0,0.0,0.0,0.0,Aerosil R812 (hydrophobic) 10; TMAIC (Diak 8) 1.5; PLC DBPH 68% peroxide 3,,12.3,160.0,5.8,47.0,"204C x 70h, K214 O-ring, ASTM D1414",,,MPa,"Table I (peroxide control). Peroxide recorded as stated (PLC DBPH 68% active). Molded 177C x 6 min, post cure air 232C x 6 h. Hardness not reported.",batch_dupont3mgt
US6992143B2,patent,DuPont Dow Elastomers LLC,Curable perfluoroelastomer composition,https://patents.google.com/patent/US6992143B2/en,Example 1,FFKM,FFKM A: TFE/PMVE/8-CNVE 68.2/31.0/0.80 mol%,nitrile_bisaminophenol,100,0.0,10.0,0,0.0,0.0,0.0,0.0,0.0,0.0,0.0,1.75,0.0,0.0,0.0,Aerosil R972 (hydrophobic) 10; DABPAF (diaminobisphenol AF) 1.75,,9.0,161.0,4.1,29.0,"204C x 70h, K214 O-ring, ASTM D1414",,,MPa,"Table II. Molded 199C (T90+5 min), post cure N2 305C x 26 h. CS 300C/70h = 49. Hardness not reported.",batch_dupont3mgt
US6992143B2,patent,DuPont Dow Elastomers LLC,Curable perfluoroelastomer composition,https://patents.google.com/patent/US6992143B2/en,Example 2,FFKM,FFKM A: TFE/PMVE/8-CNVE 68.2/31.0/0.80 mol%,nitrile_bisaminophenol,100,0.0,10.0,0,0.0,0.0,0.0,0.0,0.0,0.0,0.0,1.75,0.0,0.0,0.0,Aerosil R974 (hydrophobic) 10; DABPAF (diaminobisphenol AF) 1.75,,13.5,195.0,4.4,35.0,"204C x 70h, K214 O-ring, ASTM D1414",,,MPa,"Table II. Molded 199C (T90+5 min), post cure N2 305C x 26 h. CS 300C/70h = 53. Hardness not reported.",batch_dupont3mgt
US6992143B2,patent,DuPont Dow Elastomers LLC,Curable perfluoroelastomer composition,https://patents.google.com/patent/US6992143B2/en,Example 3,FFKM,FFKM A: TFE/PMVE/8-CNVE 68.2/31.0/0.80 mol%,nitrile_bisaminophenol,100,0.0,10.0,0,0.0,0.0,0.0,0.0,0.0,0.0,0.0,1.75,0.0,0.0,0.0,Aerosil R812 (hydrophobic) 10; DABPAF (diaminobisphenol AF) 1.75,,12.8,214.0,3.8,44.0,"204C x 70h, K214 O-ring, ASTM D1414",,,MPa,"Table II. Molded 199C (T90+5 min), post cure N2 305C x 26 h. CS 300C/70h = 65. Hardness not reported.",batch_dupont3mgt
US6992143B2,patent,DuPont Dow Elastomers LLC,Curable perfluoroelastomer composition,https://patents.google.com/patent/US6992143B2/en,Comparative Example A,FFKM,FFKM A: TFE/PMVE/8-CNVE 68.2/31.0/0.80 mol%,nitrile_bisaminophenol,100,0.0,10.0,0,0.0,0.0,0.0,0.0,0.0,0.0,0.0,1.75,0.0,0.0,0.0,Aerosil 200 VS (hydrophilic) 10; DABPAF (diaminobisphenol AF) 1.75,,12.9,161.0,7.6,55.0,"204C x 70h, K214 O-ring, ASTM D1414",,,MPa,"Table II. Molded 199C (T90+5 min), post cure N2 305C x 26 h. CS 300C/70h = 81. Hardness not reported.",batch_dupont3mgt
US6992143B2,patent,DuPont Dow Elastomers LLC,Curable perfluoroelastomer composition,https://patents.google.com/patent/US6992143B2/en,Example 4,FFKM,FFKM A: TFE/PMVE/8-CNVE 68.2/31.0/0.80 mol%,nitrile_triazine,100,0.0,10.0,0,0.0,0.0,0.0,0.0,0.0,0.0,0.0,0.3,0.0,0.0,0.0,Aerosil R972 (hydrophobic) 10; urea (ammonia generator) 0.3,,7.0,204.0,2.4,15.0,"204C x 70h, K214 O-ring, ASTM D1414",,,MPa,"Table II. Molded 199C (T90+5 min), post cure N2 305C x 26 h. CS 300C/70h = Cracked. Hardness not reported.",batch_dupont3mgt
US6992143B2,patent,DuPont Dow Elastomers LLC,Curable perfluoroelastomer composition,https://patents.google.com/patent/US6992143B2/en,Comparative Example B,FFKM,FFKM A: TFE/PMVE/8-CNVE 68.2/31.0/0.80 mol%,nitrile_triazine,100,0.0,10.0,0,0.0,0.0,0.0,0.0,0.0,0.0,0.0,0.3,0.0,0.0,0.0,Aerosil 200 VS (hydrophilic) 10; urea (ammonia generator) 0.3,,7.5,199.0,4.2,38.0,"204C x 70h, K214 O-ring, ASTM D1414",,,MPa,"Table II. Molded 199C (T90+5 min), post cure N2 305C x 26 h. CS 300C/70h = 82. Hardness not reported.",batch_dupont3mgt
US5696189A,patent,EI Du Pont de Nemours and Co,Perfluoroelastomer compositions,https://patents.google.com/patent/US5696189A/en,Comparative Example A,FFKM,TFE/PMVE/8-CNVE approx. 56/42/2 wt (per US4281092),nitrile_organotin,100,12.0,0.0,0,0.0,0.0,0.0,0.0,0.0,0.0,0.0,3.0,0.3,0.0,0.0,tetraphenyltin 3; 18-crown-6 0.3 (in other_curative); carbon black 12,77.0,14.34,145.0,6.62,24.5,"200C x 70h, pellets, ASTM D395",0.21,"100% O2 plasma, Branson IPC barrel etcher, 500 W, 0.5 torr, 200 sccm, 120 min, O-ring at 25% compression",psi -> MPa (x0.00689476); Shore A,"Table II; normal-state values from ASTM slabs/pellets. O-ring (AS568A-214) values: M100 854 psi, Tb 1571 psi, Eb 145%, Shore A 80, CS 70h/200C 37.1%. Eb row labelled 'psi' in source (clearly %). Press cure 210C x 20 min, post cure N2 ramp to 305C, 26 h at 305C. 50/50 O2/C2F6 plasma weight loss = 0.453%. Long-term CS 672h at 200C/250C also reported. Comp. A formulation (TPT 3, carbon black 12, crown ether 0.3) from text; carbon black type not specified.",batch_dupont3mgt
US5696189A,patent,EI Du Pont de Nemours and Co,Perfluoroelastomer compositions,https://patents.google.com/patent/US5696189A/en,Comparative Example B,FFKM,TFE/PMVE/8-CNVE approx. 56/42/2 wt (per US4281092),nitrile_organotin,100,0.0,0.0,0,0.0,3.0,10.0,0.0,0.0,0.0,0.0,2.0,0.2,0.0,0.0,tetraphenyltin 2; 18-crown-6 0.2 (in other_curative); fluoropolymer filler 10.0 (Teflon micropowder),65.0,10.34,245.0,2.28,17.5,"200C x 70h, pellets, ASTM D395",0.125,"100% O2 plasma, Branson IPC barrel etcher, 500 W, 0.5 torr, 200 sccm, 120 min, O-ring at 25% compression",psi -> MPa (x0.00689476); Shore A,"Table II; normal-state values from ASTM slabs/pellets. O-ring (AS568A-214) values: M100 318 psi, Tb 1074 psi, Eb 261%, Shore A 71, CS 70h/200C 44.1%. Eb row labelled 'psi' in source (clearly %). Press cure 210C x 20 min, post cure N2 ramp to 305C, 26 h at 305C. 50/50 O2/C2F6 plasma weight loss = 0.381%. Long-term CS 672h at 200C/250C also reported. Comp. B formulation (TPT 2, Teflon micropowder 10, TiO2 3, crown ether 0.2) from text and table.",batch_dupont3mgt
US5696189A,patent,EI Du Pont de Nemours and Co,Perfluoroelastomer compositions,https://patents.google.com/patent/US5696189A/en,Example 1,FFKM,"TFE/PMVE/8-CNVE (42.5 wt% PMVE, 3.3 wt% 8-CNVE), ML-10(150C)=30",nitrile_organotin,100,0.0,10.0,0,0.0,10.0,10.0,0.0,0.0,0.0,0.0,1.0,0.0,1.0,0.0,tetraphenyltin 1; fluoropolymer filler 10.0; ZnO acid acceptor,76.0,10.2,212.0,3.57,26.0,"200C x 70h, pellets, ASTM D395",0.116,"100% O2 plasma, Branson IPC barrel etcher, 500 W, 0.5 torr, 200 sccm, 120 min, O-ring at 25% compression",psi -> MPa (x0.00689476); Shore A,"Table II; normal-state values from ASTM slabs/pellets. O-ring (AS568A-214) values: M100 613 psi, Tb 1430 psi, Eb 205%, Shore A 80, CS 70h/200C 27.2%. Eb row labelled 'psi' in source (clearly %). Press cure 210C x 20 min, post cure N2 ramp to 305C, 26 h at 305C. 50/50 O2/C2F6 plasma weight loss = 0.172%. Long-term CS 672h at 200C/250C also reported.",batch_dupont3mgt
US5696189A,patent,EI Du Pont de Nemours and Co,Perfluoroelastomer compositions,https://patents.google.com/patent/US5696189A/en,Example 2,FFKM,"TFE/PMVE/8-CNVE (42.5 wt% PMVE, 3.3 wt% 8-CNVE), ML-10(150C)=30",nitrile_organotin,100,0.0,0.0,0,12.5,12.5,12.5,0.0,0.0,0.0,0.0,1.0,0.0,1.0,0.0,tetraphenyltin 1; fluoropolymer filler 12.5; ZnO acid acceptor,76.0,9.51,211.0,3.76,20.0,"200C x 70h, pellets, ASTM D395",0.09,"100% O2 plasma, Branson IPC barrel etcher, 500 W, 0.5 torr, 200 sccm, 120 min, O-ring at 25% compression",psi -> MPa (x0.00689476); Shore A,"Table II; normal-state values from ASTM slabs/pellets. O-ring (AS568A-214) values: M100 609 psi, Tb 1382 psi, Eb 213%, Shore A 81, CS 70h/200C 26.5%. Eb row labelled 'psi' in source (clearly %). Press cure 210C x 20 min, post cure N2 ramp to 305C, 26 h at 305C. 50/50 O2/C2F6 plasma weight loss = 0.148%. Long-term CS 672h at 200C/250C also reported.",batch_dupont3mgt
US5696189A,patent,EI Du Pont de Nemours and Co,Perfluoroelastomer compositions,https://patents.google.com/patent/US5696189A/en,Example 3,FFKM,"TFE/PMVE/8-CNVE (42.5 wt% PMVE, 3.3 wt% 8-CNVE), ML-10(150C)=30",nitrile_organotin,100,0.0,0.0,0,17.5,17.5,5.0,0.0,0.0,0.0,0.0,1.0,0.0,1.0,0.0,tetraphenyltin 1; fluoropolymer filler 5.0; ZnO acid acceptor,75.0,11.72,215.0,4.69,31.9,"200C x 70h, pellets, ASTM D395",0.096,"100% O2 plasma, Branson IPC barrel etcher, 500 W, 0.5 torr, 200 sccm, 120 min, O-ring at 25% compression",psi -> MPa (x0.00689476); Shore A,"Table II; normal-state values from ASTM slabs/pellets. O-ring (AS568A-214) values: M100 584 psi, Tb 1484 psi, Eb 258%, Shore A 80, CS 70h/200C 31.9%. Eb row labelled 'psi' in source (clearly %). Press cure 210C x 20 min, post cure N2 ramp to 305C, 26 h at 305C. 50/50 O2/C2F6 plasma weight loss = 0.228%. Long-term CS 672h at 200C/250C also reported.",batch_dupont3mgt
US5696189A,patent,EI Du Pont de Nemours and Co,Perfluoroelastomer compositions,https://patents.google.com/patent/US5696189A/en,Example 4,FFKM,"TFE/PMVE/8-CNVE (42.5 wt% PMVE, 3.3 wt% 8-CNVE), ML-10(150C)=30",nitrile_organotin,100,0.0,0.0,0,12.5,12.5,12.5,0.0,0.0,1.0,1.0,2.0,0.0,1.0,0.0,tetraphenyltin 2; Luperco 101XL peroxide 1; TAIC (DIAK #7) 1 (dual cure); fluoropolymer filler 12.5; ZnO acid acceptor,79.0,15.07,205.0,5.41,34.0,"200C x 70h, pellets, ASTM D395",0.103,"100% O2 plasma, Branson IPC barrel etcher, 500 W, 0.5 torr, 200 sccm, 120 min, O-ring at 25% compression",psi -> MPa (x0.00689476); Shore A,"Table II; normal-state values from ASTM slabs/pellets. O-ring (AS568A-214) values: M100 914 psi, Tb 1769 psi, Eb 178%, Shore A 82, CS 70h/200C 38.5%. Eb row labelled 'psi' in source (clearly %). Press cure 210C x 20 min, post cure N2 ramp to 305C, 26 h at 305C. 50/50 O2/C2F6 plasma weight loss = 0.24%. Long-term CS 672h at 200C/250C also reported.",batch_dupont3mgt
US5696189A,patent,EI Du Pont de Nemours and Co,Perfluoroelastomer compositions,https://patents.google.com/patent/US5696189A/en,Example 5,FFKM,"TFE/PMVE/8-CNVE (42.5 wt% PMVE, 3.3 wt% 8-CNVE), ML-10(150C)=30",nitrile_organotin,100,0.0,17.5,0,0.0,17.5,5.0,0.0,0.0,1.0,1.0,2.0,0.0,1.0,0.0,tetraphenyltin 2; Luperco 101XL peroxide 1; TAIC (DIAK #7) 1 (dual cure); fluoropolymer filler 5.0; ZnO acid acceptor,82.0,15.35,186.0,7.89,30.5,"200C x 70h, pellets, ASTM D395",0.103,"100% O2 plasma, Branson IPC barrel etcher, 500 W, 0.5 torr, 200 sccm, 120 min, O-ring at 25% compression",psi -> MPa (x0.00689476); Shore A,"Table II; normal-state values from ASTM slabs/pellets. O-ring (AS568A-214) values: M100 1081 psi, Tb 1853 psi, Eb 196%, Shore A 83, CS 70h/200C 39.5%. Eb row labelled 'psi' in source (clearly %). Press cure 210C x 20 min, post cure N2 ramp to 305C, 26 h at 305C. 50/50 O2/C2F6 plasma weight loss = 0.155%. Long-term CS 672h at 200C/250C also reported.",batch_dupont3mgt
US5696189A,patent,EI Du Pont de Nemours and Co,Perfluoroelastomer compositions,https://patents.google.com/patent/US5696189A/en,Example 6,FFKM,"TFE/PMVE/8-CNVE (42.5 wt% PMVE, 3.3 wt% 8-CNVE), ML-10(150C)=30",nitrile_organotin,100,0.0,17.5,0,0.0,17.5,5.0,0.0,0.0,1.0,1.0,2.0,0.0,0.0,0.0,tetraphenyltin 2; Luperco 101XL peroxide 1; TAIC (DIAK #7) 1 (dual cure); fluoropolymer filler 5.0,80.0,14.3,227.0,6.42,31.8,"200C x 70h, pellets, ASTM D395",0.097,"100% O2 plasma, Branson IPC barrel etcher, 500 W, 0.5 torr, 200 sccm, 120 min, O-ring at 25% compression",psi -> MPa (x0.00689476); Shore A,"Table II; normal-state values from ASTM slabs/pellets. O-ring (AS568A-214) values: M100 909 psi, Tb 1826 psi, Eb 210%, Shore A 83, CS 70h/200C 29.6%. Eb row labelled 'psi' in source (clearly %). Press cure 210C x 20 min, post cure N2 ramp to 305C, 26 h at 305C. 50/50 O2/C2F6 plasma weight loss = 0.273%. Long-term CS 672h at 200C/250C also reported.",batch_dupont3mgt
US5696189A,patent,EI Du Pont de Nemours and Co,Perfluoroelastomer compositions,https://patents.google.com/patent/US5696189A/en,Example 7,FFKM,"TFE/PMVE/8-CNVE (42.5 wt% PMVE, 3.3 wt% 8-CNVE), ML-10(150C)=30",nitrile_organotin,100,0.0,0.0,0,0.0,12.5,12.5,12.5,0.0,1.0,1.0,2.0,0.0,1.0,0.0,tetraphenyltin 2; Luperco 101XL peroxide 1; TAIC (DIAK #7) 1 (dual cure); fluoropolymer filler 12.5; aluminum silicate 12.5; ZnO acid acceptor,78.0,12.34,201.0,7.03,41.4,"200C x 70h, pellets, ASTM D395",,,psi -> MPa (x0.00689476); Shore A,"Table II; normal-state values from ASTM slabs/pellets (O-ring values not reported). Eb row labelled 'psi' in source (clearly %). Press cure 210C x 20 min, post cure N2 ramp to 305C, 26 h at 305C. ",batch_dupont3mgt
US7247749B2,patent,Federal State Unitary Enterprise S V Lebedev Institute of Synthetic Rubber; Greene Tweed of Delaware Inc,Bisaminophenyl-based curatives and amidine-based curatives and cure accelerators for perfluoroelastomeric compositions,https://patents.google.com/patent/US7247749B2/en,Sample 1,FFKM,"TFE/PMVE/2 cyano CSM tetrapolymer, Polymer A (redox, ML 45)",nitrile_bisaminophenol,100,25.0,0.0,0,0.0,0.0,0.0,0.0,0.0,0.0,0.0,1.8,0.0,0.0,1.5,Curative A 1.8; N990 carbon black 25; Fluorogard PCA 1.5,,13.0,197.0,4.28,29.0,"204C x 70h, 25% deflection",,,MPa (psi also given),"Tables 3/4 (Example 5). Cyano CSMs: CF2=CFO(CF2)3OCF(CF3)CN + CF2=CFOCF2CF(CF3)O(CF2)2CN. Size 214 O-rings; ASTM D412 B / D395 B. Curative A = 2,2-bis(3-amino-4-hydroxyphenyl)-R, R=-CF2(OCF2)3OCF3; Curative B: R=-CF2OCF2CF2(OCF2)2OCF3. Fluorogard PCA additive (text mentions a perfluorocarbon ether oil additive) recorded in processing_aid. Hardness not reported (only Durometer M in Table 9).",batch_dupont3mgt
US7247749B2,patent,Federal State Unitary Enterprise S V Lebedev Institute of Synthetic Rubber; Greene Tweed of Delaware Inc,Bisaminophenyl-based curatives and amidine-based curatives and cure accelerators for perfluoroelastomeric compositions,https://patents.google.com/patent/US7247749B2/en,Sample 2,FFKM,"TFE/PMVE/2 cyano CSM tetrapolymer, Polymer B (non-redox, ML 65)",nitrile_bisaminophenol,100,25.0,0.0,0,0.0,0.0,0.0,0.0,0.0,0.0,0.0,1.8,0.0,0.0,1.5,Curative A 1.8; N990 carbon black 25; Fluorogard PCA 1.5,,14.95,171.0,5.7,20.0,"204C x 70h, 25% deflection",,,MPa (psi also given),"Tables 3/4 (Example 5). Cyano CSMs: CF2=CFO(CF2)3OCF(CF3)CN + CF2=CFOCF2CF(CF3)O(CF2)2CN. Size 214 O-rings; ASTM D412 B / D395 B. Curative A = 2,2-bis(3-amino-4-hydroxyphenyl)-R, R=-CF2(OCF2)3OCF3; Curative B: R=-CF2OCF2CF2(OCF2)2OCF3. Fluorogard PCA additive (text mentions a perfluorocarbon ether oil additive) recorded in processing_aid. Hardness not reported (only Durometer M in Table 9).",batch_dupont3mgt
US7247749B2,patent,Federal State Unitary Enterprise S V Lebedev Institute of Synthetic Rubber; Greene Tweed of Delaware Inc,Bisaminophenyl-based curatives and amidine-based curatives and cure accelerators for perfluoroelastomeric compositions,https://patents.google.com/patent/US7247749B2/en,Sample 3,FFKM,"TFE/PMVE/2 cyano CSM tetrapolymer, Polymer B (non-redox, ML 65)",nitrile_bisaminophenol,100,25.0,0.0,0,0.0,0.0,0.0,0.0,0.0,0.0,0.0,1.0,1.0,0.0,1.5,"Curative A 1; perfluorooctanamidine 1 (accelerator, in other_curative); N990 carbon black 25; Fluorogard PCA 1.5",,13.42,179.0,4.27,23.0,"204C x 70h, 25% deflection",,,MPa (psi also given),"Tables 3/4 (Example 5). Cyano CSMs: CF2=CFO(CF2)3OCF(CF3)CN + CF2=CFOCF2CF(CF3)O(CF2)2CN. Size 214 O-rings; ASTM D412 B / D395 B. Curative A = 2,2-bis(3-amino-4-hydroxyphenyl)-R, R=-CF2(OCF2)3OCF3; Curative B: R=-CF2OCF2CF2(OCF2)2OCF3. Fluorogard PCA additive (text mentions a perfluorocarbon ether oil additive) recorded in processing_aid. Hardness not reported (only Durometer M in Table 9).",batch_dupont3mgt
US7247749B2,patent,Federal State Unitary Enterprise S V Lebedev Institute of Synthetic Rubber; Greene Tweed of Delaware Inc,Bisaminophenyl-based curatives and amidine-based curatives and cure accelerators for perfluoroelastomeric compositions,https://patents.google.com/patent/US7247749B2/en,Sample 4,FFKM,"TFE/PMVE/2 cyano CSM tetrapolymer, Polymer B (non-redox, ML 65)",nitrile_bisaminophenol,100,25.0,0.0,0,0.0,0.0,0.0,0.0,0.0,0.0,0.0,1.5,1.5,0.0,1.5,"Curative A 1.5; perfluorooctanamidine 1.5 (accelerator, in other_curative); N990 carbon black 25; Fluorogard PCA 1.5",,8.4,105.0,7.28,,,,,MPa (psi also given),"Tables 3/4 (Example 5). Cyano CSMs: CF2=CFO(CF2)3OCF(CF3)CN + CF2=CFOCF2CF(CF3)O(CF2)2CN. Size 214 O-rings; ASTM D412 B / D395 B. Curative A = 2,2-bis(3-amino-4-hydroxyphenyl)-R, R=-CF2(OCF2)3OCF3; Curative B: R=-CF2OCF2CF2(OCF2)2OCF3. Fluorogard PCA additive (text mentions a perfluorocarbon ether oil additive) recorded in processing_aid. Hardness not reported (only Durometer M in Table 9).",batch_dupont3mgt
US7247749B2,patent,Federal State Unitary Enterprise S V Lebedev Institute of Synthetic Rubber; Greene Tweed of Delaware Inc,Bisaminophenyl-based curatives and amidine-based curatives and cure accelerators for perfluoroelastomeric compositions,https://patents.google.com/patent/US7247749B2/en,Sample 5,FFKM,"TFE/PMVE/2 cyano CSM tetrapolymer, Polymer B (non-redox, ML 65)",nitrile_bisaminophenol,100,25.0,0.0,0,0.0,0.0,0.0,0.0,0.0,0.0,0.0,2.5,1.5,0.0,1.5,"Curative A 2.5; perfluorooctanamidine 1.5 (accelerator, in other_curative); N990 carbon black 25; Fluorogard PCA 1.5",,13.58,162.0,6.09,13.0,"204C x 70h, 25% deflection",,,MPa (psi also given),"Tables 3/4 (Example 5). Cyano CSMs: CF2=CFO(CF2)3OCF(CF3)CN + CF2=CFOCF2CF(CF3)O(CF2)2CN. Size 214 O-rings; ASTM D412 B / D395 B. Curative A = 2,2-bis(3-amino-4-hydroxyphenyl)-R, R=-CF2(OCF2)3OCF3; Curative B: R=-CF2OCF2CF2(OCF2)2OCF3. Fluorogard PCA additive (text mentions a perfluorocarbon ether oil additive) recorded in processing_aid. Hardness not reported (only Durometer M in Table 9).",batch_dupont3mgt
US7247749B2,patent,Federal State Unitary Enterprise S V Lebedev Institute of Synthetic Rubber; Greene Tweed of Delaware Inc,Bisaminophenyl-based curatives and amidine-based curatives and cure accelerators for perfluoroelastomeric compositions,https://patents.google.com/patent/US7247749B2/en,Sample 6,FFKM,"TFE/PMVE/2 cyano CSM tetrapolymer, Polymer B (non-redox, ML 65)",nitrile_bisaminophenol,100,25.0,0.0,0,0.0,0.0,0.0,0.0,0.0,0.0,0.0,3.0,1.0,0.0,1.5,"Curative A 3; perfluorooctanamidine 1 (accelerator, in other_curative); N990 carbon black 25; Fluorogard PCA 1.5",,13.72,145.0,6.93,9.2,"204C x 70h, 25% deflection",,,MPa (psi also given),"Tables 3/4 (Example 5). Cyano CSMs: CF2=CFO(CF2)3OCF(CF3)CN + CF2=CFOCF2CF(CF3)O(CF2)2CN. Size 214 O-rings; ASTM D412 B / D395 B. Curative A = 2,2-bis(3-amino-4-hydroxyphenyl)-R, R=-CF2(OCF2)3OCF3; Curative B: R=-CF2OCF2CF2(OCF2)2OCF3. Fluorogard PCA additive (text mentions a perfluorocarbon ether oil additive) recorded in processing_aid. Hardness not reported (only Durometer M in Table 9).",batch_dupont3mgt
US7247749B2,patent,Federal State Unitary Enterprise S V Lebedev Institute of Synthetic Rubber; Greene Tweed of Delaware Inc,Bisaminophenyl-based curatives and amidine-based curatives and cure accelerators for perfluoroelastomeric compositions,https://patents.google.com/patent/US7247749B2/en,Sample 7,FFKM,"TFE/PMVE/2 cyano CSM tetrapolymer, Polymer B (non-redox, ML 65)",nitrile_bisaminophenol,100,25.0,0.0,0,0.0,0.0,0.0,0.0,0.0,0.0,0.0,3.0,1.5,0.0,1.5,"Curative A 3; perfluorooctanamidine 1.5 (accelerator, in other_curative); N990 carbon black 25; Fluorogard PCA 1.5",,12.87,148.0,6.34,10.0,"204C x 70h, 25% deflection",,,MPa (psi also given),"Tables 3/4 (Example 5). Cyano CSMs: CF2=CFO(CF2)3OCF(CF3)CN + CF2=CFOCF2CF(CF3)O(CF2)2CN. Size 214 O-rings; ASTM D412 B / D395 B. Curative A = 2,2-bis(3-amino-4-hydroxyphenyl)-R, R=-CF2(OCF2)3OCF3; Curative B: R=-CF2OCF2CF2(OCF2)2OCF3. Fluorogard PCA additive (text mentions a perfluorocarbon ether oil additive) recorded in processing_aid. Hardness not reported (only Durometer M in Table 9).",batch_dupont3mgt
US7247749B2,patent,Federal State Unitary Enterprise S V Lebedev Institute of Synthetic Rubber; Greene Tweed of Delaware Inc,Bisaminophenyl-based curatives and amidine-based curatives and cure accelerators for perfluoroelastomeric compositions,https://patents.google.com/patent/US7247749B2/en,Sample 8,FFKM,"TFE/PMVE/2 cyano CSM tetrapolymer, Polymer B (non-redox, ML 65)",nitrile_bisaminophenol,100,25.0,0.0,0,0.0,0.0,0.0,0.0,0.0,0.0,0.0,4.0,2.0,0.0,1.5,"Curative A 4; perfluorooctanamidine 2 (accelerator, in other_curative); N990 carbon black 25; Fluorogard PCA 1.5",,12.94,149.0,6.77,11.0,"204C x 70h, 25% deflection",,,MPa (psi also given),"Tables 3/4 (Example 5). Cyano CSMs: CF2=CFO(CF2)3OCF(CF3)CN + CF2=CFOCF2CF(CF3)O(CF2)2CN. Size 214 O-rings; ASTM D412 B / D395 B. Curative A = 2,2-bis(3-amino-4-hydroxyphenyl)-R, R=-CF2(OCF2)3OCF3; Curative B: R=-CF2OCF2CF2(OCF2)2OCF3. Fluorogard PCA additive (text mentions a perfluorocarbon ether oil additive) recorded in processing_aid. Hardness not reported (only Durometer M in Table 9).",batch_dupont3mgt
US7247749B2,patent,Federal State Unitary Enterprise S V Lebedev Institute of Synthetic Rubber; Greene Tweed of Delaware Inc,Bisaminophenyl-based curatives and amidine-based curatives and cure accelerators for perfluoroelastomeric compositions,https://patents.google.com/patent/US7247749B2/en,Sample 9,FFKM,"TFE/PMVE/2 cyano CSM tetrapolymer, Polymer D (non-redox, ML 93)",nitrile_bisaminophenol,100,25.0,0.0,0,0.0,0.0,0.0,0.0,0.0,0.0,0.0,1.0,1.25,0.0,1.5,"BOAP 1; perfluorooctanamidine 1.25 (accelerator, in other_curative); N990 carbon black 25; Fluorogard PCA 1.5",,13.28,151.0,6.64,16.0,"204C x 70h, 25% deflection",,,MPa (psi also given),"Tables 3/4 (Example 5). BOAP 1 phr = 2.27 mmol. Cyano CSMs: CF2=CFO(CF2)3OCF(CF3)CN + CF2=CFOCF2CF(CF3)O(CF2)2CN. Size 214 O-rings; ASTM D412 B / D395 B. Curative A = 2,2-bis(3-amino-4-hydroxyphenyl)-R, R=-CF2(OCF2)3OCF3; Curative B: R=-CF2OCF2CF2(OCF2)2OCF3. Fluorogard PCA additive (text mentions a perfluorocarbon ether oil additive) recorded in processing_aid. Hardness not reported (only Durometer M in Table 9).",batch_dupont3mgt
US7247749B2,patent,Federal State Unitary Enterprise S V Lebedev Institute of Synthetic Rubber; Greene Tweed of Delaware Inc,Bisaminophenyl-based curatives and amidine-based curatives and cure accelerators for perfluoroelastomeric compositions,https://patents.google.com/patent/US7247749B2/en,Sample 10,FFKM,"TFE/PMVE/2 cyano CSM tetrapolymer, Polymer D (non-redox, ML 93)",nitrile_bisaminophenol,100,25.0,0.0,0,0.0,0.0,0.0,0.0,0.0,0.0,0.0,2.0,1.25,0.0,1.5,"Curative A 2; perfluorooctanamidine 1.25 (accelerator, in other_curative); N990 carbon black 25; Fluorogard PCA 1.5",,11.73,144.0,6.17,,,,,MPa (psi also given),"Tables 3/4 (Example 5). Curative A 2 phr = 3.2 mmol. Cyano CSMs: CF2=CFO(CF2)3OCF(CF3)CN + CF2=CFOCF2CF(CF3)O(CF2)2CN. Size 214 O-rings; ASTM D412 B / D395 B. Curative A = 2,2-bis(3-amino-4-hydroxyphenyl)-R, R=-CF2(OCF2)3OCF3; Curative B: R=-CF2OCF2CF2(OCF2)2OCF3. Fluorogard PCA additive (text mentions a perfluorocarbon ether oil additive) recorded in processing_aid. Hardness not reported (only Durometer M in Table 9).",batch_dupont3mgt
US7247749B2,patent,Federal State Unitary Enterprise S V Lebedev Institute of Synthetic Rubber; Greene Tweed of Delaware Inc,Bisaminophenyl-based curatives and amidine-based curatives and cure accelerators for perfluoroelastomeric compositions,https://patents.google.com/patent/US7247749B2/en,Comparative Sample 11,FFKM,"TFE/PMVE/2 cyano CSM tetrapolymer, Polymer C (non-redox, ML 64)",nitrile_bisaminophenol,100,25.0,0.0,0,0.0,0.0,0.0,0.0,0.0,0.0,0.0,1.0,0.0,0.0,1.5,BOAP 1; N990 carbon black 25; Fluorogard PCA 1.5,,13.4,165.0,7.4,16.0,230C x 70h,,,MPa (psi also given),"Tables 3/4 (Example 5). Cyano CSMs: CF2=CFO(CF2)3OCF(CF3)CN + CF2=CFOCF2CF(CF3)O(CF2)2CN. Size 214 O-rings; ASTM D412 B / D395 B. Curative A = 2,2-bis(3-amino-4-hydroxyphenyl)-R, R=-CF2(OCF2)3OCF3; Curative B: R=-CF2OCF2CF2(OCF2)2OCF3. Fluorogard PCA additive (text mentions a perfluorocarbon ether oil additive) recorded in processing_aid. Hardness not reported (only Durometer M in Table 9).",batch_dupont3mgt
US7247749B2,patent,Federal State Unitary Enterprise S V Lebedev Institute of Synthetic Rubber; Greene Tweed of Delaware Inc,Bisaminophenyl-based curatives and amidine-based curatives and cure accelerators for perfluoroelastomeric compositions,https://patents.google.com/patent/US7247749B2/en,Sample 12,FFKM,"TFE/PMVE/2 cyano CSM tetrapolymer, Polymer C (non-redox, ML 64)",nitrile_bisaminophenol,100,25.0,0.0,0,0.0,0.0,0.0,0.0,0.0,0.0,0.0,1.9,0.0,0.0,1.5,Curative B 1.9; N990 carbon black 25; Fluorogard PCA 1.5,,14.2,145.0,9.1,14.0,230C x 70h,,,MPa (psi also given),"Tables 3/4 (Example 5). Curative B 1.9 phr = 2.8 mmol. Cyano CSMs: CF2=CFO(CF2)3OCF(CF3)CN + CF2=CFOCF2CF(CF3)O(CF2)2CN. Size 214 O-rings; ASTM D412 B / D395 B. Curative A = 2,2-bis(3-amino-4-hydroxyphenyl)-R, R=-CF2(OCF2)3OCF3; Curative B: R=-CF2OCF2CF2(OCF2)2OCF3. Fluorogard PCA additive (text mentions a perfluorocarbon ether oil additive) recorded in processing_aid. Hardness not reported (only Durometer M in Table 9).",batch_dupont3mgt
US7247749B2,patent,Federal State Unitary Enterprise S V Lebedev Institute of Synthetic Rubber; Greene Tweed of Delaware Inc,Bisaminophenyl-based curatives and amidine-based curatives and cure accelerators for perfluoroelastomeric compositions,https://patents.google.com/patent/US7247749B2/en,Sample 13,FFKM,"TFE/PMVE/2 cyano CSM tetrapolymer, Polymer A (redox, ML 45)",nitrile_other,100,25.0,0.0,0,0.0,0.0,0.0,0.0,0.0,0.0,0.0,0.7,0.0,0.0,1.5,perfluorosebacamidine 0.7 (sole amidine curative); N990 carbon black 25; Fluorogard PCA 1.5,,8.56,247.0,2.46,11.0,204C x 70h (deflection not stated),,,MPa (psi also given),"Table 5; CB 25 / Fluorogard 1.5 stated in text. Post cure G (G = stepped to 260C x 18 h). Cyano CSMs: CF2=CFO(CF2)3OCF(CF3)CN + CF2=CFOCF2CF(CF3)O(CF2)2CN. Size 214 O-rings; ASTM D412 B / D395 B. Curative A = 2,2-bis(3-amino-4-hydroxyphenyl)-R, R=-CF2(OCF2)3OCF3; Curative B: R=-CF2OCF2CF2(OCF2)2OCF3. Fluorogard PCA additive (text mentions a perfluorocarbon ether oil additive) recorded in processing_aid. Hardness not reported (only Durometer M in Table 9).",batch_dupont3mgt
US7247749B2,patent,Federal State Unitary Enterprise S V Lebedev Institute of Synthetic Rubber; Greene Tweed of Delaware Inc,Bisaminophenyl-based curatives and amidine-based curatives and cure accelerators for perfluoroelastomeric compositions,https://patents.google.com/patent/US7247749B2/en,Sample 14,FFKM,"TFE/PMVE/2 cyano CSM tetrapolymer, Polymer A (redox, ML 45)",nitrile_other,100,25.0,0.0,0,0.0,0.0,0.0,0.0,0.0,0.0,0.0,1.0,0.0,0.0,1.5,perfluorosebacamidine 1.0 (sole amidine curative); N990 carbon black 25; Fluorogard PCA 1.5,,9.0,191.0,2.8,17.0,204C x 70h (deflection not stated),,,MPa (psi also given),"Table 5; CB 25 / Fluorogard 1.5 stated in text. Post cure 8h/288C/N2 (G = stepped to 260C x 18 h). Cyano CSMs: CF2=CFO(CF2)3OCF(CF3)CN + CF2=CFOCF2CF(CF3)O(CF2)2CN. Size 214 O-rings; ASTM D412 B / D395 B. Curative A = 2,2-bis(3-amino-4-hydroxyphenyl)-R, R=-CF2(OCF2)3OCF3; Curative B: R=-CF2OCF2CF2(OCF2)2OCF3. Fluorogard PCA additive (text mentions a perfluorocarbon ether oil additive) recorded in processing_aid. Hardness not reported (only Durometer M in Table 9).",batch_dupont3mgt
US7247749B2,patent,Federal State Unitary Enterprise S V Lebedev Institute of Synthetic Rubber; Greene Tweed of Delaware Inc,Bisaminophenyl-based curatives and amidine-based curatives and cure accelerators for perfluoroelastomeric compositions,https://patents.google.com/patent/US7247749B2/en,Sample 15,FFKM,"TFE/PMVE/2 cyano CSM tetrapolymer, Polymer A (redox, ML 45)",nitrile_other,100,25.0,0.0,0,0.0,0.0,0.0,0.0,0.0,0.0,0.0,1.25,0.0,0.0,1.5,perfluorosebacamidine 1.25 (sole amidine curative); N990 carbon black 25; Fluorogard PCA 1.5,,9.72,168.0,3.43,19.0,204C x 70h (deflection not stated),,,MPa (psi also given),"Table 5; CB 25 / Fluorogard 1.5 stated in text. Post cure 8h/288C/N2 (G = stepped to 260C x 18 h). Cyano CSMs: CF2=CFO(CF2)3OCF(CF3)CN + CF2=CFOCF2CF(CF3)O(CF2)2CN. Size 214 O-rings; ASTM D412 B / D395 B. Curative A = 2,2-bis(3-amino-4-hydroxyphenyl)-R, R=-CF2(OCF2)3OCF3; Curative B: R=-CF2OCF2CF2(OCF2)2OCF3. Fluorogard PCA additive (text mentions a perfluorocarbon ether oil additive) recorded in processing_aid. Hardness not reported (only Durometer M in Table 9).",batch_dupont3mgt
US7247749B2,patent,Federal State Unitary Enterprise S V Lebedev Institute of Synthetic Rubber; Greene Tweed of Delaware Inc,Bisaminophenyl-based curatives and amidine-based curatives and cure accelerators for perfluoroelastomeric compositions,https://patents.google.com/patent/US7247749B2/en,Sample 16,FFKM,"TFE/PMVE/2 cyano CSM tetrapolymer, Polymer A (redox, ML 45)",nitrile_other,100,25.0,0.0,0,0.0,0.0,0.0,0.0,0.0,0.0,0.0,1.5,0.0,0.0,1.5,perfluorosebacamidine 1.5 (sole amidine curative); N990 carbon black 25; Fluorogard PCA 1.5,,10.51,106.0,9.47,11.0,204C x 70h (deflection not stated),,,MPa (psi also given),"Table 5; CB 25 / Fluorogard 1.5 stated in text. Post cure G (G = stepped to 260C x 18 h). Cyano CSMs: CF2=CFO(CF2)3OCF(CF3)CN + CF2=CFOCF2CF(CF3)O(CF2)2CN. Size 214 O-rings; ASTM D412 B / D395 B. Curative A = 2,2-bis(3-amino-4-hydroxyphenyl)-R, R=-CF2(OCF2)3OCF3; Curative B: R=-CF2OCF2CF2(OCF2)2OCF3. Fluorogard PCA additive (text mentions a perfluorocarbon ether oil additive) recorded in processing_aid. Hardness not reported (only Durometer M in Table 9).",batch_dupont3mgt
US7247749B2,patent,Federal State Unitary Enterprise S V Lebedev Institute of Synthetic Rubber; Greene Tweed of Delaware Inc,Bisaminophenyl-based curatives and amidine-based curatives and cure accelerators for perfluoroelastomeric compositions,https://patents.google.com/patent/US7247749B2/en,Sample 17,FFKM,"TFE/PMVE/2 cyano CSM tetrapolymer, Polymer A (redox, ML 45)",nitrile_other,100,25.0,0.0,0,0.0,0.0,0.0,0.0,0.0,0.0,0.0,1.0,0.0,0.0,1.5,perfluorooctanamidine 1 (sole amidine curative); N990 carbon black 25; Fluorogard PCA 1.5,,6.63,328.0,1.86,63.0,204C x 70h (deflection not stated),,,MPa (psi also given),"Table 5; CB 25 / Fluorogard 1.5 stated in text. Post cure 8h/288C/N2 (G = stepped to 260C x 18 h). Cyano CSMs: CF2=CFO(CF2)3OCF(CF3)CN + CF2=CFOCF2CF(CF3)O(CF2)2CN. Size 214 O-rings; ASTM D412 B / D395 B. Curative A = 2,2-bis(3-amino-4-hydroxyphenyl)-R, R=-CF2(OCF2)3OCF3; Curative B: R=-CF2OCF2CF2(OCF2)2OCF3. Fluorogard PCA additive (text mentions a perfluorocarbon ether oil additive) recorded in processing_aid. Hardness not reported (only Durometer M in Table 9).",batch_dupont3mgt
US7247749B2,patent,Federal State Unitary Enterprise S V Lebedev Institute of Synthetic Rubber; Greene Tweed of Delaware Inc,Bisaminophenyl-based curatives and amidine-based curatives and cure accelerators for perfluoroelastomeric compositions,https://patents.google.com/patent/US7247749B2/en,Sample 18,FFKM,"TFE/PMVE/2 cyano CSM tetrapolymer, Polymer A (redox, ML 45)",nitrile_other,100,25.0,0.0,0,0.0,0.0,0.0,0.0,0.0,0.0,0.0,2.0,0.0,0.0,1.5,perfluorooctanamidine 2 (sole amidine curative); N990 carbon black 25; Fluorogard PCA 1.5,,8.89,212.0,2.61,40.0,204C x 70h (deflection not stated),,,MPa (psi also given),"Table 5; CB 25 / Fluorogard 1.5 stated in text. Post cure 8h/288C/N2 (G = stepped to 260C x 18 h). Cyano CSMs: CF2=CFO(CF2)3OCF(CF3)CN + CF2=CFOCF2CF(CF3)O(CF2)2CN. Size 214 O-rings; ASTM D412 B / D395 B. Curative A = 2,2-bis(3-amino-4-hydroxyphenyl)-R, R=-CF2(OCF2)3OCF3; Curative B: R=-CF2OCF2CF2(OCF2)2OCF3. Fluorogard PCA additive (text mentions a perfluorocarbon ether oil additive) recorded in processing_aid. Hardness not reported (only Durometer M in Table 9).",batch_dupont3mgt
US7247749B2,patent,Federal State Unitary Enterprise S V Lebedev Institute of Synthetic Rubber; Greene Tweed of Delaware Inc,Bisaminophenyl-based curatives and amidine-based curatives and cure accelerators for perfluoroelastomeric compositions,https://patents.google.com/patent/US7247749B2/en,Sample 19,FFKM,"TFE/PMVE/2 cyano CSM tetrapolymer, Polymer A (redox, ML 45)",nitrile_other,100,25.0,0.0,0,0.0,0.0,0.0,0.0,0.0,0.0,0.0,3.0,0.0,0.0,1.5,perfluorooctanamidine 3 (sole amidine curative); N990 carbon black 25; Fluorogard PCA 1.5,,10.49,167.0,4.12,24.0,204C x 70h (deflection not stated),,,MPa (psi also given),"Table 5; CB 25 / Fluorogard 1.5 stated in text. Post cure 8h/288C/N2 (G = stepped to 260C x 18 h). Cyano CSMs: CF2=CFO(CF2)3OCF(CF3)CN + CF2=CFOCF2CF(CF3)O(CF2)2CN. Size 214 O-rings; ASTM D412 B / D395 B. Curative A = 2,2-bis(3-amino-4-hydroxyphenyl)-R, R=-CF2(OCF2)3OCF3; Curative B: R=-CF2OCF2CF2(OCF2)2OCF3. Fluorogard PCA additive (text mentions a perfluorocarbon ether oil additive) recorded in processing_aid. Hardness not reported (only Durometer M in Table 9).",batch_dupont3mgt
US7247749B2,patent,Federal State Unitary Enterprise S V Lebedev Institute of Synthetic Rubber; Greene Tweed of Delaware Inc,Bisaminophenyl-based curatives and amidine-based curatives and cure accelerators for perfluoroelastomeric compositions,https://patents.google.com/patent/US7247749B2/en,Comparative Sample 20,FFKM,"TFE/PMVE/2 cyano CSM tetrapolymer, Polymer A (redox, ML 45)",nitrile_bisaminophenol,100,25.0,0.0,0,0.0,0.0,0.0,0.0,0.0,0.0,0.0,1.0,0.0,0.0,1.5,BOAP 1; N990 carbon black 25; Fluorogard PCA 1.5,,14.29,136.0,8.13,21.0,230C x 70h,,,MPa (psi also given),"Tables 6/7. Cyano CSMs: CF2=CFO(CF2)3OCF(CF3)CN + CF2=CFOCF2CF(CF3)O(CF2)2CN. Size 214 O-rings; ASTM D412 B / D395 B. Curative A = 2,2-bis(3-amino-4-hydroxyphenyl)-R, R=-CF2(OCF2)3OCF3; Curative B: R=-CF2OCF2CF2(OCF2)2OCF3. Fluorogard PCA additive (text mentions a perfluorocarbon ether oil additive) recorded in processing_aid. Hardness not reported (only Durometer M in Table 9).",batch_dupont3mgt
US7247749B2,patent,Federal State Unitary Enterprise S V Lebedev Institute of Synthetic Rubber; Greene Tweed of Delaware Inc,Bisaminophenyl-based curatives and amidine-based curatives and cure accelerators for perfluoroelastomeric compositions,https://patents.google.com/patent/US7247749B2/en,Sample 21,FFKM,"TFE/PMVE/2 cyano CSM tetrapolymer, Polymer A (redox, ML 45)",nitrile_bisaminophenol,100,25.0,0.0,0,0.0,0.0,0.0,0.0,0.0,0.0,0.0,0.5,0.5,0.0,1.5,"BOAP 0.5; perfluorosuberamidine 0.5 (accelerator, in other_curative); N990 carbon black 25; Fluorogard PCA 1.5",,9.33,243.0,2.4,31.0,230C x 70h,,,MPa (psi also given),"Tables 6/7. Cyano CSMs: CF2=CFO(CF2)3OCF(CF3)CN + CF2=CFOCF2CF(CF3)O(CF2)2CN. Size 214 O-rings; ASTM D412 B / D395 B. Curative A = 2,2-bis(3-amino-4-hydroxyphenyl)-R, R=-CF2(OCF2)3OCF3; Curative B: R=-CF2OCF2CF2(OCF2)2OCF3. Fluorogard PCA additive (text mentions a perfluorocarbon ether oil additive) recorded in processing_aid. Hardness not reported (only Durometer M in Table 9).",batch_dupont3mgt
US7247749B2,patent,Federal State Unitary Enterprise S V Lebedev Institute of Synthetic Rubber; Greene Tweed of Delaware Inc,Bisaminophenyl-based curatives and amidine-based curatives and cure accelerators for perfluoroelastomeric compositions,https://patents.google.com/patent/US7247749B2/en,Sample 22,FFKM,"TFE/PMVE/2 cyano CSM tetrapolymer, Polymer A (redox, ML 45)",nitrile_bisaminophenol,100,25.0,0.0,0,0.0,0.0,0.0,0.0,0.0,0.0,0.0,1.0,0.5,0.0,1.5,"BOAP 1; perfluorosuberamidine 0.5 (accelerator, in other_curative); N990 carbon black 25; Fluorogard PCA 1.5",,13.62,135.0,8.35,17.0,230C x 70h,,,MPa (psi also given),"Tables 6/7. Cyano CSMs: CF2=CFO(CF2)3OCF(CF3)CN + CF2=CFOCF2CF(CF3)O(CF2)2CN. Size 214 O-rings; ASTM D412 B / D395 B. Curative A = 2,2-bis(3-amino-4-hydroxyphenyl)-R, R=-CF2(OCF2)3OCF3; Curative B: R=-CF2OCF2CF2(OCF2)2OCF3. Fluorogard PCA additive (text mentions a perfluorocarbon ether oil additive) recorded in processing_aid. Hardness not reported (only Durometer M in Table 9).",batch_dupont3mgt
US7247749B2,patent,Federal State Unitary Enterprise S V Lebedev Institute of Synthetic Rubber; Greene Tweed of Delaware Inc,Bisaminophenyl-based curatives and amidine-based curatives and cure accelerators for perfluoroelastomeric compositions,https://patents.google.com/patent/US7247749B2/en,Sample 23,FFKM,"TFE/PMVE/2 cyano CSM tetrapolymer, Polymer A (redox, ML 45)",nitrile_bisaminophenol,100,25.0,0.0,0,0.0,0.0,0.0,0.0,0.0,0.0,0.0,1.0,0.25,0.0,1.5,"BOAP 1; perfluorosebacamidine 0.25 (accelerator, in other_curative); N990 carbon black 25; Fluorogard PCA 1.5",,11.44,190.0,3.46,31.0,230C x 70h,,,MPa (psi also given),"Tables 6/7. Cyano CSMs: CF2=CFO(CF2)3OCF(CF3)CN + CF2=CFOCF2CF(CF3)O(CF2)2CN. Size 214 O-rings; ASTM D412 B / D395 B. Curative A = 2,2-bis(3-amino-4-hydroxyphenyl)-R, R=-CF2(OCF2)3OCF3; Curative B: R=-CF2OCF2CF2(OCF2)2OCF3. Fluorogard PCA additive (text mentions a perfluorocarbon ether oil additive) recorded in processing_aid. Hardness not reported (only Durometer M in Table 9).",batch_dupont3mgt
US7247749B2,patent,Federal State Unitary Enterprise S V Lebedev Institute of Synthetic Rubber; Greene Tweed of Delaware Inc,Bisaminophenyl-based curatives and amidine-based curatives and cure accelerators for perfluoroelastomeric compositions,https://patents.google.com/patent/US7247749B2/en,Sample 24,FFKM,"TFE/PMVE/2 cyano CSM tetrapolymer, Polymer A (redox, ML 45)",nitrile_bisaminophenol,100,25.0,0.0,0,0.0,0.0,0.0,0.0,0.0,0.0,0.0,1.0,0.75,0.0,1.5,"BOAP 1; perfluorosebacamidine 0.75 (accelerator, in other_curative); N990 carbon black 25; Fluorogard PCA 1.5",,9.53,138.0,5.17,20.0,230C x 70h,,,MPa (psi also given),"Tables 6/7. Cyano CSMs: CF2=CFO(CF2)3OCF(CF3)CN + CF2=CFOCF2CF(CF3)O(CF2)2CN. Size 214 O-rings; ASTM D412 B / D395 B. Curative A = 2,2-bis(3-amino-4-hydroxyphenyl)-R, R=-CF2(OCF2)3OCF3; Curative B: R=-CF2OCF2CF2(OCF2)2OCF3. Fluorogard PCA additive (text mentions a perfluorocarbon ether oil additive) recorded in processing_aid. Hardness not reported (only Durometer M in Table 9).",batch_dupont3mgt
US7247749B2,patent,Federal State Unitary Enterprise S V Lebedev Institute of Synthetic Rubber; Greene Tweed of Delaware Inc,Bisaminophenyl-based curatives and amidine-based curatives and cure accelerators for perfluoroelastomeric compositions,https://patents.google.com/patent/US7247749B2/en,Sample 25,FFKM,"TFE/PMVE/2 cyano CSM tetrapolymer, Polymer A (redox, ML 45)",nitrile_bisaminophenol,100,25.0,0.0,0,0.0,0.0,0.0,0.0,0.0,0.0,0.0,1.0,1.0,0.0,1.5,"BOAP 1; perfluorooctanamidine 1 (accelerator, in other_curative); N990 carbon black 25; Fluorogard PCA 1.5",,12.95,195.0,4.06,27.0,"204C x 70h, 25% deflection",,,MPa (psi also given),"Tables 6/7. Cyano CSMs: CF2=CFO(CF2)3OCF(CF3)CN + CF2=CFOCF2CF(CF3)O(CF2)2CN. Size 214 O-rings; ASTM D412 B / D395 B. Curative A = 2,2-bis(3-amino-4-hydroxyphenyl)-R, R=-CF2(OCF2)3OCF3; Curative B: R=-CF2OCF2CF2(OCF2)2OCF3. Fluorogard PCA additive (text mentions a perfluorocarbon ether oil additive) recorded in processing_aid. Hardness not reported (only Durometer M in Table 9).",batch_dupont3mgt
US7247749B2,patent,Federal State Unitary Enterprise S V Lebedev Institute of Synthetic Rubber; Greene Tweed of Delaware Inc,Bisaminophenyl-based curatives and amidine-based curatives and cure accelerators for perfluoroelastomeric compositions,https://patents.google.com/patent/US7247749B2/en,Sample 26,FFKM,"TFE/PMVE/2 cyano CSM tetrapolymer, Polymer B (non-redox, ML 65)",nitrile_bisaminophenol,100,25.0,0.0,0,0.0,0.0,0.0,0.0,0.0,0.0,0.0,1.0,1.0,0.0,1.5,"BOAP 1; perfluorooctanamidine 1 (accelerator, in other_curative); N990 carbon black 25; Fluorogard PCA 1.5",,11.51,143.0,5.52,9.0,"204C x 70h, 25% deflection",,,MPa (psi also given),"Tables 6/7. Cyano CSMs: CF2=CFO(CF2)3OCF(CF3)CN + CF2=CFOCF2CF(CF3)O(CF2)2CN. Size 214 O-rings; ASTM D412 B / D395 B. Curative A = 2,2-bis(3-amino-4-hydroxyphenyl)-R, R=-CF2(OCF2)3OCF3; Curative B: R=-CF2OCF2CF2(OCF2)2OCF3. Fluorogard PCA additive (text mentions a perfluorocarbon ether oil additive) recorded in processing_aid. Hardness not reported (only Durometer M in Table 9).",batch_dupont3mgt
US7247749B2,patent,Federal State Unitary Enterprise S V Lebedev Institute of Synthetic Rubber; Greene Tweed of Delaware Inc,Bisaminophenyl-based curatives and amidine-based curatives and cure accelerators for perfluoroelastomeric compositions,https://patents.google.com/patent/US7247749B2/en,Sample 27,FFKM,"TFE/PMVE/2 cyano CSM tetrapolymer, Polymer A (redox, ML 45)",nitrile_bisaminophenol,100,25.0,0.0,0,0.0,0.0,0.0,0.0,0.0,0.0,0.0,1.5,1.25,0.0,,"BOAP 1.5; perfluorooctanamidine 1.25 (accelerator, in other_curative); N990 carbon black 25",,14.88,169.0,6.43,17.0,"204C x 70h, 25% deflection",,,MPa (psi also given),"Tables 6/7. Fluorogard PCA left blank: Table 6 lists 1.5 phr only for Samples 20-26 but text says all of Samples 20-30 contain 1.5 phr. Cyano CSMs: CF2=CFO(CF2)3OCF(CF3)CN + CF2=CFOCF2CF(CF3)O(CF2)2CN. Size 214 O-rings; ASTM D412 B / D395 B. Curative A = 2,2-bis(3-amino-4-hydroxyphenyl)-R, R=-CF2(OCF2)3OCF3; Curative B: R=-CF2OCF2CF2(OCF2)2OCF3. Fluorogard PCA additive (text mentions a perfluorocarbon ether oil additive) recorded in processing_aid. Hardness not reported (only Durometer M in Table 9).",batch_dupont3mgt
US7247749B2,patent,Federal State Unitary Enterprise S V Lebedev Institute of Synthetic Rubber; Greene Tweed of Delaware Inc,Bisaminophenyl-based curatives and amidine-based curatives and cure accelerators for perfluoroelastomeric compositions,https://patents.google.com/patent/US7247749B2/en,Sample 28,FFKM,"TFE/PMVE/2 cyano CSM tetrapolymer, Polymer A (redox, ML 45)",nitrile_bisaminophenol,100,25.0,0.0,0,0.0,0.0,0.0,0.0,0.0,0.0,0.0,2.0,1.25,0.0,,"BOAP 2; perfluorooctanamidine 1.25 (accelerator, in other_curative); N990 carbon black 25",,13.26,142.0,6.62,14.0,"204C x 70h, 18% deflection",,,MPa (psi also given),"Tables 6/7. Fluorogard PCA left blank: Table 6 lists 1.5 phr only for Samples 20-26 but text says all of Samples 20-30 contain 1.5 phr. Cyano CSMs: CF2=CFO(CF2)3OCF(CF3)CN + CF2=CFOCF2CF(CF3)O(CF2)2CN. Size 214 O-rings; ASTM D412 B / D395 B. Curative A = 2,2-bis(3-amino-4-hydroxyphenyl)-R, R=-CF2(OCF2)3OCF3; Curative B: R=-CF2OCF2CF2(OCF2)2OCF3. Fluorogard PCA additive (text mentions a perfluorocarbon ether oil additive) recorded in processing_aid. Hardness not reported (only Durometer M in Table 9).",batch_dupont3mgt
US7247749B2,patent,Federal State Unitary Enterprise S V Lebedev Institute of Synthetic Rubber; Greene Tweed of Delaware Inc,Bisaminophenyl-based curatives and amidine-based curatives and cure accelerators for perfluoroelastomeric compositions,https://patents.google.com/patent/US7247749B2/en,Sample 29,FFKM,"TFE/PMVE/2 cyano CSM tetrapolymer, Polymer A (redox, ML 45)",nitrile_bisaminophenol,100,25.0,0.0,0,0.0,0.0,0.0,0.0,0.0,0.0,0.0,1.5,1.25,0.0,,"BOAP 1.5; perfluoroheptanamidine 1.25 (accelerator, in other_curative); N990 carbon black 25",,13.85,166.0,,19.0,"260C x 70h, 18% deflection",,,MPa (psi also given),"Tables 6/7. Fluorogard PCA left blank: Table 6 lists 1.5 phr only for Samples 20-26 but text says all of Samples 20-30 contain 1.5 phr. M100 printed as 0.01 MPa with no psi value (apparent error) - omitted. Cyano CSMs: CF2=CFO(CF2)3OCF(CF3)CN + CF2=CFOCF2CF(CF3)O(CF2)2CN. Size 214 O-rings; ASTM D412 B / D395 B. Curative A = 2,2-bis(3-amino-4-hydroxyphenyl)-R, R=-CF2(OCF2)3OCF3; Curative B: R=-CF2OCF2CF2(OCF2)2OCF3. Fluorogard PCA additive (text mentions a perfluorocarbon ether oil additive) recorded in processing_aid. Hardness not reported (only Durometer M in Table 9).",batch_dupont3mgt
US7247749B2,patent,Federal State Unitary Enterprise S V Lebedev Institute of Synthetic Rubber; Greene Tweed of Delaware Inc,Bisaminophenyl-based curatives and amidine-based curatives and cure accelerators for perfluoroelastomeric compositions,https://patents.google.com/patent/US7247749B2/en,Sample 30,FFKM,"TFE/PMVE/2 cyano CSM tetrapolymer, Polymer D (non-redox, ML 93)",nitrile_bisaminophenol,100,25.0,0.0,0,0.0,0.0,0.0,0.0,0.0,0.0,0.0,1.5,1.25,0.0,,"BOAP 1.5; perfluoroheptanamidine 1.25 (accelerator, in other_curative); N990 carbon black 25",,16.44,143.0,,19.0,"260C x 70h, 18% deflection",,,MPa (psi also given),"Tables 6/7. Fluorogard PCA left blank: Table 6 lists 1.5 phr only for Samples 20-26 but text says all of Samples 20-30 contain 1.5 phr. M100 printed as 0.01 MPa with no psi value (apparent error) - omitted. Cyano CSMs: CF2=CFO(CF2)3OCF(CF3)CN + CF2=CFOCF2CF(CF3)O(CF2)2CN. Size 214 O-rings; ASTM D412 B / D395 B. Curative A = 2,2-bis(3-amino-4-hydroxyphenyl)-R, R=-CF2(OCF2)3OCF3; Curative B: R=-CF2OCF2CF2(OCF2)2OCF3. Fluorogard PCA additive (text mentions a perfluorocarbon ether oil additive) recorded in processing_aid. Hardness not reported (only Durometer M in Table 9).",batch_dupont3mgt
US7247749B2,patent,Federal State Unitary Enterprise S V Lebedev Institute of Synthetic Rubber; Greene Tweed of Delaware Inc,Bisaminophenyl-based curatives and amidine-based curatives and cure accelerators for perfluoroelastomeric compositions,https://patents.google.com/patent/US7247749B2/en,Control Sample 31,FFKM,"TFE/PMVE/2 cyano CSM tetrapolymer, Polymer B 114 ML 75 + 24 ML 25",nitrile_bisaminophenol,100,25.0,0.0,0,0.0,0.0,0.0,0.0,0.0,0.0,0.0,1.5,0.0,0.0,0.0,BOAP 1.5; N990 carbon black 25,,21.86,122.0,16.5,9.99,"204C x 70h, 25% deflection",,,psi -> MPa (x0.00689476),"Tables 8/9 (Example 6). Polymer = Polymer B 114 ML 75 + 24 ML 25 (Mooney at 100C). Durometer M hardness = 84 (Shore A not reported). CS 204C/70h/18% = 10.0; 230C/70h/18% = 12.0; 230C/70h/25% = 11.42. Post cure 24h/288C/N2. Cyano CSMs: CF2=CFO(CF2)3OCF(CF3)CN + CF2=CFOCF2CF(CF3)O(CF2)2CN. Size 214 O-rings; ASTM D412 B / D395 B. Curative A = 2,2-bis(3-amino-4-hydroxyphenyl)-R, R=-CF2(OCF2)3OCF3; Curative B: R=-CF2OCF2CF2(OCF2)2OCF3. Fluorogard PCA additive (text mentions a perfluorocarbon ether oil additive) recorded in processing_aid. Hardness not reported (only Durometer M in Table 9).",batch_dupont3mgt
US7247749B2,patent,Federal State Unitary Enterprise S V Lebedev Institute of Synthetic Rubber; Greene Tweed of Delaware Inc,Bisaminophenyl-based curatives and amidine-based curatives and cure accelerators for perfluoroelastomeric compositions,https://patents.google.com/patent/US7247749B2/en,Sample 32,FFKM,"TFE/PMVE/2 cyano CSM tetrapolymer, Polymer B 114 ML 75 + 24 ML 25",nitrile_other,100,25.0,0.0,0,0.0,0.0,0.0,0.0,0.0,0.0,0.0,1.54,0.0,0.0,0.0,heptafluorobutyrylamidine 1.54 (sole curative); N990 carbon black 25,,13.81,121.0,9.84,8.33,"204C x 70h, 25% deflection",,,psi -> MPa (x0.00689476),"Tables 8/9 (Example 6). Polymer = Polymer B 114 ML 75 + 24 ML 25 (Mooney at 100C). Durometer M hardness = 78 (Shore A not reported). CS 204C/70h/18% = 7.69; 230C/70h/18% = 3.84; 230C/70h/25% = 8.33. Post cure 24h/288C/N2. Cyano CSMs: CF2=CFO(CF2)3OCF(CF3)CN + CF2=CFOCF2CF(CF3)O(CF2)2CN. Size 214 O-rings; ASTM D412 B / D395 B. Curative A = 2,2-bis(3-amino-4-hydroxyphenyl)-R, R=-CF2(OCF2)3OCF3; Curative B: R=-CF2OCF2CF2(OCF2)2OCF3. Fluorogard PCA additive (text mentions a perfluorocarbon ether oil additive) recorded in processing_aid. Hardness not reported (only Durometer M in Table 9).",batch_dupont3mgt
US7247749B2,patent,Federal State Unitary Enterprise S V Lebedev Institute of Synthetic Rubber; Greene Tweed of Delaware Inc,Bisaminophenyl-based curatives and amidine-based curatives and cure accelerators for perfluoroelastomeric compositions,https://patents.google.com/patent/US7247749B2/en,Sample 33,FFKM,"TFE/PMVE/2 cyano CSM tetrapolymer, Polymer B 114 ML 75 + 24 ML 25",nitrile_bisaminophenol,100,25.0,0.0,0,0.0,0.0,0.0,0.0,0.0,0.0,0.0,1.5,0.64,0.0,0.0,"BOAP 1.5; heptafluorobutyrylamidine 0.64 (accelerator, in other_curative); N990 carbon black 25",,16.38,117.0,13.27,8.57,"204C x 70h, 25% deflection",,,psi -> MPa (x0.00689476),"Tables 8/9 (Example 6). Polymer = Polymer B 114 ML 75 + 24 ML 25 (Mooney at 100C). Durometer M hardness = 84 (Shore A not reported). CS 204C/70h/18% = 12.0; 230C/70h/18% = 8.0; 230C/70h/25% = 8.57. Post cure 24h/288C/N2. Cyano CSMs: CF2=CFO(CF2)3OCF(CF3)CN + CF2=CFOCF2CF(CF3)O(CF2)2CN. Size 214 O-rings; ASTM D412 B / D395 B. Curative A = 2,2-bis(3-amino-4-hydroxyphenyl)-R, R=-CF2(OCF2)3OCF3; Curative B: R=-CF2OCF2CF2(OCF2)2OCF3. Fluorogard PCA additive (text mentions a perfluorocarbon ether oil additive) recorded in processing_aid. Hardness not reported (only Durometer M in Table 9).",batch_dupont3mgt
US7247749B2,patent,Federal State Unitary Enterprise S V Lebedev Institute of Synthetic Rubber; Greene Tweed of Delaware Inc,Bisaminophenyl-based curatives and amidine-based curatives and cure accelerators for perfluoroelastomeric compositions,https://patents.google.com/patent/US7247749B2/en,Sample 34,FFKM,"TFE/PMVE/2 cyano CSM tetrapolymer, Polymer B 110 ML 75 + 24 ML 25",nitrile_other,100,25.0,0.0,0,0.0,0.0,0.0,0.0,0.0,0.0,0.0,0.64,0.0,0.0,0.0,heptafluorobutyrylamidine 0.64 (sole curative); N990 carbon black 25,,12.11,225.0,4.31,28.57,"204C x 70h, 25% deflection",,,psi -> MPa (x0.00689476),"Tables 8/9 (Example 6). Polymer = Polymer B 110 ML 75 + 24 ML 25 (Mooney at 100C). Durometer M hardness = 78 (Shore A not reported). CS 204C/70h/18% = 32.0; 230C/70h/18% = 36.0; 230C/70h/25% = 34.28. Post cure 24h/288C/N2. M100 printed as '625£' (footnote not explained). Cyano CSMs: CF2=CFO(CF2)3OCF(CF3)CN + CF2=CFOCF2CF(CF3)O(CF2)2CN. Size 214 O-rings; ASTM D412 B / D395 B. Curative A = 2,2-bis(3-amino-4-hydroxyphenyl)-R, R=-CF2(OCF2)3OCF3; Curative B: R=-CF2OCF2CF2(OCF2)2OCF3. Fluorogard PCA additive (text mentions a perfluorocarbon ether oil additive) recorded in processing_aid. Hardness not reported (only Durometer M in Table 9).",batch_dupont3mgt
US7402630B2,patent,3M Innovative Properties Co,Curing compositions for fluoropolymers,https://patents.google.com/patent/US7402630B2/en,Example 1,FFKM,Fluoropolymer A: TFE/PMVE/MV5CN 65.6/32.2/2.2 mol%,nitrile_triazine,100,0.0,0.0,0,0.0,0.0,0.0,0.0,0.0,0.0,0.0,,0.0,0.0,0.0,SPHI (sodium 2-phenyl-hexafluoroisopropanolate) 2 mmol per 100 g,57.0,9.93,260.0,1.21,53.0,"300C x 72h, O-ring 3.5 mm CS, ASTM D395 B",,,MPa (psi also given); Shore A (Type A-2),"Table 2/3. Onium/alkali fluorinated-alkoxide catalysts give triazine crosslinks. Catalyst amount given only in mmol per 100 g gum (phr not stated) - nitrile_curative_phr left blank. Unfilled, crystal clear. CS 230C/72h = 17 (25% deflection). Press 190C x 15 min, step post cure to 300C x 6 h. Commercial comparatives C-F (Chemraz/Kalrez/Parker data sheets) not included.",batch_dupont3mgt
US7402630B2,patent,3M Innovative Properties Co,Curing compositions for fluoropolymers,https://patents.google.com/patent/US7402630B2/en,Example 5A,FFKM,Fluoropolymer A: TFE/PMVE/MV5CN 65.6/32.2/2.2 mol%,nitrile_triazine,100,30.0,0.0,0,0.0,0.0,0.0,0.0,0.0,0.0,0.0,,0.0,0.0,0.0,TBPPHI (tetrabutylphosphonium 2-phenyl-hexafluoroisopropanolate) 2 mmol per 100 g; N990 carbon black 30,80.0,10.29,251.0,6.07,49.0,"316C x 72h, O-ring 3.5 mm CS, ASTM D395 B",,,MPa (psi also given); Shore A (Type A-2),Table 2/3. Onium/alkali fluorinated-alkoxide catalysts give triazine crosslinks. Catalyst amount given only in mmol per 100 g gum (phr not stated) - nitrile_curative_phr left blank.  Commercial comparatives C-F (Chemraz/Kalrez/Parker data sheets) not included.,batch_dupont3mgt
US7402630B2,patent,3M Innovative Properties Co,Curing compositions for fluoropolymers,https://patents.google.com/patent/US7402630B2/en,Example 5B,FFKM,Fluoropolymer A: TFE/PMVE/MV5CN 65.6/32.2/2.2 mol%,nitrile_triazine,100,30.0,0.0,0,0.0,0.0,0.0,0.0,0.0,0.0,0.0,,0.0,0.0,0.0,TBPPHI 2.5 mmol per 100 g; N990 carbon black 30,79.0,9.85,213.0,6.56,40.0,"316C x 72h, O-ring 3.5 mm CS, ASTM D395 B",,,MPa (psi also given); Shore A (Type A-2),Table 2/3. Onium/alkali fluorinated-alkoxide catalysts give triazine crosslinks. Catalyst amount given only in mmol per 100 g gum (phr not stated) - nitrile_curative_phr left blank. Tensile printed 9.846 MPa. Commercial comparatives C-F (Chemraz/Kalrez/Parker data sheets) not included.,batch_dupont3mgt
US7402630B2,patent,3M Innovative Properties Co,Curing compositions for fluoropolymers,https://patents.google.com/patent/US7402630B2/en,Example 5C,FFKM,Fluoropolymer A: TFE/PMVE/MV5CN 65.6/32.2/2.2 mol%,nitrile_triazine,100,30.0,0.0,0,0.0,0.0,0.0,0.0,0.0,0.0,0.0,,0.0,0.0,0.0,TBPPHI 3 mmol per 100 g; N990 carbon black 30,79.0,9.54,267.0,6.39,44.0,"316C x 72h, O-ring 3.5 mm CS, ASTM D395 B",,,MPa (psi also given); Shore A (Type A-2),Table 2/3. Onium/alkali fluorinated-alkoxide catalysts give triazine crosslinks. Catalyst amount given only in mmol per 100 g gum (phr not stated) - nitrile_curative_phr left blank. Tensile printed 9.542 MPa. Commercial comparatives C-F (Chemraz/Kalrez/Parker data sheets) not included.,batch_dupont3mgt
US7402630B2,patent,3M Innovative Properties Co,Curing compositions for fluoropolymers,https://patents.google.com/patent/US7402630B2/en,Example 7,FFKM,Fluoropolymer B: TFE/PMVE/MV5CN 65.7/33.0/1.3 mol%,nitrile_triazine,100,30.0,0.0,0,0.0,0.0,0.0,0.0,0.0,0.0,0.0,1.0,0.0,0.0,0.0,TBPPHI 1 phr; N990 carbon black 30,81.0,12.93,235.0,9.0,22.0,"300C x 72h, O-ring 3.5 mm CS, ASTM D395 B",,,MPa (psi also given); Shore A (Type A-2),"Table 2/3. Onium/alkali fluorinated-alkoxide catalysts give triazine crosslinks. Press 188C x 10 min, stepped post cure to 300C x 4 h. Commercial comparatives C-F (Chemraz/Kalrez/Parker data sheets) not included.",batch_dupont3mgt
US7402630B2,patent,3M Innovative Properties Co,Curing compositions for fluoropolymers,https://patents.google.com/patent/US7402630B2/en,Example 8,FFKM,Fluoropolymer B: TFE/PMVE/MV5CN 65.7/33.0/1.3 mol%,nitrile_triazine,100,30.0,0.0,0,0.0,0.0,0.0,0.0,0.0,0.0,0.0,1.2,0.0,0.0,0.0,TBPHI (tetrabutylphosphonium hexafluoroisopropanolate) 1.2 phr; N990 carbon black 30,82.0,11.07,220.0,8.58,31.0,"300C x 72h, O-ring 3.5 mm CS, ASTM D395 B",,,MPa (psi also given); Shore A (Type A-2),Table 2/3. Onium/alkali fluorinated-alkoxide catalysts give triazine crosslinks. Press/post cure as Example 7. Commercial comparatives C-F (Chemraz/Kalrez/Parker data sheets) not included.,batch_dupont3mgt
US7402630B2,patent,3M Innovative Properties Co,Curing compositions for fluoropolymers,https://patents.google.com/patent/US7402630B2/en,Example 13,FFKM,Fluoropolymer B: TFE/PMVE/MV5CN 65.7/33.0/1.3 mol%,nitrile_triazine,100,30.0,1.5,0,0.0,0.0,0.0,0.0,0.0,0.0,0.0,,0.0,0.0,0.0,TMAPHI (tetramethylammonium 2-phenyl-hexafluoroisopropanolate) 2.5 mmol per 100 g; N990 carbon black 30; Aerosil R972 silica 1.5,77.0,13.42,191.0,8.17,41.0,"300C x 72h, O-ring 3.5 mm CS, ASTM D395 B",,,MPa (psi also given); Shore A (Type A-2),"Table 2/3. Onium/alkali fluorinated-alkoxide catalysts give triazine crosslinks. Catalyst amount given only in mmol per 100 g gum (phr not stated) - nitrile_curative_phr left blank. Press 177C x 15 min, stepped post cure to 300C x 4 h. Commercial comparatives C-F (Chemraz/Kalrez/Parker data sheets) not included.",batch_dupont3mgt
US7402630B2,patent,3M Innovative Properties Co,Curing compositions for fluoropolymers,https://patents.google.com/patent/US7402630B2/en,Comparative Example A,FFKM,Fluoropolymer B: TFE/PMVE/MV5CN 65.7/33.0/1.3 mol%,nitrile_triazine,100,15.0,1.5,0,0.0,0.0,0.0,0.0,0.0,0.0,0.0,1.5,0.0,0.0,0.0,bis-tetrabutylphosphonium perfluoroadipate 1.5 phr (1.86 mmol); N990 carbon black 15; Aerosil R972 silica 1.5,79.0,13.1,170.0,7.21,48.0,"300C x 72h, O-ring 3.5 mm CS, ASTM D395 B",,,MPa (psi also given); Shore A (Type A-2),"Table 2/3. Onium/alkali fluorinated-alkoxide catalysts give triazine crosslinks. Molded 188C x 15 min, stepped post cure to 270C x 8 h. Commercial comparatives C-F (Chemraz/Kalrez/Parker data sheets) not included.",batch_dupont3mgt
US6956085B2,patent,3M Innovative Properties Co,Fluoroelastomer compositions,https://patents.google.com/patent/US6956085B2/en,Example 1,FFKM,Perfluoroelastomer B: TFE/PMVE/MV5CN 66.8/32.0/1.2 mol%,nitrile_other,100,0.0,1.5,0,40.0,4.0,0.0,0.0,0.0,0.0,0.0,0.8,0.0,0.0,0.0,"Curative A: 4'',4'''-(hexafluoroisopropylidene)bis(4-phenoxyaniline) 0.8; Aerosil R972 1.5; TiO2 (Sakai A-110) 4; BaSO4 (Sakai No.100) 40",75.0,14.89,165.0,10.48,47.0,"230C x 70h, 25% deflection, O-ring 3.5 mm CS",,,MPa; Shore A,"Tables 1/4. Amino-substituted aromatic curative for nitrile cure sites. CS 250C/70h/15% defl = 57. Press 188C x 20 min, post 200C x 24 h.",batch_dupont3mgt
US6956085B2,patent,3M Innovative Properties Co,Fluoroelastomer compositions,https://patents.google.com/patent/US6956085B2/en,Example 2,FFKM,Perfluoroelastomer B: TFE/PMVE/MV5CN 66.8/32.0/1.2 mol%,nitrile_other,100,0.0,1.5,0,40.0,4.0,0.0,0.0,0.0,0.0,0.0,0.5,0.0,0.0,0.0,Curative B: 4-phenoxyaniline 0.5; Aerosil R972 1.5; TiO2 (Sakai A-110) 4; BaSO4 (Sakai No.100) 40,75.0,16.31,200.0,8.27,59.0,"230C x 70h, 25% deflection, O-ring 3.5 mm CS",,,MPa; Shore A,"Tables 1/4. Amino-substituted aromatic curative for nitrile cure sites. CS 250C/70h/15% defl = 67. Press 188C x 20 min, post 200C x 24 h.",batch_dupont3mgt
US6956085B2,patent,3M Innovative Properties Co,Fluoroelastomer compositions,https://patents.google.com/patent/US6956085B2/en,Example 3,FFKM,Perfluoroelastomer B: TFE/PMVE/MV5CN 66.8/32.0/1.2 mol%,nitrile_other,100,0.0,1.5,0,40.0,4.0,0.0,0.0,0.0,0.0,0.0,1.0,0.0,0.0,0.0,"Curative C: 3,4,5-trimethoxyaniline 1.0; Aerosil R972 1.5; TiO2 (Sakai A-110) 4; BaSO4 (Sakai No.100) 40",75.0,13.65,190.0,7.58,70.0,"230C x 70h, 25% deflection, O-ring 3.5 mm CS",,,MPa; Shore A,"Tables 1/4. Amino-substituted aromatic curative for nitrile cure sites. CS 250C/70h/15% defl = 84. Press 188C x 20 min, post 200C x 24 h.",batch_dupont3mgt
US6956085B2,patent,3M Innovative Properties Co,Fluoroelastomer compositions,https://patents.google.com/patent/US6956085B2/en,Example 4,FFKM,Perfluoroelastomer B: TFE/PMVE/MV5CN 66.8/32.0/1.2 mol%,nitrile_other,100,0.0,1.5,0,40.0,4.0,0.0,0.0,0.0,0.0,0.0,0.5,0.0,0.0,0.0,Curative D: p-anisidine 0.5; Aerosil R972 1.5; TiO2 (Sakai A-110) 4; BaSO4 (Sakai No.100) 40,75.0,15.79,180.0,9.45,58.0,"230C x 70h, 25% deflection, O-ring 3.5 mm CS",,,MPa; Shore A,"Tables 1/4. Amino-substituted aromatic curative for nitrile cure sites. CS 250C/70h/15% defl = 72. Press 188C x 20 min, post 200C x 24 h.",batch_dupont3mgt
US6956085B2,patent,3M Innovative Properties Co,Fluoroelastomer compositions,https://patents.google.com/patent/US6956085B2/en,Example 5,FFKM,Perfluoroelastomer B: TFE/PMVE/MV5CN 66.8/32.0/1.2 mol%,nitrile_other,100,20.0,0.0,0,0.0,0.0,0.0,0.0,0.0,0.0,0.0,0.4,0.0,0.0,0.0,Curative D: p-anisidine 0.4; N990 carbon black 20,69.0,18.39,202.0,5.05,22.0,"230C x 70h, 25% deflection, O-ring 3.5 mm CS",,,MPa; Shore A,"Tables 1/4. Amino-substituted aromatic curative for nitrile cure sites. CS 316C/70h = 38. Press 177C x 30 min, stepped post cure to 300C x 16 h.",batch_dupont3mgt
US6956085B2,patent,3M Innovative Properties Co,Fluoroelastomer compositions,https://patents.google.com/patent/US6956085B2/en,Example 6,FFKM,Perfluoroelastomer A: TFE/PMVE/MV5CN 66.2/33.0/0.8 mol%,nitrile_other,100,15.0,0.0,0,0.0,0.0,0.0,0.0,0.0,0.0,0.0,2.0,0.0,0.0,0.0,"Curative E: 2,2-bis(4-aminophenyl)hexafluoropropane 2.0; N990 carbon black 15",67.0,15.03,217.0,4.14,45.3,"200C x 96h, 25% deflection, O-ring 3.5 mm CS",,,MPa; Shore A,"Tables 1/4. Amino-substituted aromatic curative for nitrile cure sites. CS 230C/96h = 53.1. Press 177C x 30 min, post 250C x 16 h.",batch_dupont3mgt
US20050107544A1,patent,DuPont Dow Elastomers LLC,Plasma resistant curable fluoroelastomer composition,https://patents.google.com/patent/US20050107544A1/en,Sample 1,FFKM,Fluoroelastomer 1: TFE/PMVE/8-CNVE 68.2/31.0/0.80 mol%,nitrile_bisaminophenol,100,0.0,0.0,0,10.0,0.0,0.0,0.0,0.0,0.0,0.0,1.75,0.0,0.0,0.0,Sachtoperse HU-N (100 nm BaSO4) 10; DABPAF 1.75,66.0,10.1,161.0,1.6,18.0,"204C x 70h, K214 O-ring, ASTM D1414",1.69,"O2 RIE parallel plate, 50 sccm, 900 W, 13 Pa, 1 h",MPa; Shore A,"Table I/II. Other plasma % weight loss: CF4/O2 (45.5/4.5 sccm, 900 W, 13 Pa, 1 h) 1.04; NF3/Ar (13/37 sccm, 900 W, 31 Pa, 1 h) 1.39. K214 O-rings, ASTM D1414. Post cure N2 305C x 26 h after slow ramp.",batch_dupont3mgt
US20050107544A1,patent,DuPont Dow Elastomers LLC,Plasma resistant curable fluoroelastomer composition,https://patents.google.com/patent/US20050107544A1/en,Sample 2,FFKM,Fluoroelastomer 1: TFE/PMVE/8-CNVE 68.2/31.0/0.80 mol%,nitrile_bisaminophenol,100,0.0,0.0,0,10.0,0.0,0.0,0.0,0.0,0.0,0.0,1.75,0.0,0.0,0.0,Sachtoperse HU-D (100 nm organic-surface-treated BaSO4) 10; DABPAF 1.75,66.0,9.1,195.0,1.8,21.0,"204C x 70h, K214 O-ring, ASTM D1414",1.98,"O2 RIE parallel plate, 50 sccm, 900 W, 13 Pa, 1 h",MPa; Shore A,"Table I/II. Other plasma % weight loss: CF4/O2 (45.5/4.5 sccm, 900 W, 13 Pa, 1 h) 1.06; NF3/Ar (13/37 sccm, 900 W, 31 Pa, 1 h) 1.47. K214 O-rings, ASTM D1414. Post cure N2 305C x 26 h after slow ramp.",batch_dupont3mgt
US20050107544A1,patent,DuPont Dow Elastomers LLC,Plasma resistant curable fluoroelastomer composition,https://patents.google.com/patent/US20050107544A1/en,Sample 3,FFKM,Fluoroelastomer 1: TFE/PMVE/8-CNVE 68.2/31.0/0.80 mol%,nitrile_triazine,100,0.0,0.0,0,10.0,0.0,0.0,0.0,0.0,0.0,0.0,0.3,0.0,0.0,0.0,Sachtoperse HU-N (100 nm BaSO4) 10; urea 0.3,65.0,6.2,214.0,1.8,33.0,"204C x 70h, K214 O-ring, ASTM D1414",1.77,"O2 RIE parallel plate, 50 sccm, 900 W, 13 Pa, 1 h",MPa; Shore A,"Table I/II. Other plasma % weight loss: CF4/O2 (45.5/4.5 sccm, 900 W, 13 Pa, 1 h) 1.06; NF3/Ar (13/37 sccm, 900 W, 31 Pa, 1 h) 1.36. K214 O-rings, ASTM D1414. Post cure N2 305C x 26 h after slow ramp.",batch_dupont3mgt
US20050107544A1,patent,DuPont Dow Elastomers LLC,Plasma resistant curable fluoroelastomer composition,https://patents.google.com/patent/US20050107544A1/en,Sample 4,FFKM,Fluoroelastomer 1: TFE/PMVE/8-CNVE 68.2/31.0/0.80 mol%,nitrile_bisaminophenol,100,0.0,0.0,0,18.0,0.0,0.0,0.0,0.0,0.0,0.0,1.75,0.1,0.0,0.0,Sachtoperse HU-N (100 nm BaSO4) 18; DABPAF 1.75; urea 0.1 (in other_curative),70.0,6.4,185.0,2.9,18.0,"204C x 70h, K214 O-ring, ASTM D1414",1.08,"O2 RIE parallel plate, 50 sccm, 900 W, 13 Pa, 1 h",MPa; Shore A,"Table I/II. Other plasma % weight loss: CF4/O2 (45.5/4.5 sccm, 900 W, 13 Pa, 1 h) 0.61; NF3/Ar (13/37 sccm, 900 W, 31 Pa, 1 h) 0.94. K214 O-rings, ASTM D1414. Post cure N2 305C x 26 h after slow ramp.",batch_dupont3mgt
US20050107544A1,patent,DuPont Dow Elastomers LLC,Plasma resistant curable fluoroelastomer composition,https://patents.google.com/patent/US20050107544A1/en,Sample 5,FFKM,Fluoroelastomer 1: TFE/PMVE/8-CNVE 68.2/31.0/0.80 mol%,peroxide,100,0.0,0.0,0,20.0,0.0,0.0,0.0,0.0,2.0,3.0,0.0,0.0,0.0,0.0,Sachtoperse HU-N (100 nm BaSO4) 20; Diak 8 (TMAIC) 2; PLC(DBPH)-68 peroxide 3 (68% active),74.0,9.6,195.0,3.4,33.0,"204C x 70h, K214 O-ring, ASTM D1414",1.08,"O2 RIE parallel plate, 50 sccm, 900 W, 13 Pa, 1 h",MPa; Shore A,"Table I/II. Other plasma % weight loss: CF4/O2 (45.5/4.5 sccm, 900 W, 13 Pa, 1 h) 0.56; NF3/Ar (13/37 sccm, 900 W, 31 Pa, 1 h) 0.66. K214 O-rings, ASTM D1414. Molded 177C x 10 min, post cure air 232C x 24 h.",batch_dupont3mgt
US20050107544A1,patent,DuPont Dow Elastomers LLC,Plasma resistant curable fluoroelastomer composition,https://patents.google.com/patent/US20050107544A1/en,Comparative Example A,FFKM,Fluoroelastomer 1: TFE/PMVE/8-CNVE 68.2/31.0/0.80 mol%,nitrile_bisaminophenol,100,0.0,0.0,0,10.0,0.0,0.0,0.0,0.0,0.0,0.0,1.75,0.0,0.0,0.0,Blanc Fixe F (1 um BaSO4) 10; DABPAF 1.75,63.0,6.3,161.0,1.4,13.0,"204C x 70h, K214 O-ring, ASTM D1414",3.25,"O2 RIE parallel plate, 50 sccm, 900 W, 13 Pa, 1 h",MPa; Shore A,"Table I/II. Other plasma % weight loss: CF4/O2 (45.5/4.5 sccm, 900 W, 13 Pa, 1 h) 1.59; NF3/Ar (13/37 sccm, 900 W, 31 Pa, 1 h) 2.08. K214 O-rings, ASTM D1414. Post cure N2 305C x 26 h after slow ramp.",batch_dupont3mgt
US20050107544A1,patent,DuPont Dow Elastomers LLC,Plasma resistant curable fluoroelastomer composition,https://patents.google.com/patent/US20050107544A1/en,Comparative Example B,FFKM,Fluoroelastomer 1: TFE/PMVE/8-CNVE 68.2/31.0/0.80 mol%,nitrile_triazine,100,0.0,0.0,0,10.0,0.0,0.0,0.0,0.0,0.0,0.0,0.3,0.0,0.0,0.0,Blanc Fixe F (1 um BaSO4) 10; urea 0.3,64.0,5.2,199.0,1.4,21.0,"204C x 70h, K214 O-ring, ASTM D1414",3.26,"O2 RIE parallel plate, 50 sccm, 900 W, 13 Pa, 1 h",MPa; Shore A,"Table I/II. Other plasma % weight loss: CF4/O2 (45.5/4.5 sccm, 900 W, 13 Pa, 1 h) 1.53; NF3/Ar (13/37 sccm, 900 W, 31 Pa, 1 h) 2.19. K214 O-rings, ASTM D1414. Post cure N2 305C x 26 h after slow ramp.",batch_dupont3mgt
US20050107544A1,patent,DuPont Dow Elastomers LLC,Plasma resistant curable fluoroelastomer composition,https://patents.google.com/patent/US20050107544A1/en,Sample 6,FKM,Fluoroelastomer 2: VDF/PMVE/TFE/BTFB 34/38/26/2 wt%,peroxide,100,0.0,0.0,0,20.0,0.0,0.0,0.0,0.0,4.2,2.0,0.0,0.0,0.0,0.0,Sachtoperse HU-N (100 nm BaSO4) 20; PLC(DBPH)-68 peroxide 2 (68% active); TAIC DLC-A 72% (TAIC on SiO2 carrier) 4.2,66.0,6.7,232.0,1.7,28.0,"204C x 70h, K214 O-ring, ASTM D1414",1.06,"NF3/Ar RIE, 13/37 sccm, 900 W, 31 Pa, 1 h (only plasma tested)",MPa; Shore A,"Table IV/V. Br cure-site FKM. Coagent recorded as stated (72% TAIC on silica carrier; silica carrier not counted in silica_phr). Molded 165C x 20 min, post cure air 180C x 20 h.",batch_dupont3mgt
US20050107544A1,patent,DuPont Dow Elastomers LLC,Plasma resistant curable fluoroelastomer composition,https://patents.google.com/patent/US20050107544A1/en,Comparative Example C,FKM,Fluoroelastomer 2: VDF/PMVE/TFE/BTFB 34/38/26/2 wt%,peroxide,100,0.0,0.0,0,20.0,0.0,0.0,0.0,0.0,4.2,2.0,0.0,0.0,0.0,0.0,Blanc Fixe F (1 um BaSO4) 20; PLC(DBPH)-68 peroxide 2 (68% active); TAIC DLC-A 72% (TAIC on SiO2 carrier) 4.2,66.0,5.2,242.0,1.6,32.0,"204C x 70h, K214 O-ring, ASTM D1414",1.38,"NF3/Ar RIE, 13/37 sccm, 900 W, 31 Pa, 1 h (only plasma tested)",MPa; Shore A,"Table IV/V. Br cure-site FKM. Coagent recorded as stated (72% TAIC on silica carrier; silica carrier not counted in silica_phr). Molded 165C x 20 min, post cure air 180C x 20 h.",batch_dupont3mgt
US6191208B1,patent,DuPont Dow Elastomers LLC,Thermally stable perfluoroelastomer composition,https://patents.google.com/patent/US6191208B1/en,Comparative Example A,FFKM,Polymer A: TFE/PMVE/8-CNVE 67.9/31.5/0.60 mol%,nitrile_organotin,100,12.0,0.0,0,0.0,0.0,0.0,0.0,0.0,0.0,0.0,3.0,0.3,0.0,0.0,tetraphenyltin 3; dicyclohexyl-18-crown-6 0.3 (in other_curative); SAF carbon black 12,,14.3,145.0,6.6,47.6,"200C x 336h, O-ring, ASTM D395",,,MPa,Table I. Tensile after post cure N2 42 h at 305C. HF generation 2000 ppm. Hardness not reported.,batch_dupont3mgt
US6191208B1,patent,DuPont Dow Elastomers LLC,Thermally stable perfluoroelastomer composition,https://patents.google.com/patent/US6191208B1/en,Comparative Example B,FFKM,Polymer B: TFE/PMVE/8-CNVE 68.2/31.0/0.80 mol%,nitrile_triazine,100,0.0,0.0,0,0.0,6.5,0.0,0.0,0.0,0.0,0.0,0.5,0.0,0.0,0.0,ammonium perfluorooctanoate 0.5; TiO2 6.5,,15.4,287.0,2.3,35.0,"200C x 336h, O-ring, ASTM D395",,,MPa,Table I. Tensile after post cure N2 42 h at 305C. HF generation 49 ppm. Hardness not reported.,batch_dupont3mgt
US6191208B1,patent,DuPont Dow Elastomers LLC,Thermally stable perfluoroelastomer composition,https://patents.google.com/patent/US6191208B1/en,Example 1,FFKM,Polymer C: TFE/PMVE/8-CNVE 68.6/30.4/1.03 mol%,nitrile_triazine,100,0.0,3.0,0,0.0,6.5,0.0,0.0,0.0,0.0,0.0,0.5,0.0,0.0,0.0,ammonium perfluorooctanoate 0.5; TiO2 6.5; Aerosil anhydrous silica 3,,18.2,246.0,3.6,35.0,"200C x 336h, O-ring, ASTM D395",,,MPa,Table I. Tensile after post cure N2 42 h at 305C. HF generation 7 ppm. Hardness not reported.,batch_dupont3mgt
US6191208B1,patent,DuPont Dow Elastomers LLC,Thermally stable perfluoroelastomer composition,https://patents.google.com/patent/US6191208B1/en,Example 2,FFKM,Polymer B: TFE/PMVE/8-CNVE 68.2/31.0/0.80 mol%,nitrile_triazine,100,0.0,1.0,0,0.0,6.5,0.0,0.0,0.0,0.0,0.0,0.5,0.0,0.0,0.0,ammonium perfluorooctanoate 0.5; TiO2 6.5; Aerosil anhydrous silica 1,,15.2,304.0,2.3,34.0,"200C x 336h, O-ring, ASTM D395",,,MPa,Table I. Tensile after post cure N2 42 h at 305C. HF generation 6 ppm. Hardness not reported.,batch_dupont3mgt
US6281296B1,patent,DuPont Dow Elastomers LLC,Curable perfluoroelastomer composition,https://patents.google.com/patent/US6281296B1/en,Example 1,FFKM,Polymer A: TFE/PMVE/8-CNVE 68.2/31.0/0.8 mol%,nitrile_bisaminophenol,100,0.0,1.0,0,0.0,6.5,0.0,0.0,0.0,0.0,0.0,1.5,0.1,0.0,0.0,DABPAF 1.5; acetaldehyde ammonia 0.1 (in other_curative); Aerosil 200 anhydrous silica 1; TiO2 6.5,,16.1,289.0,2.4,22.0,"204C x 70h, O-ring",,,MPa,Table I. CS 300C/70h = 52. Stress-strain after post cure N2 305C x 24 h (blank = not reported). Polymer isolated with D65 silicone defoamer. Hardness not reported.,batch_dupont3mgt
US6281296B1,patent,DuPont Dow Elastomers LLC,Curable perfluoroelastomer composition,https://patents.google.com/patent/US6281296B1/en,Example 2,FFKM,Polymer A: TFE/PMVE/8-CNVE 68.2/31.0/0.8 mol%,nitrile_bisaminophenol,100,0.0,1.0,0,0.0,6.5,0.0,0.0,0.0,0.0,0.0,1.5,0.1,0.0,0.0,DABPAF 1.5; urea 0.1 (in other_curative); Aerosil 200 anhydrous silica 1; TiO2 6.5,,,,,22.0,"204C x 70h, O-ring",,,MPa,Table I. CS 300C/70h = 51. Stress-strain after post cure N2 305C x 24 h (blank = not reported). Polymer isolated with D65 silicone defoamer. Hardness not reported.,batch_dupont3mgt
US6281296B1,patent,DuPont Dow Elastomers LLC,Curable perfluoroelastomer composition,https://patents.google.com/patent/US6281296B1/en,Control A,FFKM,Polymer A: TFE/PMVE/8-CNVE 68.2/31.0/0.8 mol%,nitrile_bisaminophenol,100,0.0,1.0,0,0.0,6.5,0.0,0.0,0.0,0.0,0.0,1.5,0.0,0.0,0.0,DABPAF 1.5; Aerosil 200 anhydrous silica 1; TiO2 6.5,,15.4,287.0,2.3,21.0,"204C x 70h, O-ring",,,MPa,Table I. CS 300C/70h = 50. Stress-strain after post cure N2 305C x 24 h (blank = not reported). Polymer isolated with D65 silicone defoamer. Hardness not reported.,batch_dupont3mgt
US6281296B1,patent,DuPont Dow Elastomers LLC,Curable perfluoroelastomer composition,https://patents.google.com/patent/US6281296B1/en,Example 3,FFKM,Polymer B: TFE/PMVE/8-CNVE 60.24/38.95/0.81 mol%,nitrile_bisaminophenol,100,25.0,1.0,0,0.0,0.0,0.0,0.0,0.0,0.0,0.0,1.5,0.1,0.0,0.0,DABPAF 1.5; acetaldehyde ammonia 0.1 (in other_curative); Aerosil 200 anhydrous silica 1; MT carbon black 25,,,,,13.0,"204C x 70h, O-ring",,,MPa,Table II. CS 300C/70h = 32. Stress-strain after post cure N2 305C x 24 h (blank = not reported). Polymer isolated with D65 silicone defoamer. Hardness not reported.,batch_dupont3mgt
US6281296B1,patent,DuPont Dow Elastomers LLC,Curable perfluoroelastomer composition,https://patents.google.com/patent/US6281296B1/en,Example 4,FFKM,Polymer B: TFE/PMVE/8-CNVE 60.24/38.95/0.81 mol%,nitrile_bisaminophenol,100,25.0,1.0,0,0.0,0.0,0.0,0.0,0.0,0.0,0.0,1.5,0.075,0.0,0.0,DABPAF 1.5; urea 0.075 (in other_curative); Aerosil 200 anhydrous silica 1; MT carbon black 25,,,,,9.0,"204C x 70h, O-ring",,,MPa,Table II. CS 300C/70h = 33. Stress-strain after post cure N2 305C x 24 h (blank = not reported). Polymer isolated with D65 silicone defoamer. Hardness not reported.,batch_dupont3mgt
US6281296B1,patent,DuPont Dow Elastomers LLC,Curable perfluoroelastomer composition,https://patents.google.com/patent/US6281296B1/en,Example 5,FFKM,Polymer B: TFE/PMVE/8-CNVE 60.24/38.95/0.81 mol%,nitrile_triazine,100,25.0,1.0,0,0.0,0.0,0.0,0.0,0.0,0.0,0.0,0.3,0.0,0.0,0.0,urea 0.3 (sole curative); Aerosil 200 anhydrous silica 1; MT carbon black 25,,,,,16.0,"204C x 70h, O-ring",,,MPa,Table III. CS 300C/70h = 26. Stress-strain after post cure N2 305C x 24 h (blank = not reported). Polymer isolated with D65 silicone defoamer. Hardness not reported.,batch_dupont3mgt
US6211319B1,patent,EI Du Pont de Nemours and Co,Perfluoroelastomer composition having improved processability,https://patents.google.com/patent/US6211319B1/en,Example 1,FFKM,"TFE/PMVE/8-CNVE 54.8/43/2.2 wt%, heat-treated (decarboxylated) 300C x 60 min, ML-10(121C)=69",nitrile_bisaminophenol,100,30.0,0.0,0,0.0,0.0,0.0,0.0,0.0,0.0,0.0,1.0,0.0,0.0,0.0,MT carbon black 30; bis(aminophenol) AF 1.0,,23.2,173.0,14.8,20.0,O-ring press-cured 275C x 20 min + post cure 300C x 18 h air; CS test temperature/time not stated,,,MPa,"Table I, post-cured values used. Press-cured only (210C x 20 min): M100 12.7, TB 15.9, EB 187, CS 37. Comparative Ex. 1 not tested for physical properties. Hardness not reported.",batch_dupont3mgt
US20040019153A1,patent,DuPont Dow Elastomers LLC,Process for making hig purity translucent perfluoroelastomer articles,https://patents.google.com/patent/US20040019153A1/en,Example 1,FFKM,Polymer A: TFE/PMVE/8-CNVE 66.7/32.6/0.7 mol%,nitrile_bisaminophenol,100,0.0,0.0,0,0.0,0.0,0.0,0.0,0.0,0.0,0.0,0.75,0.0,0.0,0.0,DABPAF 0.75; unfilled,,6.7,252.0,1.7,12.0,"204C x 70h, K214 O-ring, ASTM D395/D1414",,,MPa,"Table I. Press 193C x 15 min, air 288C x 24 h. Amber/translucent. Hardness not reported.",batch_dupont3mgt
US20040019153A1,patent,DuPont Dow Elastomers LLC,Process for making hig purity translucent perfluoroelastomer articles,https://patents.google.com/patent/US20040019153A1/en,Example 2,FFKM,Polymer A: TFE/PMVE/8-CNVE 66.7/32.6/0.7 mol%,nitrile_triazine,100,0.0,0.0,0,0.0,0.0,0.0,0.0,0.0,0.0,0.0,0.5,0.0,0.0,0.0,"TBC 0.5 (ammonia-generating curative; footnote not in source HTML, text names t-butyl carbamate as preferred); unfilled",,7.1,399.0,1.4,31.0,"204C x 70h, K214 O-ring, ASTM D395/D1414",,,MPa,"Table I. Press 232C x 30 min, air 316C x 40 h. Colorless/transparent. Hardness not reported.",batch_dupont3mgt
US20040019153A1,patent,DuPont Dow Elastomers LLC,Process for making hig purity translucent perfluoroelastomer articles,https://patents.google.com/patent/US20040019153A1/en,Example 3,FFKM,Polymer B: TFE/PMVE/8-CNVE 61.7/37.5/0.8 mol%,peroxide,100,0.0,0.0,0,0.0,0.0,0.0,0.0,0.0,1.0,1.0,0.0,0.0,0.0,0.0,Lupersol 101 peroxide 1; Diak #8 (TMAIC) 1; unfilled,,8.7,255.0,1.4,31.0,"204C x 70h, K214 O-ring, ASTM D395/D1414",,,MPa,Table I. Peroxide cure of nitrile-CSM polymer. Dumbbells press 199C x 10 min + air 232C x 24 h. Amber/translucent. Hardness not reported.,batch_dupont3mgt
US20090093590A1,patent,"Nippon Valqua Industries, Ltd.",Seal Material for Semiconductor Production Apparatus,https://patents.google.com/patent/US20090093590A1/en,Example 1,OTHER,"FFKM/FKM blend: Tecnoflon PFR94 (Solvay Solexis, TFE/PAVE FFKM) 80 + DAI-EL G902 (table: 'Daiel C 902'; VDF/HFP/TFE FKM) 20",peroxide,100,20.0,0.0,0,0.0,0.0,0.0,0.0,0.0,3.0,1.5,0.0,0.0,0.0,0.0,carbon black Thermax N990; coagent TAIC 3; peroxide Perhexa 25B-40 (40% active on silica) 1.5,,,,,33.0,"200C x 70h, ~25% compression, AS214 O-ring (JIS K6262)",0.3,"O2:CF4=9:1, RF 500 W, 150 sccm total, 0.5 torr, 1.5 h, 300 mm parallel-plate (Hirano Kouon)",parts by weight; MPa n/a; CS %,"Press 160C x 10 min, post-cure 200C x 16 h in vacuum. Plasma crack test (AS214 O-ring at 10% stretch): no crack; 0 cracks after 1.5 h. Blank FKM cells read as 0 (sum=100, totals 124.5/104.5 confirm).",batch_japan
US20090093590A1,patent,"Nippon Valqua Industries, Ltd.",Seal Material for Semiconductor Production Apparatus,https://patents.google.com/patent/US20090093590A1/en,Example 2,OTHER,"FFKM/FKM blend: Tecnoflon PFR94 (Solvay Solexis, TFE/PAVE FFKM) 70 + DAI-EL G902 (table: 'Daiel C 902'; VDF/HFP/TFE FKM) 30",peroxide,100,20.0,0.0,0,0.0,0.0,0.0,0.0,0.0,3.0,1.5,0.0,0.0,0.0,0.0,carbon black Thermax N990; coagent TAIC 3; peroxide Perhexa 25B-40 (40% active on silica) 1.5,,,,,32.0,"200C x 70h, ~25% compression, AS214 O-ring (JIS K6262)",0.32,"O2:CF4=9:1, RF 500 W, 150 sccm total, 0.5 torr, 1.5 h, 300 mm parallel-plate (Hirano Kouon)",parts by weight; MPa n/a; CS %,"Press 160C x 10 min, post-cure 200C x 16 h in vacuum. Plasma crack test (AS214 O-ring at 10% stretch): no crack; 0 cracks after 1.5 h. Blank FKM cells read as 0 (sum=100, totals 124.5/104.5 confirm).",batch_japan
US20090093590A1,patent,"Nippon Valqua Industries, Ltd.",Seal Material for Semiconductor Production Apparatus,https://patents.google.com/patent/US20090093590A1/en,Example 3,OTHER,"FFKM/FKM blend: Tecnoflon PFR94 (Solvay Solexis, TFE/PAVE FFKM) 50 + DAI-EL G902 (table: 'Daiel C 902'; VDF/HFP/TFE FKM) 50",peroxide,100,20.0,0.0,0,0.0,0.0,0.0,0.0,0.0,3.0,1.5,0.0,0.0,0.0,0.0,carbon black Thermax N990; coagent TAIC 3; peroxide Perhexa 25B-40 (40% active on silica) 1.5,,,,,30.0,"200C x 70h, ~25% compression, AS214 O-ring (JIS K6262)",0.4,"O2:CF4=9:1, RF 500 W, 150 sccm total, 0.5 torr, 1.5 h, 300 mm parallel-plate (Hirano Kouon)",parts by weight; MPa n/a; CS %,"Press 160C x 10 min, post-cure 200C x 16 h in vacuum. Plasma crack test (AS214 O-ring at 10% stretch): no crack; 0 cracks after 1.5 h. Blank FKM cells read as 0 (sum=100, totals 124.5/104.5 confirm).",batch_japan
US20090093590A1,patent,"Nippon Valqua Industries, Ltd.",Seal Material for Semiconductor Production Apparatus,https://patents.google.com/patent/US20090093590A1/en,Example 4,OTHER,"FFKM/FKM blend: Tecnoflon PFR94 (Solvay Solexis, TFE/PAVE FFKM) 80 + DAI-EL LT302 (VDF/PAVE/TFE FKM) 20",peroxide,100,20.0,0.0,0,0.0,0.0,0.0,0.0,0.0,3.0,1.5,0.0,0.0,0.0,0.0,carbon black Thermax N990; coagent TAIC 3; peroxide Perhexa 25B-40 (40% active on silica) 1.5,,,,,30.0,"200C x 70h, ~25% compression, AS214 O-ring (JIS K6262)",0.33,"O2:CF4=9:1, RF 500 W, 150 sccm total, 0.5 torr, 1.5 h, 300 mm parallel-plate (Hirano Kouon)",parts by weight; MPa n/a; CS %,"Press 160C x 10 min, post-cure 200C x 16 h in vacuum. Plasma crack test (AS214 O-ring at 10% stretch): no crack; 0 cracks after 1.5 h. Blank FKM cells read as 0 (sum=100, totals 124.5/104.5 confirm).",batch_japan
US20090093590A1,patent,"Nippon Valqua Industries, Ltd.",Seal Material for Semiconductor Production Apparatus,https://patents.google.com/patent/US20090093590A1/en,Example 5,OTHER,"FFKM/FKM blend: Tecnoflon PFR94 (Solvay Solexis, TFE/PAVE FFKM) 50 + DAI-EL LT302 (VDF/PAVE/TFE FKM) 50",peroxide,100,20.0,0.0,0,0.0,0.0,0.0,0.0,0.0,3.0,1.5,0.0,0.0,0.0,0.0,carbon black Thermax N990; coagent TAIC 3; peroxide Perhexa 25B-40 (40% active on silica) 1.5,,,,,33.0,"200C x 70h, ~25% compression, AS214 O-ring (JIS K6262)",0.41,"O2:CF4=9:1, RF 500 W, 150 sccm total, 0.5 torr, 1.5 h, 300 mm parallel-plate (Hirano Kouon)",parts by weight; MPa n/a; CS %,"Press 160C x 10 min, post-cure 200C x 16 h in vacuum. Plasma crack test (AS214 O-ring at 10% stretch): no crack; 0 cracks after 1.5 h. Blank FKM cells read as 0 (sum=100, totals 124.5/104.5 confirm).",batch_japan
US20090093590A1,patent,"Nippon Valqua Industries, Ltd.",Seal Material for Semiconductor Production Apparatus,https://patents.google.com/patent/US20090093590A1/en,Example 6,OTHER,"FFKM/FKM blend: Tecnoflon PFR94 (Solvay Solexis, TFE/PAVE FFKM) 70 + DAI-EL G902 (table: 'Daiel C 902'; VDF/HFP/TFE FKM) 30",peroxide,100,0.0,0.0,0,0.0,0.0,0.0,0.0,0.0,3.0,1.5,0.0,0.0,0.0,0.0,no filler; coagent TAIC 3; peroxide Perhexa 25B-40 (40% active on silica) 1.5,,,,,29.0,"200C x 70h, ~25% compression, AS214 O-ring (JIS K6262)",0.32,"O2:CF4=9:1, RF 500 W, 150 sccm total, 0.5 torr, 1.5 h, 300 mm parallel-plate (Hirano Kouon)",parts by weight; MPa n/a; CS %,"Press 160C x 10 min, post-cure 200C x 16 h in vacuum. Plasma crack test (AS214 O-ring at 10% stretch): no crack; 0 cracks after 1.5 h. Blank FKM cells read as 0 (sum=100, totals 124.5/104.5 confirm).",batch_japan
US20090093590A1,patent,"Nippon Valqua Industries, Ltd.",Seal Material for Semiconductor Production Apparatus,https://patents.google.com/patent/US20090093590A1/en,Example 7,OTHER,"FFKM/FKM blend: Tecnoflon PFR94 (Solvay Solexis, TFE/PAVE FFKM) 70 + DAI-EL LT302 (VDF/PAVE/TFE FKM) 30",peroxide,100,0.0,0.0,0,0.0,0.0,0.0,0.0,0.0,3.0,1.5,0.0,0.0,0.0,0.0,no filler; coagent TAIC 3; peroxide Perhexa 25B-40 (40% active on silica) 1.5,,,,,33.0,"200C x 70h, ~25% compression, AS214 O-ring (JIS K6262)",0.38,"O2:CF4=9:1, RF 500 W, 150 sccm total, 0.5 torr, 1.5 h, 300 mm parallel-plate (Hirano Kouon)",parts by weight; MPa n/a; CS %,"Press 160C x 10 min, post-cure 200C x 16 h in vacuum. Plasma crack test (AS214 O-ring at 10% stretch): no crack; 0 cracks after 1.5 h. Blank FKM cells read as 0 (sum=100, totals 124.5/104.5 confirm).",batch_japan
US20090093590A1,patent,"Nippon Valqua Industries, Ltd.",Seal Material for Semiconductor Production Apparatus,https://patents.google.com/patent/US20090093590A1/en,Comparative Example 1,OTHER,"FFKM/FKM blend: Tecnoflon PFR94 (Solvay Solexis, TFE/PAVE FFKM) 90 + DAI-EL G902 (table: 'Daiel C 902'; VDF/HFP/TFE FKM) 10",peroxide,100,20.0,0.0,0,0.0,0.0,0.0,0.0,0.0,3.0,1.5,0.0,0.0,0.0,0.0,carbon black Thermax N990; coagent TAIC 3; peroxide Perhexa 25B-40 (40% active on silica) 1.5,,,,,32.0,"200C x 70h, ~25% compression, AS214 O-ring (JIS K6262)",0.27,"O2:CF4=9:1, RF 500 W, 150 sccm total, 0.5 torr, 1.5 h, 300 mm parallel-plate (Hirano Kouon)",parts by weight; MPa n/a; CS %,"Press 160C x 10 min, post-cure 200C x 16 h in vacuum. Plasma crack test (AS214 O-ring at 10% stretch): crack at 80 min; 3 cracks after 1.5 h. Blank FKM cells read as 0 (sum=100, totals 124.5/104.5 confirm).",batch_japan
US20090093590A1,patent,"Nippon Valqua Industries, Ltd.",Seal Material for Semiconductor Production Apparatus,https://patents.google.com/patent/US20090093590A1/en,Comparative Example 2,OTHER,"FFKM/FKM blend: Tecnoflon PFR94 (Solvay Solexis, TFE/PAVE FFKM) 10 + DAI-EL G902 (table: 'Daiel C 902'; VDF/HFP/TFE FKM) 90",peroxide,100,20.0,0.0,0,0.0,0.0,0.0,0.0,0.0,3.0,1.5,0.0,0.0,0.0,0.0,carbon black Thermax N990; coagent TAIC 3; peroxide Perhexa 25B-40 (40% active on silica) 1.5,,,,,28.0,"200C x 70h, ~25% compression, AS214 O-ring (JIS K6262)",1.03,"O2:CF4=9:1, RF 500 W, 150 sccm total, 0.5 torr, 1.5 h, 300 mm parallel-plate (Hirano Kouon)",parts by weight; MPa n/a; CS %,"Press 160C x 10 min, post-cure 200C x 16 h in vacuum. Plasma crack test (AS214 O-ring at 10% stretch): crack at 20 min. Blank FKM cells read as 0 (sum=100, totals 124.5/104.5 confirm).",batch_japan
US20090093590A1,patent,"Nippon Valqua Industries, Ltd.",Seal Material for Semiconductor Production Apparatus,https://patents.google.com/patent/US20090093590A1/en,Comparative Example 3,OTHER,"FFKM/FKM blend: Tecnoflon PFR94 (Solvay Solexis, TFE/PAVE FFKM) 40 + DAI-EL G902 (table: 'Daiel C 902'; VDF/HFP/TFE FKM) 60",peroxide,100,20.0,0.0,0,0.0,0.0,0.0,0.0,0.0,3.0,1.5,0.0,0.0,0.0,0.0,carbon black Thermax N990; coagent TAIC 3; peroxide Perhexa 25B-40 (40% active on silica) 1.5,,,,,31.0,"200C x 70h, ~25% compression, AS214 O-ring (JIS K6262)",0.68,"O2:CF4=9:1, RF 500 W, 150 sccm total, 0.5 torr, 1.5 h, 300 mm parallel-plate (Hirano Kouon)",parts by weight; MPa n/a; CS %,"Press 160C x 10 min, post-cure 200C x 16 h in vacuum. Plasma crack test (AS214 O-ring at 10% stretch): crack at 90 min. Blank FKM cells read as 0 (sum=100, totals 124.5/104.5 confirm).",batch_japan
US20090093590A1,patent,"Nippon Valqua Industries, Ltd.",Seal Material for Semiconductor Production Apparatus,https://patents.google.com/patent/US20090093590A1/en,Comparative Example 4,OTHER,"FFKM/FKM blend: Tecnoflon PFR94 (Solvay Solexis, TFE/PAVE FFKM) 20 + DAI-EL G902 (table: 'Daiel C 902'; VDF/HFP/TFE FKM) 80",peroxide,100,20.0,0.0,0,0.0,0.0,0.0,0.0,0.0,3.0,1.5,0.0,0.0,0.0,0.0,carbon black Thermax N990; coagent TAIC 3; peroxide Perhexa 25B-40 (40% active on silica) 1.5,,,,,28.0,"200C x 70h, ~25% compression, AS214 O-ring (JIS K6262)",0.77,"O2:CF4=9:1, RF 500 W, 150 sccm total, 0.5 torr, 1.5 h, 300 mm parallel-plate (Hirano Kouon)",parts by weight; MPa n/a; CS %,"Press 160C x 10 min, post-cure 200C x 16 h in vacuum. Plasma crack test (AS214 O-ring at 10% stretch): crack at 80 min. Blank FKM cells read as 0 (sum=100, totals 124.5/104.5 confirm).",batch_japan
US20090093590A1,patent,"Nippon Valqua Industries, Ltd.",Seal Material for Semiconductor Production Apparatus,https://patents.google.com/patent/US20090093590A1/en,Comparative Example 5,FFKM,"Tecnoflon PFR94 (Solvay Solexis, TFE/PAVE FFKM)",peroxide,100,20.0,0.0,0,0.0,0.0,0.0,0.0,0.0,3.0,1.5,0.0,0.0,0.0,0.0,carbon black Thermax N990; coagent TAIC 3; peroxide Perhexa 25B-40 (40% active on silica) 1.5,,,,,28.0,"200C x 70h, ~25% compression, AS214 O-ring (JIS K6262)",0.26,"O2:CF4=9:1, RF 500 W, 150 sccm total, 0.5 torr, 1.5 h, 300 mm parallel-plate (Hirano Kouon)",parts by weight; MPa n/a; CS %,"Press 160C x 10 min, post-cure 200C x 16 h in vacuum. Plasma crack test (AS214 O-ring at 10% stretch): crack at 10 min. Blank FKM cells read as 0 (sum=100, totals 124.5/104.5 confirm).",batch_japan
US20090093590A1,patent,"Nippon Valqua Industries, Ltd.",Seal Material for Semiconductor Production Apparatus,https://patents.google.com/patent/US20090093590A1/en,Comparative Example 6,FKM,DAI-EL G902 (table: 'Daiel C 902'; VDF/HFP/TFE FKM),peroxide,100,20.0,0.0,0,0.0,0.0,0.0,0.0,0.0,3.0,1.5,0.0,0.0,0.0,0.0,carbon black Thermax N990; coagent TAIC 3; peroxide Perhexa 25B-40 (40% active on silica) 1.5,,,,,27.0,"200C x 70h, ~25% compression, AS214 O-ring (JIS K6262)",3.85,"O2:CF4=9:1, RF 500 W, 150 sccm total, 0.5 torr, 1.5 h, 300 mm parallel-plate (Hirano Kouon)",parts by weight; MPa n/a; CS %,"Press 160C x 10 min, post-cure 200C x 16 h in vacuum. Plasma crack test (AS214 O-ring at 10% stretch): crack at 10 min. Blank FKM cells read as 0 (sum=100, totals 124.5/104.5 confirm).",batch_japan
US20090093590A1,patent,"Nippon Valqua Industries, Ltd.",Seal Material for Semiconductor Production Apparatus,https://patents.google.com/patent/US20090093590A1/en,Comparative Example 7,OTHER,"FFKM/FKM blend: Tecnoflon PFR94 (Solvay Solexis, TFE/PAVE FFKM) 40 + DAI-EL LT302 (VDF/PAVE/TFE FKM) 60",peroxide,100,20.0,0.0,0,0.0,0.0,0.0,0.0,0.0,3.0,1.5,0.0,0.0,0.0,0.0,carbon black Thermax N990; coagent TAIC 3; peroxide Perhexa 25B-40 (40% active on silica) 1.5,,,,,34.0,"200C x 70h, ~25% compression, AS214 O-ring (JIS K6262)",0.85,"O2:CF4=9:1, RF 500 W, 150 sccm total, 0.5 torr, 1.5 h, 300 mm parallel-plate (Hirano Kouon)",parts by weight; MPa n/a; CS %,"Press 160C x 10 min, post-cure 200C x 16 h in vacuum. Plasma crack test (AS214 O-ring at 10% stretch): crack at 90 min; table blend-ratio row says 20/80 although formulation is 40/60. Blank FKM cells read as 0 (sum=100, totals 124.5/104.5 confirm).",batch_japan
US20090093590A1,patent,"Nippon Valqua Industries, Ltd.",Seal Material for Semiconductor Production Apparatus,https://patents.google.com/patent/US20090093590A1/en,Comparative Example 8,FKM,DAI-EL LT302 (VDF/PAVE/TFE FKM),peroxide,100,20.0,0.0,0,0.0,0.0,0.0,0.0,0.0,3.0,1.5,0.0,0.0,0.0,0.0,carbon black Thermax N990; coagent TAIC 3; peroxide Perhexa 25B-40 (40% active on silica) 1.5,,,,,35.0,"200C x 70h, ~25% compression, AS214 O-ring (JIS K6262)",4.52,"O2:CF4=9:1, RF 500 W, 150 sccm total, 0.5 torr, 1.5 h, 300 mm parallel-plate (Hirano Kouon)",parts by weight; MPa n/a; CS %,"Press 160C x 10 min, post-cure 200C x 16 h in vacuum. Plasma crack test (AS214 O-ring at 10% stretch): crack at 90 min. Blank FKM cells read as 0 (sum=100, totals 124.5/104.5 confirm).",batch_japan
US20160319102A1,patent,"Valqua, Ltd. (Nippon Valqua Industries)","Perfluoroelastomer composition, sealing material, and method for producing same",https://patents.google.com/patent/US20160319102A1/en,Example 1,FFKM,3M Dyneon PFE-131TZ (TFE/PAVE/CN-PAVE) 87.6 + elastomer part of 3M Dyneon PFE-133TBZ (CN-type FFKM + fluororesin) 12.4,nitrile_bisaminophenol,100,0.0,0.0,0,0.0,0.0,3.1,0.0,0.0,0.0,0.0,1.55,0.0,0.0,0.0,fluororesin contained in PFE-133TBZ 3.1; BOAP 1.55,68.0,12.6,220.0,2.8,15.0,"260C x 72h, 25% compression, O-ring 3.53 mm cross-section (JIS K6262)",,,"parts by weight; MPa; Shore A (type A durometer, sheet)",press 180C x 25 min; post-cure 280C x 6 h. Elastomer column = elastomer content of FFKM1 + FFKM2 (sum 100); fluororesin of PFE-133TBZ reported separately as 'Fluororesin 1'.,batch_japan
US20160319102A1,patent,"Valqua, Ltd. (Nippon Valqua Industries)","Perfluoroelastomer composition, sealing material, and method for producing same",https://patents.google.com/patent/US20160319102A1/en,Example 2,FFKM,3M Dyneon PFE-131TZ (TFE/PAVE/CN-PAVE) 74.5 + elastomer part of 3M Dyneon PFE-133TBZ (CN-type FFKM + fluororesin) 25.5,nitrile_bisaminophenol,100,0.0,0.0,0,0.0,0.0,6.4,0.0,0.0,0.0,0.0,1.6,0.0,0.0,0.0,fluororesin contained in PFE-133TBZ 6.4; BOAP 1.6,70.0,13.3,225.0,3.1,19.0,"260C x 72h, 25% compression, O-ring 3.53 mm cross-section (JIS K6262)",,,"parts by weight; MPa; Shore A (type A durometer, sheet)",press 180C x 25 min; post-cure 280C x 6 h. Elastomer column = elastomer content of FFKM1 + FFKM2 (sum 100); fluororesin of PFE-133TBZ reported separately as 'Fluororesin 1'.,batch_japan
US20160319102A1,patent,"Valqua, Ltd. (Nippon Valqua Industries)","Perfluoroelastomer composition, sealing material, and method for producing same",https://patents.google.com/patent/US20160319102A1/en,Example 3,FFKM,3M Dyneon PFE-131TZ (TFE/PAVE/CN-PAVE) 55.6 + elastomer part of 3M Dyneon PFE-133TBZ (CN-type FFKM + fluororesin) 44.4,nitrile_bisaminophenol,100,0.0,0.0,0,0.0,0.0,11.1,0.0,0.0,0.0,0.0,1.67,0.0,0.0,0.0,fluororesin contained in PFE-133TBZ 11.1; BOAP 1.67,74.0,15.5,210.0,4.3,23.0,"260C x 72h, 25% compression, O-ring 3.53 mm cross-section (JIS K6262)",,,"parts by weight; MPa; Shore A (type A durometer, sheet)",press 180C x 25 min; post-cure 280C x 6 h. Elastomer column = elastomer content of FFKM1 + FFKM2 (sum 100); fluororesin of PFE-133TBZ reported separately as 'Fluororesin 1'.,batch_japan
US20160319102A1,patent,"Valqua, Ltd. (Nippon Valqua Industries)","Perfluoroelastomer composition, sealing material, and method for producing same",https://patents.google.com/patent/US20160319102A1/en,Example 4,FFKM,3M Dyneon PFE-131TZ (TFE/PAVE/CN-PAVE) 20.4 + elastomer part of 3M Dyneon PFE-133TBZ (CN-type FFKM + fluororesin) 79.6,nitrile_bisaminophenol,100,0.0,0.0,0,0.0,0.0,19.9,0.0,0.0,0.0,0.0,1.8,0.0,0.0,0.0,fluororesin contained in PFE-133TBZ 19.9; BOAP 1.8,80.0,16.5,225.0,5.7,26.0,"260C x 72h, 25% compression, O-ring 3.53 mm cross-section (JIS K6262)",,,"parts by weight; MPa; Shore A (type A durometer, sheet)",press 180C x 25 min; post-cure 280C x 6 h. Elastomer column = elastomer content of FFKM1 + FFKM2 (sum 100); fluororesin of PFE-133TBZ reported separately as 'Fluororesin 1'.,batch_japan
US20160319102A1,patent,"Valqua, Ltd. (Nippon Valqua Industries)","Perfluoroelastomer composition, sealing material, and method for producing same",https://patents.google.com/patent/US20160319102A1/en,Example 5,FFKM,3M Dyneon PFE-131TZ (TFE/PAVE/CN-PAVE),nitrile_bisaminophenol,100,0.0,0.0,0,0.0,0.0,3.0,0.0,0.0,0.0,0.0,1.5,0.0,0.0,0.0,PTFE micropowder Dyneon TF9207Z 3.0; BOAP 1.5,68.0,12.2,220.0,2.1,18.0,"260C x 72h, 25% compression, O-ring 3.53 mm cross-section (JIS K6262)",,,"parts by weight; MPa; Shore A (type A durometer, sheet)",press 180C x 25 min; post-cure 280C x 6 h. Elastomer column = elastomer content of FFKM1 + FFKM2 (sum 100); fluororesin of PFE-133TBZ reported separately as 'Fluororesin 1'.,batch_japan
US20160319102A1,patent,"Valqua, Ltd. (Nippon Valqua Industries)","Perfluoroelastomer composition, sealing material, and method for producing same",https://patents.google.com/patent/US20160319102A1/en,Example 6,FFKM,3M Dyneon PFE-131TZ (TFE/PAVE/CN-PAVE),nitrile_bisaminophenol,100,0.0,0.0,0,0.0,0.0,20.0,0.0,0.0,0.0,0.0,1.5,0.0,0.0,0.0,PTFE micropowder Dyneon TF9207Z 20.0; BOAP 1.5,81.0,13.4,160.0,5.1,29.0,"260C x 72h, 25% compression, O-ring 3.53 mm cross-section (JIS K6262)",,,"parts by weight; MPa; Shore A (type A durometer, sheet)",press 180C x 25 min; post-cure 280C x 6 h. Elastomer column = elastomer content of FFKM1 + FFKM2 (sum 100); fluororesin of PFE-133TBZ reported separately as 'Fluororesin 1'.,batch_japan
US20160319102A1,patent,"Valqua, Ltd. (Nippon Valqua Industries)","Perfluoroelastomer composition, sealing material, and method for producing same",https://patents.google.com/patent/US20160319102A1/en,Comparative Example 1,FFKM,3M Dyneon PFE-131TZ (TFE/PAVE/CN-PAVE),nitrile_bisaminophenol,100,0.0,0.0,0,0.0,0.0,0.0,0.0,0.0,0.0,0.0,1.5,0.0,0.0,0.0,BOAP 1.5,64.0,11.5,210.0,1.5,11.0,"260C x 72h, 25% compression, O-ring 3.53 mm cross-section (JIS K6262)",,,"parts by weight; MPa; Shore A (type A durometer, sheet)",press 180C x 25 min; post-cure 280C x 6 h. Elastomer column = elastomer content of FFKM1 + FFKM2 (sum 100); fluororesin of PFE-133TBZ reported separately as 'Fluororesin 1'.,batch_japan
US20160319102A1,patent,"Valqua, Ltd. (Nippon Valqua Industries)","Perfluoroelastomer composition, sealing material, and method for producing same",https://patents.google.com/patent/US20160319102A1/en,Comparative Example 2,FFKM,elastomer part of 3M Dyneon PFE-133TBZ (CN-type FFKM + fluororesin),nitrile_bisaminophenol,100,0.0,0.0,0,0.0,0.0,25.0,0.0,0.0,0.0,0.0,1.89,0.0,0.0,0.0,fluororesin contained in PFE-133TBZ 25.0; BOAP 1.89,85.0,20.0,215.0,7.9,36.0,"260C x 72h, 25% compression, O-ring 3.53 mm cross-section (JIS K6262)",,,"parts by weight; MPa; Shore A (type A durometer, sheet)",press 180C x 25 min; post-cure 280C x 6 h. Elastomer column = elastomer content of FFKM1 + FFKM2 (sum 100); fluororesin of PFE-133TBZ reported separately as 'Fluororesin 1'.,batch_japan
US20160319102A1,patent,"Valqua, Ltd. (Nippon Valqua Industries)","Perfluoroelastomer composition, sealing material, and method for producing same",https://patents.google.com/patent/US20160319102A1/en,Comparative Example 3,FFKM,3M Dyneon PFE-131TZ (TFE/PAVE/CN-PAVE) 74.5 + elastomer part of 3M Dyneon PFE-133TBZ (CN-type FFKM + fluororesin) 25.5,nitrile_triazine,100,0.0,0.0,0,0.0,0.0,6.4,0.0,0.0,0.0,0.0,1.38,0.0,0.0,0.0,fluororesin contained in PFE-133TBZ 6.4; triazine catalyst Dyneon PFE300C 1.38,61.0,15.9,260.0,2.0,21.0,"260C x 72h, 25% compression, O-ring 3.53 mm cross-section (JIS K6262)",,,"parts by weight; MPa; Shore A (type A durometer, sheet)",press 170C x 20 min; post-cure 300C x 5 h. Elastomer column = elastomer content of FFKM1 + FFKM2 (sum 100); fluororesin of PFE-133TBZ reported separately as 'Fluororesin 1'.,batch_japan
US20160319102A1,patent,"Valqua, Ltd. (Nippon Valqua Industries)","Perfluoroelastomer composition, sealing material, and method for producing same",https://patents.google.com/patent/US20160319102A1/en,Comparative Example 4,FFKM,3M Dyneon PFE-131TZ (TFE/PAVE/CN-PAVE) 55.6 + elastomer part of 3M Dyneon PFE-133TBZ (CN-type FFKM + fluororesin) 44.4,nitrile_triazine,100,0.0,0.0,0,0.0,0.0,11.1,0.0,0.0,0.0,0.0,1.44,0.0,0.0,0.0,fluororesin contained in PFE-133TBZ 11.1; triazine catalyst Dyneon PFE300C 1.44,64.0,17.5,280.0,2.5,23.0,"260C x 72h, 25% compression, O-ring 3.53 mm cross-section (JIS K6262)",,,"parts by weight; MPa; Shore A (type A durometer, sheet)",press 170C x 20 min; post-cure 300C x 5 h. Elastomer column = elastomer content of FFKM1 + FFKM2 (sum 100); fluororesin of PFE-133TBZ reported separately as 'Fluororesin 1'.,batch_japan
US20160319102A1,patent,"Valqua, Ltd. (Nippon Valqua Industries)","Perfluoroelastomer composition, sealing material, and method for producing same",https://patents.google.com/patent/US20160319102A1/en,Comparative Example 5,FFKM,3M Dyneon PFE-131TZ (TFE/PAVE/CN-PAVE) 20.4 + elastomer part of 3M Dyneon PFE-133TBZ (CN-type FFKM + fluororesin) 79.6,nitrile_triazine,100,0.0,0.0,0,0.0,0.0,19.9,0.0,0.0,0.0,0.0,1.56,0.0,0.0,0.0,fluororesin contained in PFE-133TBZ 19.9; triazine catalyst Dyneon PFE300C 1.56,68.0,18.0,270.0,2.8,27.0,"260C x 72h, 25% compression, O-ring 3.53 mm cross-section (JIS K6262)",,,"parts by weight; MPa; Shore A (type A durometer, sheet)",press 170C x 20 min; post-cure 300C x 5 h. Elastomer column = elastomer content of FFKM1 + FFKM2 (sum 100); fluororesin of PFE-133TBZ reported separately as 'Fluororesin 1'.,batch_japan
US20160319102A1,patent,"Valqua, Ltd. (Nippon Valqua Industries)","Perfluoroelastomer composition, sealing material, and method for producing same",https://patents.google.com/patent/US20160319102A1/en,Comparative Example 7,FFKM,3M Dyneon PFE-131TZ (TFE/PAVE/CN-PAVE),nitrile_triazine,100,0.0,0.0,0,0.0,0.0,3.0,0.0,0.0,0.0,0.0,1.3,0.0,0.0,0.0,PTFE micropowder Dyneon TF9207Z 3.0; triazine catalyst Dyneon PFE300C 1.3,61.0,13.5,240.0,1.7,20.0,"260C x 72h, 25% compression, O-ring 3.53 mm cross-section (JIS K6262)",,,"parts by weight; MPa; Shore A (type A durometer, sheet)",press 170C x 20 min; post-cure 300C x 5 h. Elastomer column = elastomer content of FFKM1 + FFKM2 (sum 100); fluororesin of PFE-133TBZ reported separately as 'Fluororesin 1'.,batch_japan
US20160319102A1,patent,"Valqua, Ltd. (Nippon Valqua Industries)","Perfluoroelastomer composition, sealing material, and method for producing same",https://patents.google.com/patent/US20160319102A1/en,Comparative Example 8,FFKM,3M Dyneon PFE-131TZ (TFE/PAVE/CN-PAVE),nitrile_triazine,100,0.0,0.0,0,0.0,0.0,20.0,0.0,0.0,0.0,0.0,1.3,0.0,0.0,0.0,PTFE micropowder Dyneon TF9207Z 20.0; triazine catalyst Dyneon PFE300C 1.3,74.0,8.8,190.0,2.7,30.0,"260C x 72h, 25% compression, O-ring 3.53 mm cross-section (JIS K6262)",,,"parts by weight; MPa; Shore A (type A durometer, sheet)",press 170C x 20 min; post-cure 300C x 5 h. Elastomer column = elastomer content of FFKM1 + FFKM2 (sum 100); fluororesin of PFE-133TBZ reported separately as 'Fluororesin 1'.,batch_japan
US20160319102A1,patent,"Valqua, Ltd. (Nippon Valqua Industries)","Perfluoroelastomer composition, sealing material, and method for producing same",https://patents.google.com/patent/US20160319102A1/en,Comparative Example 9,FFKM,3M Dyneon PFE-131TZ (TFE/PAVE/CN-PAVE),nitrile_bisaminophenol,100,0.0,0.0,0,0.0,0.0,25.0,0.0,0.0,0.0,0.0,1.5,0.0,0.0,0.0,PTFE micropowder Dyneon TF9207Z 25.0; BOAP 1.5,86.0,13.9,130.0,6.9,33.0,"260C x 72h, 25% compression, O-ring 3.53 mm cross-section (JIS K6262)",,,"parts by weight; MPa; Shore A (type A durometer, sheet)",press 180C x 25 min; post-cure 280C x 6 h. Elastomer column = elastomer content of FFKM1 + FFKM2 (sum 100); fluororesin of PFE-133TBZ reported separately as 'Fluororesin 1'.,batch_japan
US20160319102A1,patent,"Valqua, Ltd. (Nippon Valqua Industries)","Perfluoroelastomer composition, sealing material, and method for producing same",https://patents.google.com/patent/US20160319102A1/en,Comparative Example 6,FFKM,Tecnoflon PFR94 (Solvay Specialty Polymers),peroxide,100,0.0,0.0,0,0.0,0.0,11.0,0.0,0.0,3.0,1.0,0.0,0.0,0.0,0.0,PTFE micropowder Dyneon TF9207Z 11.0; TAIC 3.00; Perhexa 25B 1.00,64.0,11.3,160.0,2.5,95.0,"260C x 72h, 25% compression, O-ring 3.53 mm cross-section (JIS K6262)",,,"parts by weight; MPa; Shore A (type A durometer, sheet)",press 170C x 20 min; post-cure 200C x 4 h.,batch_japan
US11118045B2,patent,"Valqua, Ltd.",Perfluoroelastomer composition and sealing material,https://patents.google.com/patent/US11118045B2/en,Example 1,FFKM,Tecnoflon PFR5910M (Solvay; TFE/PAVE/I-PAVE FFKM; elastomer part),peroxide,100,0.0,0.0,0,0.0,0.0,11.0,0.0,0.1,2.0,1.0,0.0,0.0,0.0,0.0,PTFE particles contained in PFR5910M 11; coagent of formula (3) contained in PFR5910M 2; Perhexa 25B 1; perylene pigment A (C.I. Pigment Red 149) 0.1,,,,,20.0,"200C x 72h, 25% compression, O-ring 3.53 mm cross-section (JIS K6262)",,,parts by weight; CS %,"Table 1. Press 165C x 20 min, post-cure 230C x 16 h. CS at 260C x 72h = 49%. Ozone exposure (200 g/m3, 160C, 72 h) weight loss 1.1% (not plasma). Ex1 and Ex5 have identical tabulated formulations but different results.",batch_japan
US11118045B2,patent,"Valqua, Ltd.",Perfluoroelastomer composition and sealing material,https://patents.google.com/patent/US11118045B2/en,Example 2,FFKM,Tecnoflon PFR5910M (Solvay; TFE/PAVE/I-PAVE FFKM; elastomer part),peroxide,100,0.0,0.0,0,0.0,0.0,11.0,0.0,0.1,2.0,1.0,0.0,0.0,0.0,0.0,PTFE particles contained in PFR5910M 11; coagent of formula (3) contained in PFR5910M 2; Perhexa 25B 1; perylene pigment B (C.I. Pigment Red 178) 0.1,,,,,20.0,"200C x 72h, 25% compression, O-ring 3.53 mm cross-section (JIS K6262)",,,parts by weight; CS %,"Table 1. Press 165C x 20 min, post-cure 230C x 16 h. CS at 260C x 72h = 53%. Ozone exposure (200 g/m3, 160C, 72 h) weight loss 1.09% (not plasma).",batch_japan
US11118045B2,patent,"Valqua, Ltd.",Perfluoroelastomer composition and sealing material,https://patents.google.com/patent/US11118045B2/en,Example 3,FFKM,Tecnoflon PFR5910M (Solvay; TFE/PAVE/I-PAVE FFKM; elastomer part),peroxide,100,0.0,0.0,0,0.0,0.0,11.0,0.0,0.3,2.0,1.0,0.0,0.0,0.0,0.0,PTFE particles contained in PFR5910M 11; coagent of formula (3) contained in PFR5910M 2; Perhexa 25B 1; perylene pigment A (C.I. Pigment Red 149) 0.3,,,,,23.0,"200C x 72h, 25% compression, O-ring 3.53 mm cross-section (JIS K6262)",,,parts by weight; CS %,"Table 1. Press 165C x 20 min, post-cure 230C x 16 h. CS at 260C x 72h = 50%. Ozone exposure (200 g/m3, 160C, 72 h) weight loss 1.01% (not plasma). Ex3 and Ex6 have identical tabulated formulations but different results.",batch_japan
US11118045B2,patent,"Valqua, Ltd.",Perfluoroelastomer composition and sealing material,https://patents.google.com/patent/US11118045B2/en,Example 4,FFKM,Tecnoflon PFR5910M (Solvay; TFE/PAVE/I-PAVE FFKM; elastomer part),peroxide,100,0.0,0.0,0,0.0,0.0,11.0,0.0,0.6,2.0,1.0,0.0,0.0,0.0,0.0,PTFE particles contained in PFR5910M 11; coagent of formula (3) contained in PFR5910M 2; Perhexa 25B 1; perylene pigment A (C.I. Pigment Red 149) 0.6,,,,,24.0,"200C x 72h, 25% compression, O-ring 3.53 mm cross-section (JIS K6262)",,,parts by weight; CS %,"Table 1. Press 165C x 20 min, post-cure 230C x 16 h. CS at 260C x 72h = 55%. Ozone exposure (200 g/m3, 160C, 72 h) weight loss 0.98% (not plasma).",batch_japan
US11118045B2,patent,"Valqua, Ltd.",Perfluoroelastomer composition and sealing material,https://patents.google.com/patent/US11118045B2/en,Example 5,FFKM,Tecnoflon PFR5910M (Solvay; TFE/PAVE/I-PAVE FFKM; elastomer part),peroxide,100,0.0,0.0,0,0.0,0.0,11.0,0.0,0.1,2.0,1.0,0.0,0.0,0.0,0.0,PTFE particles contained in PFR5910M 11; coagent of formula (3) contained in PFR5910M 2; Perhexa 25B 1; perylene pigment A (C.I. Pigment Red 149) 0.1,,,,,23.0,"200C x 72h, 25% compression, O-ring 3.53 mm cross-section (JIS K6262)",,,parts by weight; CS %,"Table 1. Press 165C x 20 min, post-cure 230C x 16 h. CS at 260C x 72h = 54%. Ozone exposure (200 g/m3, 160C, 72 h) weight loss 1.02% (not plasma). Ex1 and Ex5 have identical tabulated formulations but different results.",batch_japan
US11118045B2,patent,"Valqua, Ltd.",Perfluoroelastomer composition and sealing material,https://patents.google.com/patent/US11118045B2/en,Example 6,FFKM,Tecnoflon PFR5910M (Solvay; TFE/PAVE/I-PAVE FFKM; elastomer part),peroxide,100,0.0,0.0,0,0.0,0.0,11.0,0.0,0.3,2.0,1.0,0.0,0.0,0.0,0.0,PTFE particles contained in PFR5910M 11; coagent of formula (3) contained in PFR5910M 2; Perhexa 25B 1; perylene pigment A (C.I. Pigment Red 149) 0.3,,,,,25.0,"200C x 72h, 25% compression, O-ring 3.53 mm cross-section (JIS K6262)",,,parts by weight; CS %,"Table 1. Press 165C x 20 min, post-cure 230C x 16 h. CS at 260C x 72h = 53%. Ozone exposure (200 g/m3, 160C, 72 h) weight loss 1.01% (not plasma). Ex3 and Ex6 have identical tabulated formulations but different results.",batch_japan
US11118045B2,patent,"Valqua, Ltd.",Perfluoroelastomer composition and sealing material,https://patents.google.com/patent/US11118045B2/en,Example 7,FFKM,Tecnoflon PFR5910M (Solvay; TFE/PAVE/I-PAVE FFKM; elastomer part),peroxide,100,0.0,0.0,0,0.0,0.0,11.0,0.0,0.1,2.0,2.0,0.0,0.0,0.0,0.0,PTFE particles contained in PFR5910M 11; coagent of formula (3) contained in PFR5910M 2; Perhexa 25B 2; perylene pigment A (C.I. Pigment Red 149) 0.1,,,,,26.0,"200C x 72h, 25% compression, O-ring 3.53 mm cross-section (JIS K6262)",,,parts by weight; CS %,"Table 1. Press 165C x 20 min, post-cure 230C x 16 h. CS at 260C x 72h = 52%. Ozone exposure (200 g/m3, 160C, 72 h) weight loss 1.15% (not plasma).",batch_japan
US11118045B2,patent,"Valqua, Ltd.",Perfluoroelastomer composition and sealing material,https://patents.google.com/patent/US11118045B2/en,Example 8,FFKM,Tecnoflon PFR5910M (Solvay; TFE/PAVE/I-PAVE FFKM; elastomer part),peroxide,100,0.0,0.0,0,0.0,0.0,11.0,0.0,0.3,2.0,2.0,0.0,0.0,0.0,0.0,PTFE particles contained in PFR5910M 11; coagent of formula (3) contained in PFR5910M 2; Perhexa 25B 2; perylene pigment A (C.I. Pigment Red 149) 0.3,,,,,24.0,"200C x 72h, 25% compression, O-ring 3.53 mm cross-section (JIS K6262)",,,parts by weight; CS %,"Table 1. Press 165C x 20 min, post-cure 230C x 16 h. CS at 260C x 72h = 55%. Ozone exposure (200 g/m3, 160C, 72 h) weight loss 1.18% (not plasma).",batch_japan
US11118045B2,patent,"Valqua, Ltd.",Perfluoroelastomer composition and sealing material,https://patents.google.com/patent/US11118045B2/en,Example 9,FFKM,Tecnoflon PFR5910M (Solvay; TFE/PAVE/I-PAVE FFKM; elastomer part),peroxide,100,0.0,0.0,0,0.0,0.0,11.0,0.0,1.1,2.0,1.0,0.0,0.0,0.0,0.0,PTFE particles contained in PFR5910M 11; coagent of formula (3) contained in PFR5910M 2; Perhexa 25B 1; perylene pigment A (C.I. Pigment Red 149) 1.1,,,,,31.0,"200C x 72h, 25% compression, O-ring 3.53 mm cross-section (JIS K6262)",,,parts by weight; CS %,"Table 1. Press 165C x 20 min, post-cure 230C x 16 h. CS at 260C x 72h = 59%. Ozone exposure (200 g/m3, 160C, 72 h) weight loss 1.19% (not plasma).",batch_japan
US11118045B2,patent,"Valqua, Ltd.",Perfluoroelastomer composition and sealing material,https://patents.google.com/patent/US11118045B2/en,Comparative Example 1,FFKM,Tecnoflon PFR5910M (Solvay; TFE/PAVE/I-PAVE FFKM; elastomer part),peroxide,100,0.0,0.0,0,0.0,0.0,11.0,0.0,0.0,2.0,1.0,0.0,0.0,0.0,0.0,PTFE particles contained in PFR5910M 11; coagent of formula (3) contained in PFR5910M 2; Perhexa 25B 1,,,,,18.0,"200C x 72h, 25% compression, O-ring 3.53 mm cross-section (JIS K6262)",,,parts by weight; CS %,"Table 1. Press 165C x 20 min, post-cure 230C x 16 h. CS at 260C x 72h = 63%. Ozone exposure (200 g/m3, 160C, 72 h) weight loss 1.27% (not plasma).",batch_japan
US11118045B2,patent,"Valqua, Ltd.",Perfluoroelastomer composition and sealing material,https://patents.google.com/patent/US11118045B2/en,Example 12,FFKM,Tecnoflon PFR5910M (Solvay; TFE/PAVE/I-PAVE FFKM; elastomer part),peroxide,100,0.0,0.0,0,0.0,0.0,11.0,0.0,0.3,2.0,1.0,0.0,0.0,0.0,0.0,PTFE particles contained in PFR5910M 11; coagent of formula (3) contained in PFR5910M 2; Perhexa 25B 1; perylene pigment C (C.I. Pigment Red 179) 0.3,,,,,32.0,"200C x 72h, 25% compression, O-ring 3.53 mm cross-section (JIS K6262)",,,parts by weight; CS %,"Table 2. Press 165C x 20 min, post-cure 230C x 16 h. CS at 260C x 72h = 56%. Ozone exposure (200 g/m3, 160C, 72 h) weight loss 1.06% (not plasma). Peroxide cell printed as 'I' in Google Patents table, read as 1 (all other cells in row = 1).",batch_japan
US11118045B2,patent,"Valqua, Ltd.",Perfluoroelastomer composition and sealing material,https://patents.google.com/patent/US11118045B2/en,Example 13,FFKM,Tecnoflon PFR5910M (Solvay; TFE/PAVE/I-PAVE FFKM; elastomer part),peroxide,100,0.0,0.0,0,0.0,0.0,11.0,0.0,0.05,2.0,1.0,0.0,0.0,0.0,0.0,PTFE particles contained in PFR5910M 11; coagent of formula (3) contained in PFR5910M 2; Perhexa 25B 1; perylene pigment A (C.I. Pigment Red 149; Table 2 text says PR 119) 0.05,,,,,29.0,"200C x 72h, 25% compression, O-ring 3.53 mm cross-section (JIS K6262)",,,parts by weight; CS %,"Table 2. Press 165C x 20 min, post-cure 230C x 16 h. CS at 260C x 72h = 49%. Ozone exposure (200 g/m3, 160C, 72 h) weight loss 0.95% (not plasma).",batch_japan
US11118045B2,patent,"Valqua, Ltd.",Perfluoroelastomer composition and sealing material,https://patents.google.com/patent/US11118045B2/en,Comparative Example 4,FFKM,Tecnoflon PFR5910M (Solvay; TFE/PAVE/I-PAVE FFKM; elastomer part),peroxide,100,0.0,0.0,0,0.0,0.0,11.0,0.0,2.0,2.0,1.0,0.0,0.0,0.0,0.0,PTFE particles contained in PFR5910M 11; coagent of formula (3) contained in PFR5910M 2; Perhexa 25B 1; perylene pigment A (C.I. Pigment Red 149; Table 2 text says PR 119) 2.0,,,,,33.0,"200C x 72h, 25% compression, O-ring 3.53 mm cross-section (JIS K6262)",,,parts by weight; CS %,"Table 2. Press 165C x 20 min, post-cure 230C x 16 h. CS at 260C x 72h = 55%. Ozone exposure (200 g/m3, 160C, 72 h) weight loss 1.63% (not plasma).",batch_japan
US11118045B2,patent,"Valqua, Ltd.",Perfluoroelastomer composition and sealing material,https://patents.google.com/patent/US11118045B2/en,Comparative Example 5,FFKM,Tecnoflon PFR5910M (Solvay; TFE/PAVE/I-PAVE FFKM; elastomer part),peroxide,100,0.0,0.0,0,0.0,0.0,11.0,0.0,5.0,2.0,1.0,0.0,0.0,0.0,0.0,PTFE particles contained in PFR5910M 11; coagent of formula (3) contained in PFR5910M 2; Perhexa 25B 1; perylene pigment A (C.I. Pigment Red 149; Table 2 text says PR 119) 5.0,,,,,43.0,"200C x 72h, 25% compression, O-ring 3.53 mm cross-section (JIS K6262)",,,parts by weight; CS %,"Table 2. Press 165C x 20 min, post-cure 230C x 16 h. CS at 260C x 72h = 66%. Ozone exposure (200 g/m3, 160C, 72 h) weight loss 2.29% (not plasma).",batch_japan
US11118045B2,patent,"Valqua, Ltd.",Perfluoroelastomer composition and sealing material,https://patents.google.com/patent/US11118045B2/en,Comparative Example 6,FFKM,Tecnoflon PFR5910M (Solvay; TFE/PAVE/I-PAVE FFKM; elastomer part),peroxide,100,0.0,0.0,0,0.0,0.0,11.0,0.0,10.0,2.0,1.0,0.0,0.0,0.0,0.0,PTFE particles contained in PFR5910M 11; coagent of formula (3) contained in PFR5910M 2; Perhexa 25B 1; perylene pigment A (C.I. Pigment Red 149; Table 2 text says PR 119) 10.0,,,,,59.0,"200C x 72h, 25% compression, O-ring 3.53 mm cross-section (JIS K6262)",,,parts by weight; CS %,"Table 2. Press 165C x 20 min, post-cure 230C x 16 h. CS at 260C x 72h = 84%. Ozone exposure (200 g/m3, 160C, 72 h) weight loss 3.09% (not plasma).",batch_japan
US11118045B2,patent,"Valqua, Ltd.",Perfluoroelastomer composition and sealing material,https://patents.google.com/patent/US11118045B2/en,Comparative Example 7,FFKM,Tecnoflon PFR5910M (Solvay; TFE/PAVE/I-PAVE FFKM; elastomer part),peroxide,100,0.0,0.0,0,0.0,0.0,11.0,0.0,20.0,2.0,1.0,0.0,0.0,0.0,0.0,PTFE particles contained in PFR5910M 11; coagent of formula (3) contained in PFR5910M 2; Perhexa 25B 1; perylene pigment A (C.I. Pigment Red 149; Table 2 text says PR 119) 20.0,,,,,66.0,"200C x 72h, 25% compression, O-ring 3.53 mm cross-section (JIS K6262)",,,parts by weight; CS %,"Table 2. Press 165C x 20 min, post-cure 230C x 16 h. CS at 260C x 72h = 91%. Ozone exposure (200 g/m3, 160C, 72 h) weight loss 3.54% (not plasma).",batch_japan
US11118045B2,patent,"Valqua, Ltd.",Perfluoroelastomer composition and sealing material,https://patents.google.com/patent/US11118045B2/en,Example 10,FFKM,"3M PFE 191TZ (FFKM; placed in FFKM 2 row by inference, see notes)",nitrile_triazine,100,15.0,0.0,0,0.0,0.0,0.0,0.0,0.3,0.0,0.0,1.0,0.0,0.0,0.0,carbon black N990 MT 15; triazine catalyst 3M PFE 300C 1; perylene pigment B (C.I. Pigment Red 178) 0.3,,,,,11.0,"200C x 72h, 25% compression, O-ring 3.53 mm cross-section (JIS K6262)",,,parts by weight; CS %,"Press 165C x 10 min, post-cure 150C x 7 h + 300C x 4 h. CS at 260C x 72h = 9%. Ozone weight loss 1.79%. The '100' appears on the row line between FFKM 1 and FFKM 2 in the Google Patents table; assigned to FFKM 2 (PFE 191TZ) since FFKM 1 row is blank for this column and cure is triazine.",batch_japan
US11118045B2,patent,"Valqua, Ltd.",Perfluoroelastomer composition and sealing material,https://patents.google.com/patent/US11118045B2/en,Comparative Example 2,FFKM,"3M PFE 191TZ (FFKM; placed in FFKM 2 row by inference, see notes)",nitrile_triazine,100,15.0,0.0,0,0.0,0.0,0.0,0.0,0.0,0.0,0.0,1.0,0.0,0.0,0.0,carbon black N990 MT 15; triazine catalyst 3M PFE 300C 1,,,,,8.0,"200C x 72h, 25% compression, O-ring 3.53 mm cross-section (JIS K6262)",,,parts by weight; CS %,"Press 165C x 10 min, post-cure 150C x 7 h + 300C x 4 h. CS at 260C x 72h = 10%. Ozone weight loss 1.88%. '100' assigned to FFKM 2 (PFE 191TZ), see Example 10 note.",batch_japan
US11118045B2,patent,"Valqua, Ltd.",Perfluoroelastomer composition and sealing material,https://patents.google.com/patent/US11118045B2/en,Example 11,FFKM,3M PFE 133TBZ elastomer part 93 + 3M PFE 01CZ elastomer part 7,nitrile_triazine,100,0.0,2.0,0,0.0,0.0,23.0,0.0,0.4,0.0,0.0,2.0,0.0,0.0,0.0,fluororesin contained in PFE 133TBZ 23; triazine catalyst contained in PFE 01CZ 2; silica Aerosil R972 2; perylene pigment A (C.I. Pigment Red 149) 0.4,,,,,16.0,"200C x 72h, 25% compression, O-ring 3.53 mm cross-section (JIS K6262)",,,parts by weight; CS %,"Press 188C x 15 min, post-cure 250C x 24 h. CS at 260C x 72h = 43%. Ozone weight loss 1.12%. Silica row labelled 'Silion' in table = Aerosil R972.",batch_japan
US11118045B2,patent,"Valqua, Ltd.",Perfluoroelastomer composition and sealing material,https://patents.google.com/patent/US11118045B2/en,Comparative Example 3,FFKM,3M PFE 133TBZ elastomer part 93 + 3M PFE 01CZ elastomer part 7,nitrile_triazine,100,0.0,2.0,0,0.0,0.0,23.0,0.0,0.0,0.0,0.0,2.0,0.0,0.0,0.0,fluororesin contained in PFE 133TBZ 23; triazine catalyst contained in PFE 01CZ 2; silica Aerosil R972 2,,,,,18.0,"200C x 72h, 25% compression, O-ring 3.53 mm cross-section (JIS K6262)",,,parts by weight; CS %,"Press 188C x 15 min, post-cure 250C x 24 h. CS at 260C x 72h = 47%. Ozone weight loss 1.22%. Silica row labelled 'Silion' in table = Aerosil R972.",batch_japan
US8349965B2,patent,"Nippon Valqua Industries, Ltd.",Fluororubber composition capable of forming crack-resistant seal and crack-resistant seal formed from the composition,https://patents.google.com/patent/US8349965B2/en,Example 1,FKM,DAI-EL G912 (VDF/HFP/TFE),peroxide,100,0.0,0.0,0,0.0,0.0,0.0,0.0,0.0,4.0,1.5,0.0,0.5,0.0,0.0,TAIC 4; Perhexa 25B 1.5; bisphenol AF 0.5 (polyol additive),,,,,24.0,"200C x 70h, 25% compression, AS214 O-ring (JIS K6262)",2.1,"O2:CF4=9:1, RF 300 W, 200 sccm, 1 torr, 6 h, sample 10 cm from electrode (Hirano Koh-On plate apparatus)",parts by weight; CS %; weight loss %,"Press 160C x 30 min, post-cure 180C x 16 h (vacuum). Plasma crack test (2 h, 28% stretch): No crack.",batch_japan
US8349965B2,patent,"Nippon Valqua Industries, Ltd.",Fluororubber composition capable of forming crack-resistant seal and crack-resistant seal formed from the composition,https://patents.google.com/patent/US8349965B2/en,Example 2,FKM,DAI-EL LT302 (VDF/PAVE/TFE),peroxide,100,0.0,0.0,0,0.0,0.0,0.0,0.0,0.0,4.0,1.5,0.0,0.5,0.0,0.0,TAIC 4; Perhexa 25B 1.5; bisphenol AF 0.5 (polyol additive),,,,,36.0,"200C x 70h, 25% compression, AS214 O-ring (JIS K6262)",4.3,"O2:CF4=9:1, RF 300 W, 200 sccm, 1 torr, 6 h, sample 10 cm from electrode (Hirano Koh-On plate apparatus)",parts by weight; CS %; weight loss %,"Press 160C x 30 min, post-cure 180C x 16 h (vacuum). Plasma crack test (2 h, 28% stretch): No crack.",batch_japan
US8349965B2,patent,"Nippon Valqua Industries, Ltd.",Fluororubber composition capable of forming crack-resistant seal and crack-resistant seal formed from the composition,https://patents.google.com/patent/US8349965B2/en,Example 3,FKM,DAI-EL G912 (VDF/HFP/TFE) 50 + DAI-EL LT302 (VDF/PAVE/TFE) 50,peroxide,100,0.0,0.0,0,0.0,0.0,0.0,0.0,0.0,4.0,1.5,0.0,0.5,0.0,0.0,TAIC 4; Perhexa 25B 1.5; bisphenol AF 0.5 (polyol additive),,,,,29.0,"200C x 70h, 25% compression, AS214 O-ring (JIS K6262)",3.5,"O2:CF4=9:1, RF 300 W, 200 sccm, 1 torr, 6 h, sample 10 cm from electrode (Hirano Koh-On plate apparatus)",parts by weight; CS %; weight loss %,"Press 160C x 30 min, post-cure 180C x 16 h (vacuum). Plasma crack test (2 h, 28% stretch): No crack.",batch_japan
US8349965B2,patent,"Nippon Valqua Industries, Ltd.",Fluororubber composition capable of forming crack-resistant seal and crack-resistant seal formed from the composition,https://patents.google.com/patent/US8349965B2/en,Example 4,FKM,DAI-EL G912 (VDF/HFP/TFE),peroxide,100,0.0,0.0,0,0.0,0.0,0.0,0.0,0.0,4.0,1.5,0.0,0.1,0.0,0.0,TAIC 4; Perhexa 25B 1.5; bisphenol AF 0.1 (polyol additive),,,,,25.0,"200C x 70h, 25% compression, AS214 O-ring (JIS K6262)",2.0,"O2:CF4=9:1, RF 300 W, 200 sccm, 1 torr, 6 h, sample 10 cm from electrode (Hirano Koh-On plate apparatus)",parts by weight; CS %; weight loss %,"Press 160C x 30 min, post-cure 180C x 16 h (vacuum). Plasma crack test (2 h, 28% stretch): No crack. Table total 105.65 vs sum 105.6 (BPAF printed 0.10).",batch_japan
US8349965B2,patent,"Nippon Valqua Industries, Ltd.",Fluororubber composition capable of forming crack-resistant seal and crack-resistant seal formed from the composition,https://patents.google.com/patent/US8349965B2/en,Example 5,FKM,DAI-EL G912 (VDF/HFP/TFE),peroxide,100,0.0,0.0,0,0.0,0.0,0.0,0.0,0.0,4.0,1.5,0.0,1.0,0.0,0.0,TAIC 4; Perhexa 25B 1.5; bisphenol AF 1.0 (polyol additive),,,,,38.0,"200C x 70h, 25% compression, AS214 O-ring (JIS K6262)",2.1,"O2:CF4=9:1, RF 300 W, 200 sccm, 1 torr, 6 h, sample 10 cm from electrode (Hirano Koh-On plate apparatus)",parts by weight; CS %; weight loss %,"Press 160C x 30 min, post-cure 180C x 16 h (vacuum). Plasma crack test (2 h, 28% stretch): No crack. Table total 108.5 vs sum of listed parts 106.5.",batch_japan
US8349965B2,patent,"Nippon Valqua Industries, Ltd.",Fluororubber composition capable of forming crack-resistant seal and crack-resistant seal formed from the composition,https://patents.google.com/patent/US8349965B2/en,Example 6,FKM,DAI-EL G912 (VDF/HFP/TFE),peroxide,100,0.0,0.0,0,0.0,0.0,0.0,0.0,0.0,4.0,1.5,0.0,3.0,0.0,0.0,TAIC 4; Perhexa 25B 1.5; bisphenol AF 3 (polyol additive),,,,,56.0,"200C x 70h, 25% compression, AS214 O-ring (JIS K6262)",2.3,"O2:CF4=9:1, RF 300 W, 200 sccm, 1 torr, 6 h, sample 10 cm from electrode (Hirano Koh-On plate apparatus)",parts by weight; CS %; weight loss %,"Press 160C x 30 min, post-cure 180C x 16 h (vacuum). Plasma crack test (2 h, 28% stretch): No crack.",batch_japan
US8349965B2,patent,"Nippon Valqua Industries, Ltd.",Fluororubber composition capable of forming crack-resistant seal and crack-resistant seal formed from the composition,https://patents.google.com/patent/US8349965B2/en,Example 7,FKM,DAI-EL G801 (VDF/HFP),peroxide,100,0.0,0.0,0,0.0,0.0,0.0,0.0,0.0,4.0,1.5,0.0,0.5,0.0,0.0,TAIC 4; Perhexa 25B 1.5; bisphenol AF 0.5 (polyol additive),,,,,26.0,"200C x 70h, 25% compression, AS214 O-ring (JIS K6262)",4.7,"O2:CF4=9:1, RF 300 W, 200 sccm, 1 torr, 6 h, sample 10 cm from electrode (Hirano Koh-On plate apparatus)",parts by weight; CS %; weight loss %,"Press 160C x 30 min, post-cure 180C x 16 h (vacuum). Plasma crack test (2 h, 28% stretch): No crack.",batch_japan
US8349965B2,patent,"Nippon Valqua Industries, Ltd.",Fluororubber composition capable of forming crack-resistant seal and crack-resistant seal formed from the composition,https://patents.google.com/patent/US8349965B2/en,Example 8,FKM,DAI-EL G912 (VDF/HFP/TFE),peroxide,100,0.0,0.0,0,0.0,0.0,0.0,0.0,0.0,4.0,1.5,0.0,0.5,0.0,0.0,TAIC 4; Perhexa 25B 1.5; bisphenol S 0.5 (polyol additive),,,,,30.0,"200C x 70h, 25% compression, AS214 O-ring (JIS K6262)",2.3,"O2:CF4=9:1, RF 300 W, 200 sccm, 1 torr, 6 h, sample 10 cm from electrode (Hirano Koh-On plate apparatus)",parts by weight; CS %; weight loss %,"Press 160C x 30 min, post-cure 180C x 16 h (vacuum). Plasma crack test (2 h, 28% stretch): No crack.",batch_japan
US8349965B2,patent,"Nippon Valqua Industries, Ltd.",Fluororubber composition capable of forming crack-resistant seal and crack-resistant seal formed from the composition,https://patents.google.com/patent/US8349965B2/en,Example 9,FKM,DAI-EL G912 (VDF/HFP/TFE),peroxide,100,0.0,0.0,0,0.0,0.0,0.0,0.0,0.0,2.5,1.5,0.0,0.5,0.0,0.0,TAIC 2.5; Perhexa 25B 1.5; bisphenol AF 0.5 (polyol additive),,,,,35.0,"200C x 70h, 25% compression, AS214 O-ring (JIS K6262)",2.2,"O2:CF4=9:1, RF 300 W, 200 sccm, 1 torr, 6 h, sample 10 cm from electrode (Hirano Koh-On plate apparatus)",parts by weight; CS %; weight loss %,"Press 160C x 30 min, post-cure 180C x 16 h (vacuum). Plasma crack test (2 h, 28% stretch): No crack.",batch_japan
US8349965B2,patent,"Nippon Valqua Industries, Ltd.",Fluororubber composition capable of forming crack-resistant seal and crack-resistant seal formed from the composition,https://patents.google.com/patent/US8349965B2/en,Example 10,FKM,DAI-EL G912 (VDF/HFP/TFE),peroxide,100,0.0,0.0,0,0.0,0.0,0.0,0.0,0.0,7.0,1.5,0.0,0.5,0.0,0.0,TAIC 7; Perhexa 25B 1.5; bisphenol AF 0.5 (polyol additive),,,,,30.0,"200C x 70h, 25% compression, AS214 O-ring (JIS K6262)",2.3,"O2:CF4=9:1, RF 300 W, 200 sccm, 1 torr, 6 h, sample 10 cm from electrode (Hirano Koh-On plate apparatus)",parts by weight; CS %; weight loss %,"Press 160C x 30 min, post-cure 180C x 16 h (vacuum). Plasma crack test (2 h, 28% stretch): No crack. Table total 111.0 vs sum of listed parts 109.0.",batch_japan
US8349965B2,patent,"Nippon Valqua Industries, Ltd.",Fluororubber composition capable of forming crack-resistant seal and crack-resistant seal formed from the composition,https://patents.google.com/patent/US8349965B2/en,Example 11,FKM,DAI-EL G912 (VDF/HFP/TFE),peroxide,100,0.0,0.0,0,0.0,0.0,0.0,0.0,0.0,4.0,3.0,0.0,0.5,0.0,0.0,TAIC 4; Perhexa 25B 3; bisphenol AF 0.5 (polyol additive),,,,,28.0,"200C x 70h, 25% compression, AS214 O-ring (JIS K6262)",2.1,"O2:CF4=9:1, RF 300 W, 200 sccm, 1 torr, 6 h, sample 10 cm from electrode (Hirano Koh-On plate apparatus)",parts by weight; CS %; weight loss %,"Press 160C x 30 min, post-cure 180C x 16 h (vacuum). Plasma crack test (2 h, 28% stretch): No crack.",batch_japan
US8349965B2,patent,"Nippon Valqua Industries, Ltd.",Fluororubber composition capable of forming crack-resistant seal and crack-resistant seal formed from the composition,https://patents.google.com/patent/US8349965B2/en,Example 12,FKM,DAI-EL G912 (VDF/HFP/TFE),peroxide,100,0.0,0.0,0,0.0,0.0,0.0,0.0,0.0,4.0,1.5,0.0,0.5,0.0,0.0,TAIC 4; Perbutyl P 1.5; bisphenol AF 0.5 (polyol additive),,,,,32.0,"200C x 70h, 25% compression, AS214 O-ring (JIS K6262)",2.2,"O2:CF4=9:1, RF 300 W, 200 sccm, 1 torr, 6 h, sample 10 cm from electrode (Hirano Koh-On plate apparatus)",parts by weight; CS %; weight loss %,"Press 160C x 30 min, post-cure 180C x 16 h (vacuum). Plasma crack test (2 h, 28% stretch): No crack.",batch_japan
US8349965B2,patent,"Nippon Valqua Industries, Ltd.",Fluororubber composition capable of forming crack-resistant seal and crack-resistant seal formed from the composition,https://patents.google.com/patent/US8349965B2/en,Example 13,FKM,DAI-EL G912 (VDF/HFP/TFE),peroxide,100,0.0,0.0,0,0.0,0.0,0.0,0.0,0.0,4.0,0.5,0.0,0.5,0.0,0.0,TAIC 4; Perhexa 25B 0.5; bisphenol AF 0.5 (polyol additive),,,,,34.0,"200C x 70h, 25% compression, AS214 O-ring (JIS K6262)",2.3,"O2:CF4=9:1, RF 300 W, 200 sccm, 1 torr, 6 h, sample 10 cm from electrode (Hirano Koh-On plate apparatus)",parts by weight; CS %; weight loss %,"Press 160C x 30 min, post-cure 180C x 16 h (vacuum). Plasma crack test (2 h, 28% stretch): No crack.",batch_japan
US8349965B2,patent,"Nippon Valqua Industries, Ltd.",Fluororubber composition capable of forming crack-resistant seal and crack-resistant seal formed from the composition,https://patents.google.com/patent/US8349965B2/en,Example 14,FKM,DAI-EL G912 (VDF/HFP/TFE),peroxide,100,0.0,0.0,0,0.0,0.0,0.0,0.0,0.0,4.0,1.0,0.0,0.5,0.0,0.0,TAIC 4; Perhexa 25B 1.0; bisphenol AF 0.5 (polyol additive),,,,,31.0,"200C x 70h, 25% compression, AS214 O-ring (JIS K6262)",2.1,"O2:CF4=9:1, RF 300 W, 200 sccm, 1 torr, 6 h, sample 10 cm from electrode (Hirano Koh-On plate apparatus)",parts by weight; CS %; weight loss %,"Press 160C x 30 min, post-cure 180C x 16 h (vacuum). Plasma crack test (2 h, 28% stretch): No crack.",batch_japan
US8349965B2,patent,"Nippon Valqua Industries, Ltd.",Fluororubber composition capable of forming crack-resistant seal and crack-resistant seal formed from the composition,https://patents.google.com/patent/US8349965B2/en,Comparative Example 1,FKM,DAI-EL G912 (VDF/HFP/TFE),peroxide,100,0.0,0.0,0,0.0,0.0,0.0,0.0,0.0,4.0,1.5,0.0,0.0,0.0,0.0,TAIC 4; Perhexa 25B 1.5,,,,,23.0,"200C x 70h, 25% compression, AS214 O-ring (JIS K6262)",2.0,"O2:CF4=9:1, RF 300 W, 200 sccm, 1 torr, 6 h, sample 10 cm from electrode (Hirano Koh-On plate apparatus)",parts by weight; CS %; weight loss %,"Press 160C x 30 min, post-cure 180C x 16 h (vacuum). Plasma crack test (2 h, 28% stretch): Crack.",batch_japan
US8349965B2,patent,"Nippon Valqua Industries, Ltd.",Fluororubber composition capable of forming crack-resistant seal and crack-resistant seal formed from the composition,https://patents.google.com/patent/US8349965B2/en,Comparative Example 2,FKM,DAI-EL LT302 (VDF/PAVE/TFE),peroxide,100,0.0,0.0,0,0.0,0.0,0.0,0.0,0.0,4.0,1.5,0.0,0.0,0.0,0.0,TAIC 4; Perhexa 25B 1.5,,,,,34.0,"200C x 70h, 25% compression, AS214 O-ring (JIS K6262)",4.5,"O2:CF4=9:1, RF 300 W, 200 sccm, 1 torr, 6 h, sample 10 cm from electrode (Hirano Koh-On plate apparatus)",parts by weight; CS %; weight loss %,"Press 160C x 30 min, post-cure 180C x 16 h (vacuum). Plasma crack test (2 h, 28% stretch): Crack.",batch_japan
US8349965B2,patent,"Nippon Valqua Industries, Ltd.",Fluororubber composition capable of forming crack-resistant seal and crack-resistant seal formed from the composition,https://patents.google.com/patent/US8349965B2/en,Comparative Example 3,FKM,DAI-EL G912 (VDF/HFP/TFE) 50 + DAI-EL LT302 (VDF/PAVE/TFE) 50,peroxide,100,0.0,0.0,0,0.0,0.0,0.0,0.0,0.0,4.0,1.5,0.0,0.0,0.0,0.0,TAIC 4; Perhexa 25B 1.5,,,,,30.0,"200C x 70h, 25% compression, AS214 O-ring (JIS K6262)",3.7,"O2:CF4=9:1, RF 300 W, 200 sccm, 1 torr, 6 h, sample 10 cm from electrode (Hirano Koh-On plate apparatus)",parts by weight; CS %; weight loss %,"Press 160C x 30 min, post-cure 180C x 16 h (vacuum). Plasma crack test (2 h, 28% stretch): Crack.",batch_japan
US8349965B2,patent,"Nippon Valqua Industries, Ltd.",Fluororubber composition capable of forming crack-resistant seal and crack-resistant seal formed from the composition,https://patents.google.com/patent/US8349965B2/en,Comparative Example 4,FKM,DAI-EL G701M BP (VDF/HFP),bisphenol,100,0.0,0.0,0,0.0,0.0,0.0,0.0,0.0,0.0,0.0,0.0,6.5,9.0,0.0,bisphenol AF 2 + Curative VC20 (33% active phosphonium MB) 4.5; MgO Kyowamag 150 3 + Ca(OH)2 Caldic 2000 6,,,,,28.0,"200C x 70h, 25% compression, AS214 O-ring (JIS K6262)",4.7,"O2:CF4=9:1, RF 300 W, 200 sccm, 1 torr, 6 h, sample 10 cm from electrode (Hirano Koh-On plate apparatus)",parts by weight; CS %; weight loss %,"Press 160C x 30 min, post-cure 230C x 24 h. Plasma crack test: Crack.",batch_japan
US8349965B2,patent,"Nippon Valqua Industries, Ltd.",Fluororubber composition capable of forming crack-resistant seal and crack-resistant seal formed from the composition,https://patents.google.com/patent/US8349965B2/en,Comparative Example 5,FKM,DAI-EL G621 (VDF/HFP/TFE masterbatch with quaternary ammonium salt + BPAF),bisphenol,100,0.0,0.0,0,0.0,0.0,0.0,0.0,0.0,0.0,0.0,0.0,,9.0,0.0,cure system pre-incorporated in G621 masterbatch (amount not stated); MgO 3 + Ca(OH)2 6,,,,,45.0,"200C x 70h, 25% compression, AS214 O-ring (JIS K6262)",3.0,"O2:CF4=9:1, RF 300 W, 200 sccm, 1 torr, 6 h, sample 10 cm from electrode (Hirano Koh-On plate apparatus)",parts by weight; CS %; weight loss %,"Press 160C x 30 min, post-cure 230C x 24 h. Plasma crack test: Crack. other_curative left empty (incorporated in polymer).",batch_japan
US10723872B2,patent,Nichias Corporation,"Crosslinkable elastomer composition, molded article, seal member, plasma treatment apparatus and semiconductor manufacturing apparatus including said seal member, and agent for decreasing hardness of molded article, method for producing molded article",https://patents.google.com/patent/US10723872B2/en,Comparative example 1,FKM,Tecnoflon P959 (Solvay),peroxide,100,15.0,0.0,0,0.0,0.0,0.0,0.0,0.0,2.0,1.0,0.0,0.0,0.0,0.0,MT carbon N990 15; TAIC 2; Perhexa 25B 1,67.5,,,,,,9.72,"O2+CF4 surface-wave plasma (Shinko Seiki), 133 Pa, 3 kW, 2 h; 3.53 mm x 30 mm cut AS568-214 piece",amounts in g per 100 g elastomer (= phr); hardness micro-tester; weight loss wt%,"Hardness measured on O-ring with Bareiss HPE II micro rubber hardness meter (Shore AM/M), not a standard type-A durometer on sheet. Table 5. Press at 150C for 1.2 x tc90, post-cure 180C x 4 h.",batch_japan
US10723872B2,patent,Nichias Corporation,"Crosslinkable elastomer composition, molded article, seal member, plasma treatment apparatus and semiconductor manufacturing apparatus including said seal member, and agent for decreasing hardness of molded article, method for producing molded article",https://patents.google.com/patent/US10723872B2/en,Comparative example 4,FKM,Tecnoflon P959 (Solvay),peroxide,100,15.0,0.0,0,0.0,0.0,0.0,0.0,0.0,2.0,1.0,0.0,0.0,0.0,3.0,MT carbon N990 15; TAIC 2; Perhexa 25B 1; hydrogen-containing fluoro oligomer 3M Novec 7000 3,65.9,,,,,,9.93,"O2+CF4 surface-wave plasma (Shinko Seiki), 133 Pa, 3 kW, 2 h; 3.53 mm x 30 mm cut AS568-214 piece",amounts in g per 100 g elastomer (= phr); hardness micro-tester; weight loss wt%,"Hardness measured on O-ring with Bareiss HPE II micro rubber hardness meter (Shore AM/M), not a standard type-A durometer on sheet. Table 5. Press at 150C for 1.2 x tc90, post-cure 180C x 4 h.",batch_japan
US10723872B2,patent,Nichias Corporation,"Crosslinkable elastomer composition, molded article, seal member, plasma treatment apparatus and semiconductor manufacturing apparatus including said seal member, and agent for decreasing hardness of molded article, method for producing molded article",https://patents.google.com/patent/US10723872B2/en,Comparative example 5,FKM,Tecnoflon P959 (Solvay),peroxide,100,15.0,0.0,0,0.0,0.0,0.0,0.0,0.0,2.0,1.0,0.0,0.0,0.0,3.0,MT carbon N990 15; TAIC 2; Perhexa 25B 1; hydrogen-containing fluoro oligomer 3M Novec 7100 3,66.0,,,,,,9.91,"O2+CF4 surface-wave plasma (Shinko Seiki), 133 Pa, 3 kW, 2 h; 3.53 mm x 30 mm cut AS568-214 piece",amounts in g per 100 g elastomer (= phr); hardness micro-tester; weight loss wt%,"Hardness measured on O-ring with Bareiss HPE II micro rubber hardness meter (Shore AM/M), not a standard type-A durometer on sheet. Table 5. Press at 150C for 1.2 x tc90, post-cure 180C x 4 h.",batch_japan
US10723872B2,patent,Nichias Corporation,"Crosslinkable elastomer composition, molded article, seal member, plasma treatment apparatus and semiconductor manufacturing apparatus including said seal member, and agent for decreasing hardness of molded article, method for producing molded article",https://patents.google.com/patent/US10723872B2/en,Comparative example 6,FKM,Tecnoflon P959 (Solvay),peroxide,100,15.0,0.0,0,0.0,0.0,0.0,0.0,0.0,2.0,1.0,0.0,0.0,0.0,3.0,MT carbon N990 15; TAIC 2; Perhexa 25B 1; hydrogen-containing fluoro oligomer 3M Novec 7200 3,64.1,,,,,,9.74,"O2+CF4 surface-wave plasma (Shinko Seiki), 133 Pa, 3 kW, 2 h; 3.53 mm x 30 mm cut AS568-214 piece",amounts in g per 100 g elastomer (= phr); hardness micro-tester; weight loss wt%,"Hardness measured on O-ring with Bareiss HPE II micro rubber hardness meter (Shore AM/M), not a standard type-A durometer on sheet. Table 5. Press at 150C for 1.2 x tc90, post-cure 180C x 4 h.",batch_japan
US10723872B2,patent,Nichias Corporation,"Crosslinkable elastomer composition, molded article, seal member, plasma treatment apparatus and semiconductor manufacturing apparatus including said seal member, and agent for decreasing hardness of molded article, method for producing molded article",https://patents.google.com/patent/US10723872B2/en,Comparative example 7,FKM,Tecnoflon P959 (Solvay),peroxide,100,15.0,0.0,0,0.0,0.0,0.0,0.0,0.0,2.0,1.0,0.0,0.0,0.0,3.0,MT carbon N990 15; TAIC 2; Perhexa 25B 1; hydrogen-containing fluoro oligomer 3M Novec 7300 3,62.6,,,,,,9.89,"O2+CF4 surface-wave plasma (Shinko Seiki), 133 Pa, 3 kW, 2 h; 3.53 mm x 30 mm cut AS568-214 piece",amounts in g per 100 g elastomer (= phr); hardness micro-tester; weight loss wt%,"Hardness measured on O-ring with Bareiss HPE II micro rubber hardness meter (Shore AM/M), not a standard type-A durometer on sheet. Table 5. Press at 150C for 1.2 x tc90, post-cure 180C x 4 h.",batch_japan
US10723872B2,patent,Nichias Corporation,"Crosslinkable elastomer composition, molded article, seal member, plasma treatment apparatus and semiconductor manufacturing apparatus including said seal member, and agent for decreasing hardness of molded article, method for producing molded article",https://patents.google.com/patent/US10723872B2/en,Example 32,FFKM,DAI-EL Perfluor GA-15 (Daikin),peroxide,100,15.0,0.0,0,0.0,0.0,0.0,0.0,0.0,2.0,1.0,0.0,0.0,0.0,5.0,MT carbon N990 15; TAIC 2; Perhexa 25B 1; PFPE oil Krytox 143AD (MW 7480) 5,70.0,,,,,,0.01,"O2+CF4 surface-wave plasma (Shinko Seiki), 133 Pa, 3 kW, 2 h; 3.53 mm x 30 mm cut AS568-214 piece",amounts in g per 100 g elastomer (= phr); hardness micro-tester; weight loss wt%,"Hardness measured on O-ring with Bareiss HPE II micro rubber hardness meter (Shore AM/M), not a standard type-A durometer on sheet. Table 7.",batch_japan
US10723872B2,patent,Nichias Corporation,"Crosslinkable elastomer composition, molded article, seal member, plasma treatment apparatus and semiconductor manufacturing apparatus including said seal member, and agent for decreasing hardness of molded article, method for producing molded article",https://patents.google.com/patent/US10723872B2/en,Example 33,FFKM,DAI-EL Perfluor GA-15 (Daikin),peroxide,100,15.0,0.0,0,0.0,0.0,0.0,0.0,0.0,2.0,1.0,0.0,0.0,0.0,10.0,MT carbon N990 15; TAIC 2; Perhexa 25B 1; PFPE oil Krytox 143AD (MW 7480) 10,65.0,,,,,,0.01,"O2+CF4 surface-wave plasma (Shinko Seiki), 133 Pa, 3 kW, 2 h; 3.53 mm x 30 mm cut AS568-214 piece",amounts in g per 100 g elastomer (= phr); hardness micro-tester; weight loss wt%,"Hardness measured on O-ring with Bareiss HPE II micro rubber hardness meter (Shore AM/M), not a standard type-A durometer on sheet. Table 7.",batch_japan
US10723872B2,patent,Nichias Corporation,"Crosslinkable elastomer composition, molded article, seal member, plasma treatment apparatus and semiconductor manufacturing apparatus including said seal member, and agent for decreasing hardness of molded article, method for producing molded article",https://patents.google.com/patent/US10723872B2/en,Comparative Example 8,FFKM,DAI-EL Perfluor GA-15 (Daikin),peroxide,100,15.0,0.0,0,0.0,0.0,0.0,0.0,0.0,2.0,1.0,0.0,0.0,0.0,0.0,MT carbon N990 15; TAIC 2; Perhexa 25B 1,75.0,,,,,,0.01,"O2+CF4 surface-wave plasma (Shinko Seiki), 133 Pa, 3 kW, 2 h; 3.53 mm x 30 mm cut AS568-214 piece",amounts in g per 100 g elastomer (= phr); hardness micro-tester; weight loss wt%,"Hardness measured on O-ring with Bareiss HPE II micro rubber hardness meter (Shore AM/M), not a standard type-A durometer on sheet. Table 7.",batch_japan
US12305107B2,patent,Nichias Corporation,"Perfluoroelastomer composition, cross-linked perfluoroelastomer and molded article",https://patents.google.com/patent/US12305107B2/en,Example 1,FFKM,3M PFE40Z,peroxide,100,65.0,0.0,0,0.0,0.0,0.0,0.0,0.0,7.0,2.0,0.0,0.0,0.0,3.0,"crosslinking agent compound (1) (R1-R3=F, A=-(CF2)6-) 7; MT carbon Thermax N990 65; fluorine plasticizer Krytox VPF16256 3; Perhexa 25B 2",,,,,32.0,"200C x 72h, 25% compression, O-ring, air (gear oven)",,,parts by weight; CS %,"Primary 170C x 40 min, secondary 310C x 4 h N2. CS 250C x 72h = 37%, 300C x 72h = 58%; steam CS 250C = 23%, 300C = 36%. RGD (NORSOK) score 100C = 0.0, 300C = 0.3. Not a semiconductor application (oil/geothermal).",batch_japan
US12305107B2,patent,Nichias Corporation,"Perfluoroelastomer composition, cross-linked perfluoroelastomer and molded article",https://patents.google.com/patent/US12305107B2/en,Comparative Example 1,FFKM,3M PFE40Z,peroxide,100,50.0,0.0,0,0.0,0.0,0.0,0.0,0.0,7.0,2.0,0.0,0.0,0.0,3.0,"crosslinking agent compound (1) (R1-R3=F, A=-(CF2)6-) 7; MT carbon Thermax N990 50; fluorine plasticizer Krytox VPF16256 3; Perhexa 25B 2",,,,,28.0,"200C x 72h, 25% compression, O-ring, air (gear oven)",,,parts by weight; CS %,"Primary 170C x 40 min, secondary 310C x 4 h N2. CS 250C x 72h = 36%, 300C x 72h = 58%; steam CS 250C = 27%, 300C = 33%. RGD (NORSOK) score 100C = 5.2, 300C = 3.3. Not a semiconductor application (oil/geothermal).",batch_japan
US12305107B2,patent,Nichias Corporation,"Perfluoroelastomer composition, cross-linked perfluoroelastomer and molded article",https://patents.google.com/patent/US12305107B2/en,Comparative Example 2,FFKM,3M PFE40Z,peroxide,100,65.0,0.0,0,0.0,0.0,0.0,0.0,0.0,,2.0,0.0,0.0,0.0,3.0,crosslinking agent TAIC (amount not stated; replaces compound (1)); MT carbon Thermax N990 65; fluorine plasticizer Krytox VPF16256 3; Perhexa 25B 2,,,,,19.0,"200C x 72h, 25% compression, O-ring, air (gear oven)",,,parts by weight; CS %,"Primary 170C x 40 min, secondary 310C x 4 h N2. CS 250C x 72h = 61%, 300C x 72h = 88%; steam CS 250C = 17%, 300C = 65%. RGD (NORSOK) score 100C = 3.3, 300C = 5.5. Not a semiconductor application (oil/geothermal). TAIC amount not given in table/text, left empty.",batch_japan
US12584054B2,patent,"Mitsubishi Cable Industries, Ltd.",Semiconductor production device sealing material,https://patents.google.com/patent/US12584054B2/en,Example 1,FKM,Tecnoflon P959 (Solvay),peroxide,100,0.0,0.0,0,0.0,0.0,0.0,0.0,1.0,2.0,1.5,0.0,0.0,0.0,0.0,phenol resin powder BellPearl R100 (1.5 um) 1; TAIC 2; Perhexa 25B 1.5,51.0,12.0,270.0,1.4,20.0,"JIS K6262, AS-214 O-ring cut in half; temperature/time not stated",2.0,"O2+CF4 (50:1), RF 1500 W, 100 Pa, 30 min, AS-214 O-ring (Shinko Seiki small etcher)",parts by mass; MPa; Shore A instantaneous (JIS K6253-3),"Table 1. Press 160C x 10 min, post-cure 200C x 4 h. Dust after plasma: A.",batch_japan
US12584054B2,patent,"Mitsubishi Cable Industries, Ltd.",Semiconductor production device sealing material,https://patents.google.com/patent/US12584054B2/en,Example 2,FKM,Tecnoflon P959 (Solvay),peroxide,100,0.0,0.0,0,0.0,0.0,0.0,0.0,10.0,2.0,1.5,0.0,0.0,0.0,0.0,phenol resin powder BellPearl R100 (1.5 um) 10; TAIC 2; Perhexa 25B 1.5,58.0,15.0,210.0,2.8,13.0,"JIS K6262, AS-214 O-ring cut in half; temperature/time not stated",2.1,"O2+CF4 (50:1), RF 1500 W, 100 Pa, 30 min, AS-214 O-ring (Shinko Seiki small etcher)",parts by mass; MPa; Shore A instantaneous (JIS K6253-3),"Table 1. Press 160C x 10 min, post-cure 200C x 4 h. Dust after plasma: A.",batch_japan
US12584054B2,patent,"Mitsubishi Cable Industries, Ltd.",Semiconductor production device sealing material,https://patents.google.com/patent/US12584054B2/en,Example 3,FKM,Tecnoflon P959 (Solvay),peroxide,100,0.0,0.0,0,0.0,0.0,0.0,0.0,25.0,2.0,1.5,0.0,0.0,0.0,0.0,phenol resin powder BellPearl R100 (1.5 um) 25; TAIC 2; Perhexa 25B 1.5,69.0,20.0,190.0,7.5,17.0,"JIS K6262, AS-214 O-ring cut in half; temperature/time not stated",2.3,"O2+CF4 (50:1), RF 1500 W, 100 Pa, 30 min, AS-214 O-ring (Shinko Seiki small etcher)",parts by mass; MPa; Shore A instantaneous (JIS K6253-3),"Table 1. Press 160C x 10 min, post-cure 200C x 4 h. Dust after plasma: A.",batch_japan
US12584054B2,patent,"Mitsubishi Cable Industries, Ltd.",Semiconductor production device sealing material,https://patents.google.com/patent/US12584054B2/en,Example 4,FKM,Tecnoflon P959 (Solvay),peroxide,100,0.0,0.0,0,0.0,0.0,0.0,0.0,50.0,2.0,1.5,0.0,0.0,0.0,0.0,phenol resin powder BellPearl R100 (1.5 um) 50; TAIC 2; Perhexa 25B 1.5,85.0,21.0,120.0,17.0,24.0,"JIS K6262, AS-214 O-ring cut in half; temperature/time not stated",2.6,"O2+CF4 (50:1), RF 1500 W, 100 Pa, 30 min, AS-214 O-ring (Shinko Seiki small etcher)",parts by mass; MPa; Shore A instantaneous (JIS K6253-3),"Table 1. Press 160C x 10 min, post-cure 200C x 4 h. Dust after plasma: A.",batch_japan
US12584054B2,patent,"Mitsubishi Cable Industries, Ltd.",Semiconductor production device sealing material,https://patents.google.com/patent/US12584054B2/en,Example 5,FKM,Tecnoflon P959 (Solvay),peroxide,100,0.0,0.0,0,0.0,0.0,0.0,0.0,10.0,2.0,1.5,0.0,0.0,0.0,0.0,phenol resin powder BellPearl R200 (5.8 um) 10; TAIC 2; Perhexa 25B 1.5,58.0,12.0,230.0,2.2,13.0,"JIS K6262, AS-214 O-ring cut in half; temperature/time not stated",2.2,"O2+CF4 (50:1), RF 1500 W, 100 Pa, 30 min, AS-214 O-ring (Shinko Seiki small etcher)",parts by mass; MPa; Shore A instantaneous (JIS K6253-3),"Table 1. Press 160C x 10 min, post-cure 200C x 4 h. Dust after plasma: A.",batch_japan
US12584054B2,patent,"Mitsubishi Cable Industries, Ltd.",Semiconductor production device sealing material,https://patents.google.com/patent/US12584054B2/en,Comparative Example 1,FKM,Tecnoflon P959 (Solvay),peroxide,100,0.0,0.0,0,0.0,0.0,0.0,0.0,0.0,2.0,1.5,0.0,0.0,0.0,0.0,no filler; TAIC 2; Perhexa 25B 1.5,51.0,8.9,290.0,1.3,27.0,"JIS K6262, AS-214 O-ring cut in half; temperature/time not stated",2.0,"O2+CF4 (50:1), RF 1500 W, 100 Pa, 30 min, AS-214 O-ring (Shinko Seiki small etcher)",parts by mass; MPa; Shore A instantaneous (JIS K6253-3),"Table 1. Press 160C x 10 min, post-cure 200C x 4 h. Dust after plasma: A. Also listed in Table 3 with identical values (t90 3.6 min).",batch_japan
US12584054B2,patent,"Mitsubishi Cable Industries, Ltd.",Semiconductor production device sealing material,https://patents.google.com/patent/US12584054B2/en,Comparative Example 2,FKM,Tecnoflon P959 (Solvay),peroxide,100,10.0,0.0,0,0.0,0.0,0.0,0.0,0.0,2.0,1.5,0.0,0.0,0.0,0.0,MT carbon black Thermax N990 10; TAIC 2; Perhexa 25B 1.5,55.0,15.0,210.0,2.8,25.0,"JIS K6262, AS-214 O-ring cut in half; temperature/time not stated",3.1,"O2+CF4 (50:1), RF 1500 W, 100 Pa, 30 min, AS-214 O-ring (Shinko Seiki small etcher)",parts by mass; MPa; Shore A instantaneous (JIS K6253-3),"Table 1. Press 160C x 10 min, post-cure 200C x 4 h. Dust after plasma: B. Table 2 repeats a column labelled 'Comparative Example 3' (N990 10, no TAIC shown) with 55/14.5/210/2.8/25 - matches this row; not added separately.",batch_japan
US12584054B2,patent,"Mitsubishi Cable Industries, Ltd.",Semiconductor production device sealing material,https://patents.google.com/patent/US12584054B2/en,Comparative Example 3,FKM,Tecnoflon P959 (Solvay),peroxide,100,25.0,0.0,0,0.0,0.0,0.0,0.0,0.0,2.0,1.5,0.0,0.0,0.0,0.0,MT carbon black Thermax N990 25; TAIC 2; Perhexa 25B 1.5,68.0,24.0,260.0,5.6,25.0,"JIS K6262, AS-214 O-ring cut in half; temperature/time not stated",4.3,"O2+CF4 (50:1), RF 1500 W, 100 Pa, 30 min, AS-214 O-ring (Shinko Seiki small etcher)",parts by mass; MPa; Shore A instantaneous (JIS K6253-3),"Table 1. Press 160C x 10 min, post-cure 200C x 4 h. Dust after plasma: B.",batch_japan
US12584054B2,patent,"Mitsubishi Cable Industries, Ltd.",Semiconductor production device sealing material,https://patents.google.com/patent/US12584054B2/en,Comparative Example 4,FKM,Tecnoflon P959 (Solvay),peroxide,100,10.0,0.0,0,0.0,0.0,0.0,0.0,0.0,2.0,1.5,0.0,0.0,0.0,0.0,carbon black DIABLACK H (Mitsubishi Chemical) 10; TAIC 2; Perhexa 25B 1.5,63.0,23.0,220.0,3.7,24.0,"JIS K6262, AS-214 O-ring cut in half; temperature/time not stated",3.2,"O2+CF4 (50:1), RF 1500 W, 100 Pa, 30 min, AS-214 O-ring (Shinko Seiki small etcher)",parts by mass; MPa; Shore A instantaneous (JIS K6253-3),"Table 1. Press 160C x 10 min, post-cure 200C x 4 h. Dust after plasma: B.",batch_japan
US12584054B2,patent,"Mitsubishi Cable Industries, Ltd.",Semiconductor production device sealing material,https://patents.google.com/patent/US12584054B2/en,Comparative Example 5,FKM,Tecnoflon P959 (Solvay),peroxide,100,0.0,10.0,0,0.0,0.0,0.0,0.0,0.0,2.0,1.5,0.0,0.0,0.0,0.0,silica AEROSIL R972 10; TAIC 2; Perhexa 25B 1.5,65.0,20.0,270.0,3.7,36.0,"JIS K6262, AS-214 O-ring cut in half; temperature/time not stated",2.4,"O2+CF4 (50:1), RF 1500 W, 100 Pa, 30 min, AS-214 O-ring (Shinko Seiki small etcher)",parts by mass; MPa; Shore A instantaneous (JIS K6253-3),"Table 1. Press 160C x 10 min, post-cure 200C x 4 h. Dust after plasma: A.",batch_japan
US12584054B2,patent,"Mitsubishi Cable Industries, Ltd.",Semiconductor production device sealing material,https://patents.google.com/patent/US12584054B2/en,Comparative Example 6,FKM,Tecnoflon P959 (Solvay),peroxide,100,0.0,0.0,0,0.0,0.0,0.0,0.0,10.0,2.0,1.5,0.0,0.0,0.0,0.0,silica-composite cured melamine resin particles OPTOBEADS 2000M 10 (counted as organic additive); TAIC 2; Perhexa 25B 1.5,59.0,18.0,210.0,2.5,30.0,"JIS K6262, AS-214 O-ring cut in half; temperature/time not stated",2.2,"O2+CF4 (50:1), RF 1500 W, 100 Pa, 30 min, AS-214 O-ring (Shinko Seiki small etcher)",parts by mass; MPa; Shore A instantaneous (JIS K6253-3),"Table 1. Press 160C x 10 min, post-cure 200C x 4 h. Dust after plasma: A.",batch_japan
US12584054B2,patent,"Mitsubishi Cable Industries, Ltd.",Semiconductor production device sealing material,https://patents.google.com/patent/US12584054B2/en,Comparative Example 7,FKM,Tecnoflon P959 (Solvay),peroxide,100,0.0,0.0,0,0.0,0.0,10.0,0.0,0.0,2.0,1.5,0.0,0.0,0.0,0.0,PVDF powder KYNAR MG15 10; TAIC 2; Perhexa 25B 1.5,55.0,13.0,280.0,2.3,26.0,"JIS K6262, AS-214 O-ring cut in half; temperature/time not stated",2.1,"O2+CF4 (50:1), RF 1500 W, 100 Pa, 30 min, AS-214 O-ring (Shinko Seiki small etcher)",parts by mass; MPa; Shore A instantaneous (JIS K6253-3),"Table 1. Press 160C x 10 min, post-cure 200C x 4 h. Dust after plasma: A.",batch_japan
US12584054B2,patent,"Mitsubishi Cable Industries, Ltd.",Semiconductor production device sealing material,https://patents.google.com/patent/US12584054B2/en,Comparative Example 8,FKM,Tecnoflon P959 (Solvay),peroxide,100,0.0,0.0,0,0.0,0.0,25.0,0.0,0.0,2.0,1.5,0.0,0.0,0.0,0.0,PVDF powder KYNAR MG15 25; TAIC 2; Perhexa 25B 1.5,68.0,17.0,270.0,5.4,30.0,"JIS K6262, AS-214 O-ring cut in half; temperature/time not stated",2.3,"O2+CF4 (50:1), RF 1500 W, 100 Pa, 30 min, AS-214 O-ring (Shinko Seiki small etcher)",parts by mass; MPa; Shore A instantaneous (JIS K6253-3),"Table 1. Press 160C x 10 min, post-cure 200C x 4 h. Dust after plasma: A.",batch_japan
US12584054B2,patent,"Mitsubishi Cable Industries, Ltd.",Semiconductor production device sealing material,https://patents.google.com/patent/US12584054B2/en,Comparative Example 9,FKM,Tecnoflon P959 (Solvay),peroxide,100,0.0,0.0,0,0.0,0.0,10.0,0.0,0.0,2.0,1.5,0.0,0.0,0.0,0.0,PTFE powder Fluon L173JE 10; TAIC 2; Perhexa 25B 1.5,55.0,16.0,350.0,1.4,28.0,"JIS K6262, AS-214 O-ring cut in half; temperature/time not stated",3.0,"O2+CF4 (50:1), RF 1500 W, 100 Pa, 30 min, AS-214 O-ring (Shinko Seiki small etcher)",parts by mass; MPa; Shore A instantaneous (JIS K6253-3),"Table 1. Press 160C x 10 min, post-cure 200C x 4 h. Dust after plasma: B.",batch_japan
US12584054B2,patent,"Mitsubishi Cable Industries, Ltd.",Semiconductor production device sealing material,https://patents.google.com/patent/US12584054B2/en,Comparative Example 13,FKM,Tecnoflon P959 (Solvay),peroxide,100,0.0,0.0,0,0.0,0.0,0.0,0.0,10.0,2.0,1.5,0.0,0.0,0.0,0.0,phenol resin powder BellPearl R800 (22 um) 10; TAIC 2; Perhexa 25B 1.5,58.0,9.5,240.0,2.4,,"JIS K6262, AS-214 O-ring cut in half; temperature/time not stated",2.2,"O2+CF4 (50:1), RF 1500 W, 100 Pa, 30 min, AS-214 O-ring (Shinko Seiki small etcher)",parts by mass; MPa; Shore A instantaneous (JIS K6253-3),"Table 1. Press 160C x 10 min, post-cure 200C x 4 h. Dust after plasma: A. Compression set: test piece 'Crushed' (not measurable).",batch_japan
US12584054B2,patent,"Mitsubishi Cable Industries, Ltd.",Semiconductor production device sealing material,https://patents.google.com/patent/US12584054B2/en,Example 6,FKM,Tecnoflon P959 (Solvay),peroxide,100,10.0,0.0,0,0.0,0.0,0.0,0.0,10.0,2.0,1.5,0.0,0.0,0.0,0.0,phenol resin powder BellPearl R100 10; MT carbon black Thermax N990 10; TAIC 2; Perhexa 25B 1.5,64.0,21.5,200.0,5.1,13.0,"JIS K6262, AS-214 O-ring cut in half; temperature/time not stated",,"O2+CF4 (50:1), RF 1500 W, 100 Pa, 30 min, AS-214 O-ring (Shinko Seiki small etcher)",parts by mass; MPa; Shore A instantaneous (JIS K6253-3),"Table 2. Press 160C x 10 min, post-cure 200C x 4 h. Plasma not reported.",batch_japan
US12584054B2,patent,"Mitsubishi Cable Industries, Ltd.",Semiconductor production device sealing material,https://patents.google.com/patent/US12584054B2/en,Example 7,FKM,Viton E60C (Chemours; precompounded bisphenol-cure FKM),bisphenol,100,25.0,0.0,0,0.0,0.0,0.0,0.0,10.0,0.0,0.0,0.0,,9.0,0.0,phenol resin powder BellPearl R100 10; MT carbon black N990 25; MgO Kyowamag 150 3 + Ca(OH)2 CALVIT 6; curative incorporated in E60C (amount not stated),71.0,18.9,180.0,8.9,9.0,"JIS K6262, AS-214 O-ring cut in half; temperature/time not stated",,"O2+CF4 (50:1), RF 1500 W, 100 Pa, 30 min, AS-214 O-ring (Shinko Seiki small etcher)",parts by mass; MPa; Shore A instantaneous (JIS K6253-3),"Table 2. Press 170C x 20 min, post-cure 200C x 24 h. Plasma not reported.",batch_japan
US12584054B2,patent,"Mitsubishi Cable Industries, Ltd.",Semiconductor production device sealing material,https://patents.google.com/patent/US12584054B2/en,Comparative Example 10,FKM,Viton E60C (Chemours; precompounded bisphenol-cure FKM),bisphenol,100,25.0,0.0,0,0.0,0.0,0.0,0.0,0.0,0.0,0.0,0.0,,9.0,0.0,MT carbon black N990 25; MgO 3 + Ca(OH)2 6; curative incorporated in E60C (amount not stated),68.0,16.6,190.0,7.0,18.0,"JIS K6262, AS-214 O-ring cut in half; temperature/time not stated",,"O2+CF4 (50:1), RF 1500 W, 100 Pa, 30 min, AS-214 O-ring (Shinko Seiki small etcher)",parts by mass; MPa; Shore A instantaneous (JIS K6253-3),Table 2. Same as Example 7 without phenol resin. Plasma not reported.,batch_japan
US12584054B2,patent,"Mitsubishi Cable Industries, Ltd.",Semiconductor production device sealing material,https://patents.google.com/patent/US12584054B2/en,Example 8,FKM,Tecnoflon P959 (Solvay),peroxide,100,0.0,0.0,0,0.0,0.0,0.0,0.0,10.0,2.0,1.5,0.0,0.0,0.0,0.0,phenol resin powder BellPearl R100 10; TAIC 2; Perhexa 25B 1.5,58.0,14.1,220.0,2.7,14.0,"JIS K6262, AS-214 O-ring cut in half; temperature/time not stated",,"O2+CF4 (50:1), RF 1500 W, 100 Pa, 30 min, AS-214 O-ring (Shinko Seiki small etcher)",parts by mass; MPa; Shore A instantaneous (JIS K6253-3),"Table 3. Press 160C x 5 min, NO post-cure. t90 = 2.5 min. Plasma not reported.",batch_japan
US12584054B2,patent,"Mitsubishi Cable Industries, Ltd.",Semiconductor production device sealing material,https://patents.google.com/patent/US12584054B2/en,Example 9,FKM,Tecnoflon P959 (Solvay),peroxide,100,0.0,0.0,0,0.0,0.0,0.0,0.0,10.0,2.0,0.3,0.0,0.0,0.0,0.0,phenol resin powder BellPearl R100 10; TAIC 2; Perhexa 25B 0.3,57.0,13.9,220.0,2.6,10.0,"JIS K6262, AS-214 O-ring cut in half; temperature/time not stated",,"O2+CF4 (50:1), RF 1500 W, 100 Pa, 30 min, AS-214 O-ring (Shinko Seiki small etcher)",parts by mass; MPa; Shore A instantaneous (JIS K6253-3),"Table 3. Press 160C x 5 min, NO post-cure. t90 = 4.1 min. Plasma not reported.",batch_japan
US12584054B2,patent,"Mitsubishi Cable Industries, Ltd.",Semiconductor production device sealing material,https://patents.google.com/patent/US12584054B2/en,Comparative Example 11,FKM,Tecnoflon P959 (Solvay),peroxide,100,10.0,0.0,0,0.0,0.0,0.0,0.0,0.0,2.0,1.5,0.0,0.0,0.0,0.0,MT carbon black Thermax N990 10; TAIC 2; Perhexa 25B 1.5,55.0,14.4,220.0,2.8,27.0,"JIS K6262, AS-214 O-ring cut in half; temperature/time not stated",,"O2+CF4 (50:1), RF 1500 W, 100 Pa, 30 min, AS-214 O-ring (Shinko Seiki small etcher)",parts by mass; MPa; Shore A instantaneous (JIS K6253-3),"Table 3. Press 160C x 5 min, NO post-cure. t90 = 3.8 min. Plasma not reported.",batch_japan
US12584054B2,patent,"Mitsubishi Cable Industries, Ltd.",Semiconductor production device sealing material,https://patents.google.com/patent/US12584054B2/en,Comparative Example 12,FKM,Tecnoflon P959 (Solvay),peroxide,100,10.0,0.0,0,0.0,0.0,0.0,0.0,0.0,2.0,0.3,0.0,0.0,0.0,0.0,MT carbon black Thermax N990 10; TAIC 2; Perhexa 25B 0.3,52.0,13.2,250.0,2.2,39.0,"JIS K6262, AS-214 O-ring cut in half; temperature/time not stated",,"O2+CF4 (50:1), RF 1500 W, 100 Pa, 30 min, AS-214 O-ring (Shinko Seiki small etcher)",parts by mass; MPa; Shore A instantaneous (JIS K6253-3),"Table 3. Press 160C x 5 min, NO post-cure. t90 = 7.0 min. Plasma not reported.",batch_japan
US20230174763A1,patent,"Mitsubishi Cable Industries, Ltd.",Elastomer composition and sealing material comprising same,https://patents.google.com/patent/US20230174763A1/en,Example 1,FKM,Tecnoflon P959 (Solvay),peroxide,100,0.0,5.0,0,0.0,0.0,0.0,0.0,5.0,2.0,1.5,0.0,0.0,0.0,0.0,phenol resin powder BellPearl R100 (1.5 um) 5; silica AEROSIL R972 5; TAIC 2; Perhexa 25B 1.5,66.0,20.3,280.0,3.9,15.0,"200C x 72h, 25% compression, half-cut AS-214 O-ring (JIS K6262)",,,parts by mass; MPa; Shore A instantaneous (JIS K6253-3),"Table 1. Press 160C x 10 min, post-cure 200C x 4 h. Compression-fracture test (50%, 180C x 4 h): 3/3 pieces without crack. TAIC = 2 per table (Example 1 text says 2.5).",batch_japan
US20230174763A1,patent,"Mitsubishi Cable Industries, Ltd.",Elastomer composition and sealing material comprising same,https://patents.google.com/patent/US20230174763A1/en,Example 2,FKM,Tecnoflon P959 (Solvay),peroxide,100,0.0,10.0,0,0.0,0.0,0.0,0.0,10.0,2.0,1.5,0.0,0.0,0.0,0.0,phenol resin powder BellPearl R100 (1.5 um) 10; silica AEROSIL R972 10; TAIC 2; Perhexa 25B 1.5,74.0,21.5,210.0,6.0,18.0,"200C x 72h, 25% compression, half-cut AS-214 O-ring (JIS K6262)",,,parts by mass; MPa; Shore A instantaneous (JIS K6253-3),"Table 1. Press 160C x 10 min, post-cure 200C x 4 h. Compression-fracture test (50%, 180C x 4 h): 3/3 pieces without crack. TAIC = 2 per table (Example 1 text says 2.5).",batch_japan
US20230174763A1,patent,"Mitsubishi Cable Industries, Ltd.",Elastomer composition and sealing material comprising same,https://patents.google.com/patent/US20230174763A1/en,Example 3,FKM,Tecnoflon P959 (Solvay),peroxide,100,0.0,5.0,0,0.0,0.0,0.0,0.0,25.0,2.0,1.5,0.0,0.0,0.0,0.0,phenol resin powder BellPearl R100 (1.5 um) 25; silica AEROSIL R972 5; TAIC 2; Perhexa 25B 1.5,73.0,24.3,190.0,8.3,23.0,"200C x 72h, 25% compression, half-cut AS-214 O-ring (JIS K6262)",,,parts by mass; MPa; Shore A instantaneous (JIS K6253-3),"Table 1. Press 160C x 10 min, post-cure 200C x 4 h. Compression-fracture test (50%, 180C x 4 h): 3/3 pieces without crack. TAIC = 2 per table (Example 1 text says 2.5).",batch_japan
US20230174763A1,patent,"Mitsubishi Cable Industries, Ltd.",Elastomer composition and sealing material comprising same,https://patents.google.com/patent/US20230174763A1/en,Example 4,FKM,Tecnoflon P959 (Solvay),peroxide,100,0.0,25.0,0,0.0,0.0,0.0,0.0,5.0,2.0,1.5,0.0,0.0,0.0,0.0,phenol resin powder BellPearl R100 (1.5 um) 5; silica AEROSIL R972 25; TAIC 2; Perhexa 25B 1.5,84.0,23.5,250.0,8.6,30.0,"200C x 72h, 25% compression, half-cut AS-214 O-ring (JIS K6262)",,,parts by mass; MPa; Shore A instantaneous (JIS K6253-3),"Table 1. Press 160C x 10 min, post-cure 200C x 4 h. Compression-fracture test (50%, 180C x 4 h): 3/3 pieces without crack. TAIC = 2 per table (Example 1 text says 2.5).",batch_japan
US20230174763A1,patent,"Mitsubishi Cable Industries, Ltd.",Elastomer composition and sealing material comprising same,https://patents.google.com/patent/US20230174763A1/en,Example 5,FKM,Tecnoflon P959 (Solvay),peroxide,100,0.0,25.0,0,0.0,0.0,0.0,0.0,25.0,2.0,1.5,0.0,0.0,0.0,0.0,phenol resin powder BellPearl R100 (1.5 um) 25; silica AEROSIL R972 25; TAIC 2; Perhexa 25B 1.5,92.0,22.4,110.0,20.9,35.0,"150C x 72h, 25% compression, half-cut AS-214 O-ring (JIS K6262)",,,parts by mass; MPa; Shore A instantaneous (JIS K6253-3),"Table 1. Press 160C x 10 min, post-cure 200C x 4 h. Compression-fracture test (50%, 180C x 4 h): 3/3 pieces without crack. TAIC = 2 per table (Example 1 text says 2.5). CS measured at 150C x 72h for this example.",batch_japan
US20230174763A1,patent,"Mitsubishi Cable Industries, Ltd.",Elastomer composition and sealing material comprising same,https://patents.google.com/patent/US20230174763A1/en,Comparative Example 5,FKM,Tecnoflon P959 (Solvay),peroxide,100,0.0,10.0,0,0.0,0.0,0.0,0.0,10.0,2.0,1.5,0.0,0.0,0.0,0.0,phenol resin powder BellPearl R800 (22 um) 10; silica AEROSIL R972 10; TAIC 2; Perhexa 25B 1.5,67.0,15.1,230.0,3.9,,"200C x 72h, 25% compression, half-cut AS-214 O-ring (JIS K6262)",,,parts by mass; MPa; Shore A instantaneous (JIS K6253-3),"Table 1. Press 160C x 10 min, post-cure 200C x 4 h. Compression-fracture test (50%, 180C x 4 h): 0/3 pieces without crack. TAIC = 2 per table (Example 1 text says 2.5). CS test piece broken. Text describes CE5 as CE2 with R800 (no silica) but table and discussion ('only differs from Example 2 in particle size') give silica 10; table used.",batch_japan
US20230174763A1,patent,"Mitsubishi Cable Industries, Ltd.",Elastomer composition and sealing material comprising same,https://patents.google.com/patent/US20230174763A1/en,Comparative Example 6,FKM,Tecnoflon P959 (Solvay),peroxide,100,0.0,10.0,0,0.0,0.0,0.0,0.0,0.0,2.0,1.5,0.0,0.0,0.0,0.0,silica AEROSIL R972 10; TAIC 2; Perhexa 25B 1.5,65.0,20.3,270.0,3.7,36.0,"200C x 72h, 25% compression, half-cut AS-214 O-ring (JIS K6262)",,,parts by mass; MPa; Shore A instantaneous (JIS K6253-3),"Table 1. Press 160C x 10 min, post-cure 200C x 4 h. Compression-fracture test (50%, 180C x 4 h): 1/3 pieces without crack. TAIC = 2 per table (Example 1 text says 2.5).",batch_japan
US20230174763A1,patent,"Mitsubishi Cable Industries, Ltd.",Elastomer composition and sealing material comprising same,https://patents.google.com/patent/US20230174763A1/en,Comparative Example 7,FKM,Tecnoflon P959 (Solvay),peroxide,100,0.0,25.0,0,0.0,0.0,0.0,0.0,0.0,2.0,1.5,0.0,0.0,0.0,0.0,silica AEROSIL R972 25; TAIC 2; Perhexa 25B 1.5,83.0,23.2,230.0,8.4,40.0,"200C x 72h, 25% compression, half-cut AS-214 O-ring (JIS K6262)",,,parts by mass; MPa; Shore A instantaneous (JIS K6253-3),"Table 1. Press 160C x 10 min, post-cure 200C x 4 h. Compression-fracture test (50%, 180C x 4 h): 1/3 pieces without crack. TAIC = 2 per table (Example 1 text says 2.5).",batch_japan
US20230174763A1,patent,"Mitsubishi Cable Industries, Ltd.",Elastomer composition and sealing material comprising same,https://patents.google.com/patent/US20230174763A1/en,Comparative Example 11,FKM,Tecnoflon P959 (Solvay),peroxide,100,10.0,10.0,0,0.0,0.0,0.0,0.0,0.0,2.0,1.5,0.0,0.0,0.0,0.0,silica AEROSIL R972 10; MT carbon black Thermax N990 10; TAIC 2; Perhexa 25B 1.5,70.0,19.8,250.0,4.5,37.0,"200C x 72h, 25% compression, half-cut AS-214 O-ring (JIS K6262)",,,parts by mass; MPa; Shore A instantaneous (JIS K6253-3),"Table 1. Press 160C x 10 min, post-cure 200C x 4 h. Compression-fracture test (50%, 180C x 4 h): 1/3 pieces without crack. TAIC = 2 per table (Example 1 text says 2.5).",batch_japan
US20230174763A1,patent,"Mitsubishi Cable Industries, Ltd.",Elastomer composition and sealing material comprising same,https://patents.google.com/patent/US20230174763A1/en,Example 6,FKM,Viton A-50 (Chemours),bisphenol,100,0.0,10.0,0,0.0,0.0,0.0,0.0,10.0,0.0,0.0,0.0,2.5,9.0,0.0,phenol resin powder BellPearl R100 10; silica AEROSIL R972 10; Curative V-50 2.5; MgO Kyowamag 150 3 + Ca(OH)2 CALVIT 6,77.0,13.2,240.0,5.6,21.0,"200C x 72h, 25% compression, half-cut AS-214 O-ring (JIS K6262)",,,parts by mass; MPa; Shore A instantaneous (JIS K6253-3),"Table 2. Press 160C x 20 min, post-cure 250C x 24 h. Compression-fracture test: 3/3 pieces without crack.",batch_japan
US20230174763A1,patent,"Mitsubishi Cable Industries, Ltd.",Elastomer composition and sealing material comprising same,https://patents.google.com/patent/US20230174763A1/en,Comparative Example 12,FKM,Viton A-50 (Chemours),bisphenol,100,0.0,0.0,0,0.0,0.0,0.0,0.0,0.0,0.0,0.0,0.0,2.5,9.0,0.0,Curative V-50 2.5; MgO Kyowamag 150 3 + Ca(OH)2 CALVIT 6,56.0,8.2,290.0,1.8,19.0,"200C x 72h, 25% compression, half-cut AS-214 O-ring (JIS K6262)",,,parts by mass; MPa; Shore A instantaneous (JIS K6253-3),"Table 2. Press 160C x 20 min, post-cure 250C x 24 h. Compression-fracture test: 0/3 pieces without crack.",batch_japan
US20230174763A1,patent,"Mitsubishi Cable Industries, Ltd.",Elastomer composition and sealing material comprising same,https://patents.google.com/patent/US20230174763A1/en,Comparative Example 13,FKM,Viton A-50 (Chemours),bisphenol,100,0.0,0.0,0,0.0,0.0,0.0,0.0,10.0,0.0,0.0,0.0,2.5,9.0,0.0,phenol resin powder BellPearl R100 10; Curative V-50 2.5; MgO Kyowamag 150 3 + Ca(OH)2 CALVIT 6,64.0,10.5,250.0,2.8,20.0,"200C x 72h, 25% compression, half-cut AS-214 O-ring (JIS K6262)",,,parts by mass; MPa; Shore A instantaneous (JIS K6253-3),"Table 2. Press 160C x 20 min, post-cure 250C x 24 h. Compression-fracture test: 1/3 pieces without crack.",batch_japan
US20230174763A1,patent,"Mitsubishi Cable Industries, Ltd.",Elastomer composition and sealing material comprising same,https://patents.google.com/patent/US20230174763A1/en,Comparative Example 14,FKM,Viton A-50 (Chemours),bisphenol,100,0.0,10.0,0,0.0,0.0,0.0,0.0,0.0,0.0,0.0,0.0,2.5,9.0,0.0,silica AEROSIL R972 10; Curative V-50 2.5; MgO Kyowamag 150 3 + Ca(OH)2 CALVIT 6,73.0,15.1,240.0,4.7,28.0,"200C x 72h, 25% compression, half-cut AS-214 O-ring (JIS K6262)",,,parts by mass; MPa; Shore A instantaneous (JIS K6253-3),"Table 2. Press 160C x 20 min, post-cure 250C x 24 h. Compression-fracture test: 1/3 pieces without crack.",batch_japan
US20230365800A1,patent,"Valqua, Ltd.","Elastomer Composition, Sealing Material, and Method for Producing Sealing Material",https://patents.google.com/patent/US20230365800A1/en,Example 1,FKM,Tecnoflon P959 80 + Tecnoflon P757 20,peroxide,100,0.0,0.0,0,0.0,0.0,0.0,0.0,0.0,6.0,0.5,0.0,0.0,0.0,2.0,"SIFEL 8070A 1.0 + SIFEL 8070B 1.0 (Shin-Etsu; perfluoro-skeleton compound with C=C, counted as processing aid); TRIC (triallyl isocyanurate) 6.0; Perhexa 25B 0.5",66.0,14.4,180.0,4.4,,,,"O2:CF4=190:10, RF 1000 W, 200 sccm, 1 torr, 3 h, sample 6 cm from electrode (phi300 parallel plate)",parts by mass; MPa; Shore A (JIS K6253),"Table 1. Kneader mixing; press 170C x 10 min, post-cure 200C x 16 h vacuum, then radiation 80 kGy. Fluorine contents: P959/P459 70%, G912/G902 71%, P757/P457 67%, PL855 64%.",batch_japan
US20230365800A1,patent,"Valqua, Ltd.","Elastomer Composition, Sealing Material, and Method for Producing Sealing Material",https://patents.google.com/patent/US20230365800A1/en,Example 2,FKM,Tecnoflon P959 70 + Tecnoflon P757 30,peroxide,100,0.0,0.0,0,0.0,0.0,0.0,0.0,0.0,6.0,0.5,0.0,0.0,0.0,2.0,"SIFEL 8070A 1.0 + SIFEL 8070B 1.0 (Shin-Etsu; perfluoro-skeleton compound with C=C, counted as processing aid); TRIC (triallyl isocyanurate) 6.0; Perhexa 25B 0.5",66.0,15.6,180.0,4.5,,,,"O2:CF4=190:10, RF 1000 W, 200 sccm, 1 torr, 3 h, sample 6 cm from electrode (phi300 parallel plate)",parts by mass; MPa; Shore A (JIS K6253),"Table 1. Kneader mixing; press 170C x 10 min, post-cure 200C x 16 h vacuum, then radiation 80 kGy. Fluorine contents: P959/P459 70%, G912/G902 71%, P757/P457 67%, PL855 64%.",batch_japan
US20230365800A1,patent,"Valqua, Ltd.","Elastomer Composition, Sealing Material, and Method for Producing Sealing Material",https://patents.google.com/patent/US20230365800A1/en,Example 3,FKM,Tecnoflon P959 45 + Tecnoflon P459 45 + Tecnoflon P757 10,peroxide,100,0.0,0.0,0,0.0,0.0,0.0,0.0,0.0,6.0,0.5,0.0,0.0,0.0,2.0,"SIFEL 8070A 1.0 + SIFEL 8070B 1.0 (Shin-Etsu; perfluoro-skeleton compound with C=C, counted as processing aid); TRIC (triallyl isocyanurate) 6.0; Perhexa 25B 0.5",67.0,14.4,170.0,5.0,,,,"O2:CF4=190:10, RF 1000 W, 200 sccm, 1 torr, 3 h, sample 6 cm from electrode (phi300 parallel plate)",parts by mass; MPa; Shore A (JIS K6253),"Table 1. Kneader mixing; press 170C x 10 min, post-cure 200C x 16 h vacuum, then radiation 80 kGy. Fluorine contents: P959/P459 70%, G912/G902 71%, P757/P457 67%, PL855 64%.",batch_japan
US20230365800A1,patent,"Valqua, Ltd.","Elastomer Composition, Sealing Material, and Method for Producing Sealing Material",https://patents.google.com/patent/US20230365800A1/en,Example 4,FKM,Tecnoflon P959 65 + Tecnoflon P459 25 + Tecnoflon P757 10,peroxide,100,0.0,0.0,0,0.0,0.0,0.0,0.0,0.0,6.0,0.5,0.0,0.0,0.0,2.0,"SIFEL 8070A 1.0 + SIFEL 8070B 1.0 (Shin-Etsu; perfluoro-skeleton compound with C=C, counted as processing aid); TRIC (triallyl isocyanurate) 6.0; Perhexa 25B 0.5",67.0,13.6,160.0,5.7,,,,"O2:CF4=190:10, RF 1000 W, 200 sccm, 1 torr, 3 h, sample 6 cm from electrode (phi300 parallel plate)",parts by mass; MPa; Shore A (JIS K6253),"Table 1. Kneader mixing; press 170C x 10 min, post-cure 200C x 16 h vacuum, then radiation 80 kGy. Fluorine contents: P959/P459 70%, G912/G902 71%, P757/P457 67%, PL855 64%.",batch_japan
US20230365800A1,patent,"Valqua, Ltd.","Elastomer Composition, Sealing Material, and Method for Producing Sealing Material",https://patents.google.com/patent/US20230365800A1/en,Example 5,FKM,Tecnoflon P959 20 + Tecnoflon P459 60 + Tecnoflon P757 20,peroxide,100,0.0,0.0,0,0.0,0.0,0.0,0.0,0.0,6.0,0.5,0.0,0.0,0.0,2.0,"SIFEL 8070A 1.0 + SIFEL 8070B 1.0 (Shin-Etsu; perfluoro-skeleton compound with C=C, counted as processing aid); TRIC (triallyl isocyanurate) 6.0; Perhexa 25B 0.5",66.0,11.1,150.0,5.4,,,,"O2:CF4=190:10, RF 1000 W, 200 sccm, 1 torr, 3 h, sample 6 cm from electrode (phi300 parallel plate)",parts by mass; MPa; Shore A (JIS K6253),"Table 1. Kneader mixing; press 170C x 10 min, post-cure 200C x 16 h vacuum, then radiation 80 kGy. Fluorine contents: P959/P459 70%, G912/G902 71%, P757/P457 67%, PL855 64%.",batch_japan
US20230365800A1,patent,"Valqua, Ltd.","Elastomer Composition, Sealing Material, and Method for Producing Sealing Material",https://patents.google.com/patent/US20230365800A1/en,Example 6,FKM,Tecnoflon P959 40 + Tecnoflon P459 40 + Tecnoflon P757 20,peroxide,100,0.0,0.0,0,0.0,0.0,0.0,0.0,0.0,6.0,0.5,0.0,0.0,0.0,2.0,"SIFEL 8070A 1.0 + SIFEL 8070B 1.0 (Shin-Etsu; perfluoro-skeleton compound with C=C, counted as processing aid); TRIC (triallyl isocyanurate) 6.0; Perhexa 25B 0.5",66.0,11.8,150.0,5.7,,,,"O2:CF4=190:10, RF 1000 W, 200 sccm, 1 torr, 3 h, sample 6 cm from electrode (phi300 parallel plate)",parts by mass; MPa; Shore A (JIS K6253),"Table 1. Kneader mixing; press 170C x 10 min, post-cure 200C x 16 h vacuum, then radiation 80 kGy. Fluorine contents: P959/P459 70%, G912/G902 71%, P757/P457 67%, PL855 64%.",batch_japan
US20230365800A1,patent,"Valqua, Ltd.","Elastomer Composition, Sealing Material, and Method for Producing Sealing Material",https://patents.google.com/patent/US20230365800A1/en,Example 7,FKM,Tecnoflon P959 70 + Tecnoflon P757 30,peroxide,100,0.0,0.0,0,0.0,0.0,0.0,0.0,0.0,6.0,0.5,0.0,0.0,0.0,2.0,"SIFEL 8070A 1.0 + SIFEL 8070B 1.0 (Shin-Etsu; perfluoro-skeleton compound with C=C, counted as processing aid); TRIC (triallyl isocyanurate) 6.0; Perhexa 25B 0.5",66.0,15.6,180.0,4.5,,,0.99,"O2:CF4=190:10, RF 1000 W, 200 sccm, 1 torr, 3 h, sample 6 cm from electrode (phi300 parallel plate)",parts by mass; MPa; Shore A (JIS K6253),"Table 2. Kneader mixing; press 170C x 10 min, post-cure 200C x 16 h vacuum, then radiation 80 kGy. Fluorine contents: P959/P459 70%, G912/G902 71%, P757/P457 67%, PL855 64%. Same blend as Example 2.",batch_japan
US20230365800A1,patent,"Valqua, Ltd.","Elastomer Composition, Sealing Material, and Method for Producing Sealing Material",https://patents.google.com/patent/US20230365800A1/en,Example 8,FKM,Tecnoflon P459 70 + Tecnoflon P757 30,peroxide,100,0.0,0.0,0,0.0,0.0,0.0,0.0,0.0,6.0,0.5,0.0,0.0,0.0,2.0,"SIFEL 8070A 1.0 + SIFEL 8070B 1.0 (Shin-Etsu; perfluoro-skeleton compound with C=C, counted as processing aid); TRIC (triallyl isocyanurate) 6.0; Perhexa 25B 0.5",66.0,11.5,140.0,4.92,,,1.0,"O2:CF4=190:10, RF 1000 W, 200 sccm, 1 torr, 3 h, sample 6 cm from electrode (phi300 parallel plate)",parts by mass; MPa; Shore A (JIS K6253),"Table 2. Kneader mixing; press 170C x 10 min, post-cure 200C x 16 h vacuum, then radiation 80 kGy. Fluorine contents: P959/P459 70%, G912/G902 71%, P757/P457 67%, PL855 64%.",batch_japan
US20230365800A1,patent,"Valqua, Ltd.","Elastomer Composition, Sealing Material, and Method for Producing Sealing Material",https://patents.google.com/patent/US20230365800A1/en,Example 9,FKM,DAI-EL G902 70 + Tecnoflon P757 30,peroxide,100,0.0,0.0,0,0.0,0.0,0.0,0.0,0.0,6.0,0.5,0.0,0.0,0.0,2.0,"SIFEL 8070A 1.0 + SIFEL 8070B 1.0 (Shin-Etsu; perfluoro-skeleton compound with C=C, counted as processing aid); TRIC (triallyl isocyanurate) 6.0; Perhexa 25B 0.5",63.0,11.9,155.0,4.0,,,1.02,"O2:CF4=190:10, RF 1000 W, 200 sccm, 1 torr, 3 h, sample 6 cm from electrode (phi300 parallel plate)",parts by mass; MPa; Shore A (JIS K6253),"Table 2. Kneader mixing; press 170C x 10 min, post-cure 200C x 16 h vacuum, then radiation 80 kGy. Fluorine contents: P959/P459 70%, G912/G902 71%, P757/P457 67%, PL855 64%.",batch_japan
US20230365800A1,patent,"Valqua, Ltd.","Elastomer Composition, Sealing Material, and Method for Producing Sealing Material",https://patents.google.com/patent/US20230365800A1/en,Comparative Example 3,FKM,Tecnoflon P457 70 + Tecnoflon P757 30,peroxide,100,0.0,0.0,0,0.0,0.0,0.0,0.0,0.0,6.0,0.5,0.0,0.0,0.0,2.0,"SIFEL 8070A 1.0 + SIFEL 8070B 1.0 (Shin-Etsu; perfluoro-skeleton compound with C=C, counted as processing aid); TRIC (triallyl isocyanurate) 6.0; Perhexa 25B 0.5",60.0,7.2,150.0,2.2,,,1.33,"O2:CF4=190:10, RF 1000 W, 200 sccm, 1 torr, 3 h, sample 6 cm from electrode (phi300 parallel plate)",parts by mass; MPa; Shore A (JIS K6253),"Table 2. Kneader mixing; press 170C x 10 min, post-cure 200C x 16 h vacuum, then radiation 80 kGy. Fluorine contents: P959/P459 70%, G912/G902 71%, P757/P457 67%, PL855 64%.",batch_japan
US20230365800A1,patent,"Valqua, Ltd.","Elastomer Composition, Sealing Material, and Method for Producing Sealing Material",https://patents.google.com/patent/US20230365800A1/en,Comparative Example 4,FKM,Tecnoflon P757,peroxide,100,0.0,0.0,0,0.0,0.0,0.0,0.0,0.0,6.0,0.5,0.0,0.0,0.0,2.0,"SIFEL 8070A 1.0 + SIFEL 8070B 1.0 (Shin-Etsu; perfluoro-skeleton compound with C=C, counted as processing aid); TRIC (triallyl isocyanurate) 6.0; Perhexa 25B 0.5",61.0,9.9,195.0,3.09,,,1.4,"O2:CF4=190:10, RF 1000 W, 200 sccm, 1 torr, 3 h, sample 6 cm from electrode (phi300 parallel plate)",parts by mass; MPa; Shore A (JIS K6253),"Table 2. Kneader mixing; press 170C x 10 min, post-cure 200C x 16 h vacuum, then radiation 80 kGy. Fluorine contents: P959/P459 70%, G912/G902 71%, P757/P457 67%, PL855 64%.",batch_japan
US20230365800A1,patent,"Valqua, Ltd.","Elastomer Composition, Sealing Material, and Method for Producing Sealing Material",https://patents.google.com/patent/US20230365800A1/en,Comparative Example 5,FKM,DAI-EL G912 70 + Tecnoflon PL855 30,peroxide,100,0.0,0.0,0,0.0,0.0,0.0,0.0,0.0,6.0,0.5,0.0,0.0,0.0,2.0,"SIFEL 8070A 1.0 + SIFEL 8070B 1.0 (Shin-Etsu; perfluoro-skeleton compound with C=C, counted as processing aid); TRIC (triallyl isocyanurate) 6.0; Perhexa 25B 0.5",65.0,9.5,125.0,5.1,,,1.4,"O2:CF4=190:10, RF 1000 W, 200 sccm, 1 torr, 3 h, sample 6 cm from electrode (phi300 parallel plate)",parts by mass; MPa; Shore A (JIS K6253),"Table 2. Kneader mixing; press 170C x 10 min, post-cure 200C x 16 h vacuum, then radiation 80 kGy. Fluorine contents: P959/P459 70%, G912/G902 71%, P757/P457 67%, PL855 64%.",batch_japan
US20230365800A1,patent,"Valqua, Ltd.","Elastomer Composition, Sealing Material, and Method for Producing Sealing Material",https://patents.google.com/patent/US20230365800A1/en,Example 10,FKM,DAI-EL G912 70 + Tecnoflon P757 30,peroxide,100,0.0,0.0,0,0.0,0.0,0.0,0.0,0.0,6.0,0.5,0.0,0.0,0.0,2.0,"SIFEL 3590-N (Shin-Etsu; one-component liquid, perfluoro skeleton with C=C) 2 (counted as processing aid); TRIC 6; Perhexa 25B 0.5",67.0,10.2,150.0,5.6,,,0.76,"O2:CF4=190:10, RF 1000 W, 200 sccm, 1 torr, 3 h, sample 6 cm from electrode (phi300 parallel plate)",parts by mass; MPa; Shore A (JIS K6253),"Table 3. Press 170C x 10 min, post-cure 200C x 16 h vacuum, then radiation 80 kGy.",batch_japan
US20230365800A1,patent,"Valqua, Ltd.","Elastomer Composition, Sealing Material, and Method for Producing Sealing Material",https://patents.google.com/patent/US20230365800A1/en,Example 11,FKM,DAI-EL G912 70 + Tecnoflon P757 30,peroxide,100,0.0,0.0,0,0.0,0.0,0.0,0.0,0.0,6.0,0.5,0.0,0.0,0.0,2.0,"KE-1830 (Shin-Etsu; one-component liquid, siloxane skeleton with C=C) 2 (counted as processing aid); TRIC 6; Perhexa 25B 0.5",70.0,10.2,135.0,6.1,,,1.1,"O2:CF4=190:10, RF 1000 W, 200 sccm, 1 torr, 3 h, sample 6 cm from electrode (phi300 parallel plate)",parts by mass; MPa; Shore A (JIS K6253),"Table 3. Press 170C x 10 min, post-cure 200C x 16 h vacuum, then radiation 80 kGy.",batch_japan
EP4249550A1,patent,"Mitsubishi Cable Industries, Ltd.",Fluorine rubber composition and rubber molded article formed using same,https://patents.google.com/patent/EP4249550A1/en,Example 1,FKM,DAI-EL G912 (VDF/HFP/TFE),peroxide,100,0.0,10.0,0,0.0,0.0,0.0,0.0,0.0,4.0,1.5,0.0,0.0,0.0,1.0,vinyl-PFPE SIFEL X-71-359 1; silica AEROSIL 200 (hydrophilic dry) 10; TAIC 4; Perhexa 25B 1.5 (PFPE liquids counted as processing aid),73.0,16.3,150.0,6.0,31.0,"200C x 72h, half-cut AS-214 O-ring (JIS K6262:2013)",0.65,"O2+CF4 (50:1), RF 1500 W, 100 Pa, 30 min (Shinko Seiki compact etcher)","parts by mass; MPa; Shore A (type A durometer, JIS K6253-3)","Press 160C x 10 min, post-cure 200C x 4 h. Bleed-out rating A.",batch_japan
EP4249550A1,patent,"Mitsubishi Cable Industries, Ltd.",Fluorine rubber composition and rubber molded article formed using same,https://patents.google.com/patent/EP4249550A1/en,Example 2,FKM,DAI-EL G912 (VDF/HFP/TFE),peroxide,100,0.0,0.2,0,0.0,0.0,0.0,0.0,0.0,4.0,1.5,0.0,0.0,0.0,1.0,vinyl-PFPE SIFEL X-71-359 1; silica AEROSIL R972 (hydrophobic dry) 0.2; TAIC 4; Perhexa 25B 1.5 (PFPE liquids counted as processing aid),57.0,14.4,350.0,1.4,32.0,"200C x 72h, half-cut AS-214 O-ring (JIS K6262:2013)",0.55,"O2+CF4 (50:1), RF 1500 W, 100 Pa, 30 min (Shinko Seiki compact etcher)","parts by mass; MPa; Shore A (type A durometer, JIS K6253-3)","Press 160C x 10 min, post-cure 200C x 4 h. Bleed-out rating A.",batch_japan
EP4249550A1,patent,"Mitsubishi Cable Industries, Ltd.",Fluorine rubber composition and rubber molded article formed using same,https://patents.google.com/patent/EP4249550A1/en,Example 3,FKM,DAI-EL G912 (VDF/HFP/TFE),peroxide,100,0.0,10.0,0,0.0,0.0,0.0,0.0,0.0,4.0,1.5,0.0,0.0,0.0,1.0,vinyl-PFPE SIFEL X-71-359 1; silica AEROSIL R972 10; TAIC 4; Perhexa 25B 1.5 (PFPE liquids counted as processing aid),72.0,18.3,180.0,5.9,30.0,"200C x 72h, half-cut AS-214 O-ring (JIS K6262:2013)",0.6,"O2+CF4 (50:1), RF 1500 W, 100 Pa, 30 min (Shinko Seiki compact etcher)","parts by mass; MPa; Shore A (type A durometer, JIS K6253-3)","Press 160C x 10 min, post-cure 200C x 4 h. Bleed-out rating A.",batch_japan
EP4249550A1,patent,"Mitsubishi Cable Industries, Ltd.",Fluorine rubber composition and rubber molded article formed using same,https://patents.google.com/patent/EP4249550A1/en,Example 4,FKM,DAI-EL G912 (VDF/HFP/TFE),peroxide,100,0.0,10.0,0,0.0,0.0,0.0,0.0,0.0,4.0,1.5,0.0,0.0,0.0,1.0,vinyl-PFPE SIFEL X-71-359 1; silica wet silica CARPLEX #80 10; TAIC 4; Perhexa 25B 1.5 (PFPE liquids counted as processing aid),71.0,18.5,180.0,6.1,25.0,"200C x 72h, half-cut AS-214 O-ring (JIS K6262:2013)",0.67,"O2+CF4 (50:1), RF 1500 W, 100 Pa, 30 min (Shinko Seiki compact etcher)","parts by mass; MPa; Shore A (type A durometer, JIS K6253-3)","Press 160C x 10 min, post-cure 200C x 4 h. Bleed-out rating A.",batch_japan
EP4249550A1,patent,"Mitsubishi Cable Industries, Ltd.",Fluorine rubber composition and rubber molded article formed using same,https://patents.google.com/patent/EP4249550A1/en,Example 5,FKM,DAI-EL G912 (VDF/HFP/TFE),peroxide,100,0.0,10.0,0,0.0,0.0,0.0,0.0,0.0,4.0,1.5,0.0,0.0,0.0,2.0,vinyl-PFPE SIFEL X-71-359 1; PFPE oil Fomblin Y 1; silica AEROSIL R972 10; TAIC 4; Perhexa 25B 1.5 (PFPE liquids counted as processing aid),71.0,18.1,180.0,5.8,30.0,"200C x 72h, half-cut AS-214 O-ring (JIS K6262:2013)",0.4,"O2+CF4 (50:1), RF 1500 W, 100 Pa, 30 min (Shinko Seiki compact etcher)","parts by mass; MPa; Shore A (type A durometer, JIS K6253-3)","Press 160C x 10 min, post-cure 200C x 4 h. Bleed-out rating A.",batch_japan
EP4249550A1,patent,"Mitsubishi Cable Industries, Ltd.",Fluorine rubber composition and rubber molded article formed using same,https://patents.google.com/patent/EP4249550A1/en,Example 6,FKM,DAI-EL G912 (VDF/HFP/TFE),peroxide,100,0.0,10.0,0,0.0,0.0,0.0,0.0,0.0,4.0,1.5,0.0,0.0,0.0,5.0,vinyl-PFPE SIFEL X-71-359 5; silica AEROSIL R972 10; TAIC 4; Perhexa 25B 1.5 (PFPE liquids counted as processing aid),69.0,17.4,190.0,5.5,32.0,"200C x 72h, half-cut AS-214 O-ring (JIS K6262:2013)",0.21,"O2+CF4 (50:1), RF 1500 W, 100 Pa, 30 min (Shinko Seiki compact etcher)","parts by mass; MPa; Shore A (type A durometer, JIS K6253-3)","Press 160C x 10 min, post-cure 200C x 4 h. Bleed-out rating A.",batch_japan
EP4249550A1,patent,"Mitsubishi Cable Industries, Ltd.",Fluorine rubber composition and rubber molded article formed using same,https://patents.google.com/patent/EP4249550A1/en,Example 7,FKM,DAI-EL G912 (VDF/HFP/TFE),peroxide,100,0.0,10.0,0,0.0,0.0,0.0,0.0,0.0,4.0,1.5,0.0,0.0,0.0,2.0,vinyl-PFPE SIFEL X-71-359 1; PFPE oil Krytox GPL 107 1; silica AEROSIL R972 10; TAIC 4; Perhexa 25B 1.5 (PFPE liquids counted as processing aid),71.0,17.5,180.0,5.7,29.0,"200C x 72h, half-cut AS-214 O-ring (JIS K6262:2013)",0.41,"O2+CF4 (50:1), RF 1500 W, 100 Pa, 30 min (Shinko Seiki compact etcher)","parts by mass; MPa; Shore A (type A durometer, JIS K6253-3)","Press 160C x 10 min, post-cure 200C x 4 h. Bleed-out rating A.",batch_japan
EP4249550A1,patent,"Mitsubishi Cable Industries, Ltd.",Fluorine rubber composition and rubber molded article formed using same,https://patents.google.com/patent/EP4249550A1/en,Example 8,FKM,DAI-EL G912 (VDF/HFP/TFE),peroxide,100,0.0,10.0,0,0.0,0.0,0.0,0.0,0.0,4.0,1.5,0.0,0.0,0.0,6.0,vinyl-PFPE SIFEL X-71-359 1; PFPE oil Fomblin Y 5; silica AEROSIL R972 10; TAIC 4; Perhexa 25B 1.5 (PFPE liquids counted as processing aid),68.0,17.4,190.0,5.4,33.0,"200C x 72h, half-cut AS-214 O-ring (JIS K6262:2013)",0.19,"O2+CF4 (50:1), RF 1500 W, 100 Pa, 30 min (Shinko Seiki compact etcher)","parts by mass; MPa; Shore A (type A durometer, JIS K6253-3)","Press 160C x 10 min, post-cure 200C x 4 h. Bleed-out rating A.",batch_japan
EP4249550A1,patent,"Mitsubishi Cable Industries, Ltd.",Fluorine rubber composition and rubber molded article formed using same,https://patents.google.com/patent/EP4249550A1/en,Example 10,FKM,DAI-EL G912 (VDF/HFP/TFE),peroxide,100,0.0,0.0,0,0.0,0.0,0.0,0.0,10.0,4.0,1.5,0.0,0.0,0.0,1.0,vinyl-PFPE SIFEL X-71-359 1; phenolic resin powder BellPearl R100 10; TAIC 4; Perhexa 25B 1.5 (PFPE liquids counted as processing aid),64.0,17.1,180.0,4.8,21.0,"200C x 72h, half-cut AS-214 O-ring (JIS K6262:2013)",0.69,"O2+CF4 (50:1), RF 1500 W, 100 Pa, 30 min (Shinko Seiki compact etcher)","parts by mass; MPa; Shore A (type A durometer, JIS K6253-3)","Press 160C x 10 min, post-cure 200C x 4 h. Bleed-out rating A.",batch_japan
EP4249550A1,patent,"Mitsubishi Cable Industries, Ltd.",Fluorine rubber composition and rubber molded article formed using same,https://patents.google.com/patent/EP4249550A1/en,Example 11,FKM,DAI-EL G912 (VDF/HFP/TFE),peroxide,100,0.0,0.0,0,0.0,0.0,0.0,0.0,10.0,4.0,1.5,0.0,0.0,0.0,1.0,vinyl-PFPE SIFEL X-71-359 1; phenolic resin powder BellPearl R200 10; TAIC 4; Perhexa 25B 1.5 (PFPE liquids counted as processing aid),62.0,13.2,180.0,3.9,28.0,"200C x 72h, half-cut AS-214 O-ring (JIS K6262:2013)",0.68,"O2+CF4 (50:1), RF 1500 W, 100 Pa, 30 min (Shinko Seiki compact etcher)","parts by mass; MPa; Shore A (type A durometer, JIS K6253-3)","Press 160C x 10 min, post-cure 200C x 4 h. Bleed-out rating A.",batch_japan
EP4249550A1,patent,"Mitsubishi Cable Industries, Ltd.",Fluorine rubber composition and rubber molded article formed using same,https://patents.google.com/patent/EP4249550A1/en,Example 12,FKM,DAI-EL G912 (VDF/HFP/TFE),peroxide,100,0.0,0.0,0,0.0,0.0,10.0,0.0,0.0,4.0,1.5,0.0,0.0,0.0,1.0,vinyl-PFPE SIFEL X-71-359 1; PVDF powder KYNAR MG15 10; TAIC 4; Perhexa 25B 1.5 (PFPE liquids counted as processing aid),63.0,13.9,310.0,2.6,29.0,"200C x 72h, half-cut AS-214 O-ring (JIS K6262:2013)",0.59,"O2+CF4 (50:1), RF 1500 W, 100 Pa, 30 min (Shinko Seiki compact etcher)","parts by mass; MPa; Shore A (type A durometer, JIS K6253-3)","Press 160C x 10 min, post-cure 200C x 4 h. Bleed-out rating A.",batch_japan
EP4249550A1,patent,"Mitsubishi Cable Industries, Ltd.",Fluorine rubber composition and rubber molded article formed using same,https://patents.google.com/patent/EP4249550A1/en,Example 13,FKM,DAI-EL G912 (VDF/HFP/TFE),peroxide,100,0.0,0.0,0,0.0,0.0,0.0,0.0,10.0,4.0,1.5,0.0,0.0,0.0,1.0,vinyl-PFPE SIFEL X-71-359 1; PEEK powder VESTAKEEP 2000UFP10 10; TAIC 4; Perhexa 25B 1.5 (PFPE liquids counted as processing aid),64.0,9.6,240.0,4.2,38.0,"200C x 72h, half-cut AS-214 O-ring (JIS K6262:2013)",0.63,"O2+CF4 (50:1), RF 1500 W, 100 Pa, 30 min (Shinko Seiki compact etcher)","parts by mass; MPa; Shore A (type A durometer, JIS K6253-3)","Press 160C x 10 min, post-cure 200C x 4 h. Bleed-out rating A.",batch_japan
EP4249550A1,patent,"Mitsubishi Cable Industries, Ltd.",Fluorine rubber composition and rubber molded article formed using same,https://patents.google.com/patent/EP4249550A1/en,Comparative Example 1,FKM,DAI-EL G912 (VDF/HFP/TFE),peroxide,100,0.0,0.0,0,0.0,0.0,0.0,0.0,0.0,4.0,1.5,0.0,0.0,0.0,0.0,TAIC 4; Perhexa 25B 1.5 (PFPE liquids counted as processing aid),57.0,14.7,340.0,1.4,30.0,"200C x 72h, half-cut AS-214 O-ring (JIS K6262:2013)",1.0,"O2+CF4 (50:1), RF 1500 W, 100 Pa, 30 min (Shinko Seiki compact etcher)","parts by mass; MPa; Shore A (type A durometer, JIS K6253-3)","Press 160C x 10 min, post-cure 200C x 4 h. Bleed-out rating -.",batch_japan
EP4249550A1,patent,"Mitsubishi Cable Industries, Ltd.",Fluorine rubber composition and rubber molded article formed using same,https://patents.google.com/patent/EP4249550A1/en,Comparative Example 2,FKM,DAI-EL G912 (VDF/HFP/TFE),peroxide,100,0.0,0.0,0,0.0,0.0,0.0,0.0,0.0,4.0,1.5,0.0,0.0,0.0,1.0,vinyl-PFPE SIFEL X-71-359 1; TAIC 4; Perhexa 25B 1.5 (PFPE liquids counted as processing aid),57.0,13.3,330.0,1.3,33.0,"200C x 72h, half-cut AS-214 O-ring (JIS K6262:2013)",0.17,"O2+CF4 (50:1), RF 1500 W, 100 Pa, 30 min (Shinko Seiki compact etcher)","parts by mass; MPa; Shore A (type A durometer, JIS K6253-3)","Press 160C x 10 min, post-cure 200C x 4 h. Bleed-out rating B.",batch_japan
EP4249550A1,patent,"Mitsubishi Cable Industries, Ltd.",Fluorine rubber composition and rubber molded article formed using same,https://patents.google.com/patent/EP4249550A1/en,Comparative Example 3,FKM,DAI-EL G912 (VDF/HFP/TFE),peroxide,100,0.0,10.0,0,0.0,0.0,0.0,0.0,0.0,4.0,1.5,0.0,0.0,0.0,1.0,PFPE oil Fomblin Y 1; silica AEROSIL R972 10; TAIC 4; Perhexa 25B 1.5 (PFPE liquids counted as processing aid),71.0,18.1,170.0,5.8,31.0,"200C x 72h, half-cut AS-214 O-ring (JIS K6262:2013)",0.11,"O2+CF4 (50:1), RF 1500 W, 100 Pa, 30 min (Shinko Seiki compact etcher)","parts by mass; MPa; Shore A (type A durometer, JIS K6253-3)","Press 160C x 10 min, post-cure 200C x 4 h. Bleed-out rating B.",batch_japan
EP4249550A1,patent,"Mitsubishi Cable Industries, Ltd.",Fluorine rubber composition and rubber molded article formed using same,https://patents.google.com/patent/EP4249550A1/en,Comparative Example 4,FKM,DAI-EL G912 (VDF/HFP/TFE),peroxide,100,0.0,0.0,0,0.0,0.0,0.0,0.0,10.0,4.0,1.5,0.0,0.0,0.0,1.0,vinyl-PFPE SIFEL X-71-359 1; phenolic resin powder BellPearl R800 10; TAIC 4; Perhexa 25B 1.5 (PFPE liquids counted as processing aid),62.0,11.3,170.0,3.1,38.0,"200C x 72h, half-cut AS-214 O-ring (JIS K6262:2013)",0.73,"O2+CF4 (50:1), RF 1500 W, 100 Pa, 30 min (Shinko Seiki compact etcher)","parts by mass; MPa; Shore A (type A durometer, JIS K6253-3)","Press 160C x 10 min, post-cure 200C x 4 h. Bleed-out rating A.",batch_japan
EP4249550A1,patent,"Mitsubishi Cable Industries, Ltd.",Fluorine rubber composition and rubber molded article formed using same,https://patents.google.com/patent/EP4249550A1/en,Comparative Example 5,FKM,DAI-EL G912 (VDF/HFP/TFE),peroxide,100,0.0,0.0,0,0.0,0.0,10.0,0.0,0.0,4.0,1.5,0.0,0.0,0.0,1.0,vinyl-PFPE SIFEL X-71-359 1; PTFE powder LUBRON L-5 10; TAIC 4; Perhexa 25B 1.5 (PFPE liquids counted as processing aid),59.0,13.9,320.0,1.8,29.0,"200C x 72h, half-cut AS-214 O-ring (JIS K6262:2013)",0.29,"O2+CF4 (50:1), RF 1500 W, 100 Pa, 30 min (Shinko Seiki compact etcher)","parts by mass; MPa; Shore A (type A durometer, JIS K6253-3)","Press 160C x 10 min, post-cure 200C x 4 h. Bleed-out rating B.",batch_japan
EP4249550A1,patent,"Mitsubishi Cable Industries, Ltd.",Fluorine rubber composition and rubber molded article formed using same,https://patents.google.com/patent/EP4249550A1/en,Comparative Example 6,FKM,DAI-EL G912 (VDF/HFP/TFE),peroxide,100,10.0,0.0,0,0.0,0.0,0.0,0.0,0.0,4.0,1.5,0.0,0.0,0.0,1.0,vinyl-PFPE SIFEL X-71-359 1; MT carbon black Thermax N990 10; TAIC 4; Perhexa 25B 1.5 (PFPE liquids counted as processing aid),63.0,18.9,190.0,4.3,29.0,"200C x 72h, half-cut AS-214 O-ring (JIS K6262:2013)",0.96,"O2+CF4 (50:1), RF 1500 W, 100 Pa, 30 min (Shinko Seiki compact etcher)","parts by mass; MPa; Shore A (type A durometer, JIS K6253-3)","Press 160C x 10 min, post-cure 200C x 4 h. Bleed-out rating A.",batch_japan
EP4249550A1,patent,"Mitsubishi Cable Industries, Ltd.",Fluorine rubber composition and rubber molded article formed using same,https://patents.google.com/patent/EP4249550A1/en,Comparative Example 7,FKM,DAI-EL G912 (VDF/HFP/TFE),peroxide,100,0.0,0.2,0,0.0,0.0,0.0,0.0,0.0,4.0,1.5,0.0,0.0,0.0,2.0,vinyl-PFPE SIFEL X-71-359 1; PFPE oil Fomblin Y 1; silica AEROSIL R972 0.2; TAIC 4; Perhexa 25B 1.5 (PFPE liquids counted as processing aid),57.0,13.8,350.0,1.4,33.0,"200C x 72h, half-cut AS-214 O-ring (JIS K6262:2013)",0.19,"O2+CF4 (50:1), RF 1500 W, 100 Pa, 30 min (Shinko Seiki compact etcher)","parts by mass; MPa; Shore A (type A durometer, JIS K6253-3)","Press 160C x 10 min, post-cure 200C x 4 h. Bleed-out rating B.",batch_japan
EP4249550A1,patent,"Mitsubishi Cable Industries, Ltd.",Fluorine rubber composition and rubber molded article formed using same,https://patents.google.com/patent/EP4249550A1/en,Example 9,FKM,DAI-EL G912 (VDF/HFP/TFE),peroxide,100,0.0,0.11,0,0.0,0.0,0.0,0.0,0.0,4.0,1.5,0.0,0.0,0.0,0.89,SIFEL X-71-369-N 1 part = vinyl-PFPE compound 2 0.89 + silica 0.11; TAIC 4; Perhexa 25B 1.5 (PFPE counted as processing aid),57.0,14.0,340.0,1.4,31.0,"200C x 72h, half-cut AS-214 O-ring (JIS K6262:2013)",0.67,"O2+CF4 (50:1), RF 1500 W, 100 Pa, 30 min (Shinko Seiki compact etcher)","parts by mass; MPa; Shore A (type A durometer, JIS K6253-3)","Press 160C x 10 min, post-cure 200C x 4 h. Bleed-out rating A.",batch_japan
US7666948B2,patent,Nichias Corporation,Elastomer composition and molded body,https://patents.google.com/patent/US7666948B2/en,Example 1,OTHER,FFKM/FKM blend: DAI-EL Perfluoro GA-05 (Daikin) 50 + VITON TR-8605 (DuPont) as printed 50,peroxide,100,0.0,0.0,0,0.0,0.0,0.0,0.0,0.0,1.0,1.0,0.0,0.0,0.0,0.0,no filler; Perhexa 25B 1.0; TAIC 1.0,,9.04,360.0,1.05,,,0.75,"O2+CF4 surface-wave plasma (Shinko Seiki), 133 Pa, 3 kW, 2 h; 2 mm sheet, 13 mm dia",parts by weight; MPa,"Press 160C x 10 min, post-cure 180C x 4 h. Hardness/CS not reported. Tensile at 100C 1.23 MPa, elongation at 100C 132%. Avg aggregate size 0.8 um.",batch_japan
US7666948B2,patent,Nichias Corporation,Elastomer composition and molded body,https://patents.google.com/patent/US7666948B2/en,Example 2,OTHER,FFKM/FKM blend: DAI-EL Perfluoro GA-05 (Daikin) 25 + VITON TR-8605 (DuPont) as printed 75,peroxide,100,0.0,0.0,0,0.0,0.0,0.0,0.0,0.0,1.0,1.0,0.0,0.0,0.0,0.0,no filler; Perhexa 25B 1.0; TAIC 1.0,,6.48,340.0,1.05,,,1.89,"O2+CF4 surface-wave plasma (Shinko Seiki), 133 Pa, 3 kW, 2 h; 2 mm sheet, 13 mm dia",parts by weight; MPa,"Press 160C x 10 min, post-cure 180C x 4 h. Hardness/CS not reported. Tensile at 100C 1.4 MPa, elongation at 100C 140%. Avg aggregate size 1.3 um.",batch_japan
US7666948B2,patent,Nichias Corporation,Elastomer composition and molded body,https://patents.google.com/patent/US7666948B2/en,Example 3,OTHER,FFKM/FKM blend: DAI-EL Perfluoro GA-05 (Daikin) 5 + VITON TR-8605 (DuPont) as printed 95,peroxide,100,0.0,0.0,0,0.0,0.0,0.0,0.0,0.0,1.0,1.0,0.0,0.0,0.0,0.0,no filler; Perhexa 25B 1.0; TAIC 1.0,,10.3,380.0,1.13,,,3.92,"O2+CF4 surface-wave plasma (Shinko Seiki), 133 Pa, 3 kW, 2 h; 2 mm sheet, 13 mm dia",parts by weight; MPa,"Press 160C x 10 min, post-cure 180C x 4 h. Hardness/CS not reported. Tensile at 100C 1.21 MPa, elongation at 100C 111%. Avg aggregate size 0.5 um.",batch_japan
US7666948B2,patent,Nichias Corporation,Elastomer composition and molded body,https://patents.google.com/patent/US7666948B2/en,Comparative Example 1,FFKM,DAI-EL Perfluoro GA-05 (Daikin),peroxide,100,0.0,0.0,0,0.0,0.0,0.0,0.0,0.0,1.0,1.0,0.0,0.0,0.0,0.0,no filler; Perhexa 25B 1.0; TAIC 1.0,,4.36,270.0,1.01,,,0.05,"O2+CF4 surface-wave plasma (Shinko Seiki), 133 Pa, 3 kW, 2 h; 2 mm sheet, 13 mm dia",parts by weight; MPa,"Press 160C x 10 min, post-cure 180C x 4 h. Hardness/CS not reported. Tensile at 100C 0.93 MPa, elongation at 100C 110%.",batch_japan
US7666948B2,patent,Nichias Corporation,Elastomer composition and molded body,https://patents.google.com/patent/US7666948B2/en,Comparative Example 2,OTHER,FFKM/FKM blend: DAI-EL Perfluoro GA-05 (Daikin) 0.1 + VITON TR-8605 (DuPont) as printed 99.9,peroxide,100,0.0,0.0,0,0.0,0.0,0.0,0.0,0.0,1.0,1.0,0.0,0.0,0.0,0.0,no filler; Perhexa 25B 1.0; TAIC 1.0,,5.03,330.0,1.08,,,10.1,"O2+CF4 surface-wave plasma (Shinko Seiki), 133 Pa, 3 kW, 2 h; 2 mm sheet, 13 mm dia",parts by weight; MPa,"Press 160C x 10 min, post-cure 180C x 4 h. Hardness/CS not reported.",batch_japan
US7666948B2,patent,Nichias Corporation,Elastomer composition and molded body,https://patents.google.com/patent/US7666948B2/en,Comparative Example 3,OTHER,FFKM/FKM blend: DAI-EL Perfluoro GA-05 (Daikin) 25 + VITON TR-8605 (DuPont) as printed 75,peroxide,100,0.0,0.0,0,0.0,0.0,0.0,0.0,0.0,1.0,1.0,0.0,0.0,0.0,0.0,no filler; Perhexa 25B 1.0; TAIC 1.0,,4.23,260.0,1.0,,,4.2,"O2+CF4 surface-wave plasma (Shinko Seiki), 133 Pa, 3 kW, 2 h; 2 mm sheet, 13 mm dia",parts by weight; MPa,"Press 160C x 10 min, post-cure 180C x 4 h. Hardness/CS not reported. Tensile at 100C 0.92 MPa, elongation at 100C 105%. Avg aggregate size 20.5 um. Same ratio as Example 2 but longer/shorter mixing gave coarse aggregates.",batch_japan
US7666948B2,patent,Nichias Corporation,Elastomer composition and molded body,https://patents.google.com/patent/US7666948B2/en,Comparative Example 4,FKM,VITON TR-8605 (DuPont) as printed,peroxide,100,0.0,0.0,0,0.0,0.0,0.0,0.0,0.0,1.0,1.0,0.0,0.0,0.0,0.0,no filler; Perhexa 25B 1.0; TAIC 1.0,,4.86,330.0,1.08,,,11.5,"O2+CF4 surface-wave plasma (Shinko Seiki), 133 Pa, 3 kW, 2 h; 2 mm sheet, 13 mm dia",parts by weight; MPa,"Press 160C x 10 min, post-cure 180C x 4 h. Hardness/CS not reported. Tensile at 100C 1.19 MPa, elongation at 100C 108%.",batch_japan
US7666948B2,patent,Nichias Corporation,Elastomer composition and molded body,https://patents.google.com/patent/US7666948B2/en,Example 4,OTHER,FFKM/silicone blend: DAI-EL Perfluoro GA-05 (Daikin) 50 + KE-941-U (Shin-Etsu VMQ) 50,peroxide,100,0.0,0.0,0,0.0,0.0,0.0,0.0,0.0,0.5,1.5,0.0,0.0,0.0,0.0,no filler; Perhexa 25B 0.5 + Shin-Etsu C8 1.0 (peroxide total 1.5); TAIC 0.5,,7.24,390.0,0.96,,,0.64,"O2+CF4 surface-wave plasma (Shinko Seiki), 133 Pa, 3 kW, 2 h; 2 mm sheet, 13 mm dia",parts by weight; MPa,"Press 160C x 10 min, post-cure 180C x 4 h. Tensile at 100C 2.41 MPa, elongation at 100C 210%. Avg aggregate 1.8 um.",batch_japan
US7666948B2,patent,Nichias Corporation,Elastomer composition and molded body,https://patents.google.com/patent/US7666948B2/en,Example 5,OTHER,FFKM/EPDM blend: DAI-EL Perfluoro GA-05 (Daikin) 75 + EP51 (JSR EPDM) 25,peroxide,100,0.0,0.0,0,0.0,0.0,0.0,0.0,0.0,0.75,1.0,0.0,0.0,0.0,0.0,no filler; Perhexa 25B 0.75 + Percumyl D 0.25 (peroxide total 1.0); TAIC 0.75,,7.38,390.0,1.11,,,2.5,"O2+CF4 surface-wave plasma (Shinko Seiki), 133 Pa, 3 kW, 2 h; 2 mm sheet, 13 mm dia",parts by weight; MPa,"Press 160C x 10 min, post-cure 180C x 4 h. Tensile at 100C 1.64 MPa, elongation at 100C 200%. Avg aggregate 1.1 um.",batch_japan
KR100894110B1,patent,"M&E Co., Ltd. (주식회사 엠앤이)",Perfluoro rubbers for semiconductor sealing with improved elongation,https://patents.google.com/patent/KR100894110B1/en,Comparative Example 1,FFKM,perfluororubber raw material (unspecified),peroxide,100,0.0,0.0,0,10.0,10.0,0.0,0.0,0.0,3.0,1.0,0.0,0.0,5.0,0.0,TiO2; BaSO4; ZnO 5 (in acid_acceptor); TAIC 3; unspecified peroxide compound 1,,,186.0,,,,,,phr; elongation %,"White (non-black) FFKM/FKM seal compounds for semiconductor equipment. Only elongation at break reported (avg of 3 specimens, read from text; curves in Figs 1-3); BaSO4 varied to match hardness between compounds but hardness values not given. Peroxide/TAIC types not specified.",batch_krcn
KR100894110B1,patent,"M&E Co., Ltd. (주식회사 엠앤이)",Perfluoro rubbers for semiconductor sealing with improved elongation,https://patents.google.com/patent/KR100894110B1/en,Comparative Example 2,FKM,ternary (terpolymer) fluororubber raw material (unspecified),peroxide,100,0.0,0.0,0,20.0,10.0,0.0,0.0,0.0,3.0,1.0,0.0,0.0,5.0,0.0,TiO2; BaSO4; ZnO 5 (in acid_acceptor); TAIC 3; unspecified peroxide compound 1,,,367.0,,,,,,phr; elongation %,"White (non-black) FFKM/FKM seal compounds for semiconductor equipment. Only elongation at break reported (avg of 3 specimens, read from text; curves in Figs 1-3); BaSO4 varied to match hardness between compounds but hardness values not given. Peroxide/TAIC types not specified.",batch_krcn
KR100894110B1,patent,"M&E Co., Ltd. (주식회사 엠앤이)",Perfluoro rubbers for semiconductor sealing with improved elongation,https://patents.google.com/patent/KR100894110B1/en,Example 1,OTHER,FFKM 70 / ternary FKM 30 blend (unspecified grades),peroxide,100,0.0,0.0,0,15.0,10.0,0.0,0.0,0.0,3.0,1.0,0.0,0.0,5.0,0.0,TiO2; BaSO4; ZnO 5 (in acid_acceptor); TAIC 3; unspecified peroxide compound 1,,,290.0,,,,,,phr; elongation %,"White (non-black) FFKM/FKM seal compounds for semiconductor equipment. Only elongation at break reported (avg of 3 specimens, read from text; curves in Figs 1-3); BaSO4 varied to match hardness between compounds but hardness values not given. Peroxide/TAIC types not specified.",batch_krcn
KR102400335B1,patent,"M&E Co., Ltd. (주식회사 엠앤이)",Sealing material for semiconductor manufacturing apparatus with improved plasma resistance in oxygen-atmosphere and fluorine-atmosphere plasma processes,https://patents.google.com/patent/KR102400335B1/en,Comparative Example,FFKM,"TFE/perfluoroalkyl vinyl ether FFKM (commercial, unspecified)",,100,0.0,20.0,0,0.0,0.0,0.0,0.0,0.0,,,,5.0,0.0,0.0,other_curative = crosslink agent 3 + catalyst 2 phr (types not specified),75.0,,250.0,,29.0,"204C x 70h, 25% compression, AS214 O-ring",4.02,"O2 plasma, 300 mm parallel-plate, 150 sccm, RF 1100, 400 mTorr, 30 min",composition in wt% of total (converted to phr on FFKM; patent itself states crosslinker 3 phr + catalyst 2 phr); tensile/M100 units not stated,"wt%: FFKM 80, silica 16, Y-compound 0, crosslinker 2.4, catalyst 1.6. Tensile strength 120 and 100% modulus 50 reported WITHOUT units (likely kgf/cm2) -> left empty. Other CS (25%, 70h): 75C 35, 250C 33, 300C 37, 325C 59. NF3 plasma weight loss 5.12% (same conditions). Plasma values reported as weight reduction rate (assumed %).",batch_krcn
KR102400335B1,patent,"M&E Co., Ltd. (주식회사 엠앤이)",Sealing material for semiconductor manufacturing apparatus with improved plasma resistance in oxygen-atmosphere and fluorine-atmosphere plasma processes,https://patents.google.com/patent/KR102400335B1/en,Example 1,FFKM,"TFE/perfluoroalkyl vinyl ether FFKM (commercial, unspecified)",,100,0.0,0.0,0,0.0,0.0,0.0,5.06,0.0,,,,5.0,0.0,0.0,"yttrium compound filler (Y2O3/YOF/YF3/YAG, specific one not stated) in other_inorganic; other_curative = crosslink agent 3 + catalyst 2 phr (types not specified)",60.0,,227.0,,13.0,"204C x 70h, 25% compression, AS214 O-ring",2.66,"O2 plasma, 300 mm parallel-plate, 150 sccm, RF 1100, 400 mTorr, 30 min",composition in wt% of total (converted to phr on FFKM; patent itself states crosslinker 3 phr + catalyst 2 phr); tensile/M100 units not stated,"wt%: FFKM 90.9, silica 0, Y-compound 4.6, crosslinker 2.7, catalyst 1.8. Tensile strength 62 and 100% modulus 18 reported WITHOUT units (likely kgf/cm2) -> left empty. Other CS (25%, 70h): 75C 23, 250C 13, 300C 16, 325C 37. NF3 plasma weight loss 5.97% (same conditions). Plasma values reported as weight reduction rate (assumed %).",batch_krcn
KR102400335B1,patent,"M&E Co., Ltd. (주식회사 엠앤이)",Sealing material for semiconductor manufacturing apparatus with improved plasma resistance in oxygen-atmosphere and fluorine-atmosphere plasma processes,https://patents.google.com/patent/KR102400335B1/en,Example 2,FFKM,"TFE/perfluoroalkyl vinyl ether FFKM (commercial, unspecified)",,100,0.0,0.0,0,0.0,0.0,0.0,15.01,0.0,,,,5.0,0.0,0.0,"yttrium compound filler (Y2O3/YOF/YF3/YAG, specific one not stated) in other_inorganic; other_curative = crosslink agent 3 + catalyst 2 phr (types not specified)",62.0,,220.0,,13.0,"204C x 70h, 25% compression, AS214 O-ring",2.33,"O2 plasma, 300 mm parallel-plate, 150 sccm, RF 1100, 400 mTorr, 30 min",composition in wt% of total (converted to phr on FFKM; patent itself states crosslinker 3 phr + catalyst 2 phr); tensile/M100 units not stated,"wt%: FFKM 83.3, silica 0, Y-compound 12.5, crosslinker 2.5, catalyst 1.8. Tensile strength 70 and 100% modulus 19 reported WITHOUT units (likely kgf/cm2) -> left empty. Other CS (25%, 70h): 75C 23, 250C 15, 300C 18, 325C 37. NF3 plasma weight loss 4.68% (same conditions). Plasma values reported as weight reduction rate (assumed %).",batch_krcn
KR102400335B1,patent,"M&E Co., Ltd. (주식회사 엠앤이)",Sealing material for semiconductor manufacturing apparatus with improved plasma resistance in oxygen-atmosphere and fluorine-atmosphere plasma processes,https://patents.google.com/patent/KR102400335B1/en,Example 3,FFKM,"TFE/perfluoroalkyl vinyl ether FFKM (commercial, unspecified)",,100,0.0,0.0,0,0.0,0.0,0.0,29.96,0.0,,,,5.0,0.0,0.0,"yttrium compound filler (Y2O3/YOF/YF3/YAG, specific one not stated) in other_inorganic; other_curative = crosslink agent 3 + catalyst 2 phr (types not specified)",68.0,,210.0,,18.0,"204C x 70h, 25% compression, AS214 O-ring",1.81,"O2 plasma, 300 mm parallel-plate, 150 sccm, RF 1100, 400 mTorr, 30 min",composition in wt% of total (converted to phr on FFKM; patent itself states crosslinker 3 phr + catalyst 2 phr); tensile/M100 units not stated,"wt%: FFKM 74.1, silica 0, Y-compound 22.2, crosslinker 2.2, catalyst 1.5. Tensile strength 75 and 100% modulus 34 reported WITHOUT units (likely kgf/cm2) -> left empty. Other CS (25%, 70h): 75C 16, 250C 22, 300C 22, 325C 39. NF3 plasma weight loss 2.63% (same conditions). Plasma values reported as weight reduction rate (assumed %).",batch_krcn
KR102400335B1,patent,"M&E Co., Ltd. (주식회사 엠앤이)",Sealing material for semiconductor manufacturing apparatus with improved plasma resistance in oxygen-atmosphere and fluorine-atmosphere plasma processes,https://patents.google.com/patent/KR102400335B1/en,Example 4,FFKM,"TFE/perfluoroalkyl vinyl ether FFKM (commercial, unspecified)",,100,0.0,0.0,0,0.0,0.0,0.0,50.08,0.0,,,,5.0,0.0,0.0,"yttrium compound filler (Y2O3/YOF/YF3/YAG, specific one not stated) in other_inorganic; other_curative = crosslink agent 3 + catalyst 2 phr (types not specified)",75.0,,209.0,,24.0,"204C x 70h, 25% compression, AS214 O-ring",1.99,"O2 plasma, 300 mm parallel-plate, 150 sccm, RF 1100, 400 mTorr, 30 min",composition in wt% of total (converted to phr on FFKM; patent itself states crosslinker 3 phr + catalyst 2 phr); tensile/M100 units not stated,"wt%: FFKM 64.5, silica 0, Y-compound 32.3, crosslinker 1.9, catalyst 1.3. Tensile strength 118 and 100% modulus 57 reported WITHOUT units (likely kgf/cm2) -> left empty. Other CS (25%, 70h): 75C 22, 250C 26, 300C 27, 325C 45. NF3 plasma weight loss 1.81% (same conditions). Plasma values reported as weight reduction rate (assumed %).",batch_krcn
KR102400335B1,patent,"M&E Co., Ltd. (주식회사 엠앤이)",Sealing material for semiconductor manufacturing apparatus with improved plasma resistance in oxygen-atmosphere and fluorine-atmosphere plasma processes,https://patents.google.com/patent/KR102400335B1/en,Example 5,FFKM,"TFE/perfluoroalkyl vinyl ether FFKM (commercial, unspecified)",,100,0.0,0.0,0,0.0,0.0,0.0,69.93,0.0,,,,5.0,0.0,0.0,"yttrium compound filler (Y2O3/YOF/YF3/YAG, specific one not stated) in other_inorganic; other_curative = crosslink agent 3 + catalyst 2 phr (types not specified)",73.0,,201.0,,41.0,"204C x 70h, 25% compression, AS214 O-ring",1.57,"O2 plasma, 300 mm parallel-plate, 150 sccm, RF 1100, 400 mTorr, 30 min",composition in wt% of total (converted to phr on FFKM; patent itself states crosslinker 3 phr + catalyst 2 phr); tensile/M100 units not stated,"wt%: FFKM 57.2, silica 0, Y-compound 40, crosslinker 1.7, catalyst 1.1. Tensile strength 113 and 100% modulus 59 reported WITHOUT units (likely kgf/cm2) -> left empty. Other CS (25%, 70h): 75C 38, 250C 43, 300C 30, 325C 57. NF3 plasma weight loss 1.52% (same conditions). Plasma values reported as weight reduction rate (assumed %).",batch_krcn
KR102323568B1,patent,Chung-Ang University Industry-Academic Cooperation Foundation (중앙대학교 산학협력단),"Perfluoro elastomer composite with improved heat resistance, and method of fabricating the same",https://patents.google.com/patent/KR102323568B1/en,Example 1,FFKM,TFE/PMVE/cure-site-monomer terpolymer FFKM (unspecified grade),peroxide,100,20.0,0.0,0,0.0,0.0,0.0,5.0,0.0,,,0.0,0.0,0.0,0.0,"perfluoroalkyl-silane (nonafluorohexyl triethoxysilane) surface-modified ZrO2 5; table lists a single ""crosslinking agent"" 1 part",71.0,,185.0,6.3,48.0,"300C x 72h, 25% deflection (ASTM D395 B)",,,weight (g) per 100 g FFKM (= phr); MPa; %,"Table gives only one curative line ""crosslinking agent 1""; text says TAIC co-agent and t-butylperoxy isopropyl carbonate peroxide were used, so the split between coagent/peroxide is unknown (left empty). Press 180C x 10 min, post-cure 250C x 24h. Tensile strength not reported.",batch_krcn
KR102323568B1,patent,Chung-Ang University Industry-Academic Cooperation Foundation (중앙대학교 산학협력단),"Perfluoro elastomer composite with improved heat resistance, and method of fabricating the same",https://patents.google.com/patent/KR102323568B1/en,Example 2,FFKM,TFE/PMVE/cure-site-monomer terpolymer FFKM (unspecified grade),peroxide,100,20.0,0.0,0,0.0,0.0,0.0,10.0,0.0,,,0.0,0.0,0.0,0.0,"perfluoroalkyl-silane (nonafluorohexyl triethoxysilane) surface-modified ZrO2 10; table lists a single ""crosslinking agent"" 1 part",75.0,,173.0,7.2,43.0,"300C x 72h, 25% deflection (ASTM D395 B)",,,weight (g) per 100 g FFKM (= phr); MPa; %,"Table gives only one curative line ""crosslinking agent 1""; text says TAIC co-agent and t-butylperoxy isopropyl carbonate peroxide were used, so the split between coagent/peroxide is unknown (left empty). Press 180C x 10 min, post-cure 250C x 24h. Tensile strength not reported.",batch_krcn
KR102323568B1,patent,Chung-Ang University Industry-Academic Cooperation Foundation (중앙대학교 산학협력단),"Perfluoro elastomer composite with improved heat resistance, and method of fabricating the same",https://patents.google.com/patent/KR102323568B1/en,Example 3,FFKM,TFE/PMVE/cure-site-monomer terpolymer FFKM (unspecified grade),peroxide,100,20.0,0.0,0,0.0,0.0,0.0,15.0,0.0,,,0.0,0.0,0.0,0.0,"perfluoroalkyl-silane (nonafluorohexyl triethoxysilane) surface-modified ZrO2 15; table lists a single ""crosslinking agent"" 1 part",82.0,,154.0,8.3,40.0,"300C x 72h, 25% deflection (ASTM D395 B)",,,weight (g) per 100 g FFKM (= phr); MPa; %,"Table gives only one curative line ""crosslinking agent 1""; text says TAIC co-agent and t-butylperoxy isopropyl carbonate peroxide were used, so the split between coagent/peroxide is unknown (left empty). Press 180C x 10 min, post-cure 250C x 24h. Tensile strength not reported.",batch_krcn
KR102323568B1,patent,Chung-Ang University Industry-Academic Cooperation Foundation (중앙대학교 산학협력단),"Perfluoro elastomer composite with improved heat resistance, and method of fabricating the same",https://patents.google.com/patent/KR102323568B1/en,Comparative Example 1,FFKM,TFE/PMVE/cure-site-monomer terpolymer FFKM (unspecified grade),peroxide,100,20.0,0.0,0,0.0,0.0,0.0,15.0,0.0,,,0.0,0.0,0.0,0.0,"unmodified zirconia (ZrO2) 15; table lists a single ""crosslinking agent"" 1 part",81.0,,142.0,8.2,55.0,"300C x 72h, 25% deflection (ASTM D395 B)",,,weight (g) per 100 g FFKM (= phr); MPa; %,"Table gives only one curative line ""crosslinking agent 1""; text says TAIC co-agent and t-butylperoxy isopropyl carbonate peroxide were used, so the split between coagent/peroxide is unknown (left empty). Press 180C x 10 min, post-cure 250C x 24h. Tensile strength not reported.",batch_krcn
KR102713660B1,patent,"Hansung Tech Co., Ltd. (한성테크 주식회사)",Method for manufacturing perfluororubber and fluororubber composite with improved chemical resistance,https://patents.google.com/patent/KR102713660B1/en,Example 1,OTHER,FFKM 60 g / FKM 40 g blend (grades not specified),,100,0.0,0.0,0,0.0,0.0,70.0,30.0,0.0,,,,,,,"PTFE (fluororesin); fullerene (C60) 30.0 (carbon nanomaterial, in other_inorganic)",77.0,,172.0,7.9,45.0,"300C x 72h, 25% deflection (ASTM D395 B)",,,grams (rubber total 100 g); converted to phr on FFKM+FKM total; MPa; %,"Composition table lists only FFKM, FKM, PTFE and fullerene/CNT/graphene; curatives not given (left empty). Process per text: filler (PTFE+fullerene) deposited on compounded rubber mixture (RF plasma, Ar/HMDSO), press 180C x 10 min, post-cure 250C x 24h; ASTM D412. Identical table also published in KR20240098438A and KR20250051188A (same applicant) - not duplicated. Tensile strength not reported.",batch_krcn
KR102713660B1,patent,"Hansung Tech Co., Ltd. (한성테크 주식회사)",Method for manufacturing perfluororubber and fluororubber composite with improved chemical resistance,https://patents.google.com/patent/KR102713660B1/en,Example 2,OTHER,FFKM 70 g / FKM 30 g blend (grades not specified),,100,0.0,0.0,0,0.0,0.0,80.0,40.0,0.0,,,,,,,"PTFE (fluororesin); fullerene (C60) 40.0 (carbon nanomaterial, in other_inorganic)",83.0,,160.0,8.0,42.0,"300C x 72h, 25% deflection (ASTM D395 B)",,,grams (rubber total 100 g); converted to phr on FFKM+FKM total; MPa; %,"Composition table lists only FFKM, FKM, PTFE and fullerene/CNT/graphene; curatives not given (left empty). Process per text: filler (PTFE+fullerene) deposited on compounded rubber mixture (RF plasma, Ar/HMDSO), press 180C x 10 min, post-cure 250C x 24h; ASTM D412. Identical table also published in KR20240098438A and KR20250051188A (same applicant) - not duplicated. Tensile strength not reported.",batch_krcn
KR102713660B1,patent,"Hansung Tech Co., Ltd. (한성테크 주식회사)",Method for manufacturing perfluororubber and fluororubber composite with improved chemical resistance,https://patents.google.com/patent/KR102713660B1/en,Comparative Example 1,OTHER,FFKM 30 g / FKM 60 g blend (grades not specified),,100,0.0,0.0,0,0.0,0.0,77.78,33.33,0.0,,,,,,,"PTFE (fluororesin); fullerene (C60) 33.33 (carbon nanomaterial, in other_inorganic)",78.0,,130.0,8.3,60.0,"300C x 72h, 25% deflection (ASTM D395 B)",,,grams (rubber total 90 g); converted to phr on FFKM+FKM total; MPa; %,"Composition table lists only FFKM, FKM, PTFE and fullerene/CNT/graphene; curatives not given (left empty). Process per text: filler (PTFE+fullerene) deposited on compounded rubber mixture (RF plasma, Ar/HMDSO), press 180C x 10 min, post-cure 250C x 24h; ASTM D412. Identical table also published in KR20240098438A and KR20250051188A (same applicant) - not duplicated. FFKM+FKM total = 90 g, so phr scaled by 100/90. Tensile strength not reported.",batch_krcn
KR102713660B1,patent,"Hansung Tech Co., Ltd. (한성테크 주식회사)",Method for manufacturing perfluororubber and fluororubber composite with improved chemical resistance,https://patents.google.com/patent/KR102713660B1/en,Comparative Example 2,OTHER,FFKM 60 g / FKM 40 g blend (grades not specified),,100,0.0,0.0,0,0.0,0.0,30.0,70.0,0.0,,,,,,,"PTFE (fluororesin); fullerene (C60) 70.0 (carbon nanomaterial, in other_inorganic)",50.0,,132.0,8.2,69.0,"300C x 72h, 25% deflection (ASTM D395 B)",,,grams (rubber total 100 g); converted to phr on FFKM+FKM total; MPa; %,"Composition table lists only FFKM, FKM, PTFE and fullerene/CNT/graphene; curatives not given (left empty). Process per text: filler (PTFE+fullerene) deposited on compounded rubber mixture (RF plasma, Ar/HMDSO), press 180C x 10 min, post-cure 250C x 24h; ASTM D412. Identical table also published in KR20240098438A and KR20250051188A (same applicant) - not duplicated. Tensile strength not reported.",batch_krcn
KR102713660B1,patent,"Hansung Tech Co., Ltd. (한성테크 주식회사)",Method for manufacturing perfluororubber and fluororubber composite with improved chemical resistance,https://patents.google.com/patent/KR102713660B1/en,Comparative Example 3,OTHER,FFKM 60 g / FKM 40 g blend (grades not specified),,100,0.0,0.0,0,0.0,0.0,7.0,3.0,0.0,,,,,,,"PTFE (fluororesin); fullerene (C60) 3.0 (carbon nanomaterial, in other_inorganic)",90.0,,138.0,8.3,72.0,"300C x 72h, 25% deflection (ASTM D395 B)",,,grams (rubber total 100 g); converted to phr on FFKM+FKM total; MPa; %,"Composition table lists only FFKM, FKM, PTFE and fullerene/CNT/graphene; curatives not given (left empty). Process per text: filler (PTFE+fullerene) deposited on compounded rubber mixture (RF plasma, Ar/HMDSO), press 180C x 10 min, post-cure 250C x 24h; ASTM D412. Identical table also published in KR20240098438A and KR20250051188A (same applicant) - not duplicated. Tensile strength not reported.",batch_krcn
KR102713660B1,patent,"Hansung Tech Co., Ltd. (한성테크 주식회사)",Method for manufacturing perfluororubber and fluororubber composite with improved chemical resistance,https://patents.google.com/patent/KR102713660B1/en,Comparative Example 4,OTHER,FFKM 60 g / FKM 40 g blend (grades not specified),,100,0.0,0.0,0,0.0,0.0,70.0,30.0,0.0,,,,,,,"PTFE (fluororesin); SWCNT 30.0 (carbon nanomaterial, in other_inorganic)",60.0,,140.0,8.5,60.0,"300C x 72h, 25% deflection (ASTM D395 B)",,,grams (rubber total 100 g); converted to phr on FFKM+FKM total; MPa; %,"Composition table lists only FFKM, FKM, PTFE and fullerene/CNT/graphene; curatives not given (left empty). Process per text: filler (PTFE+fullerene) deposited on compounded rubber mixture (RF plasma, Ar/HMDSO), press 180C x 10 min, post-cure 250C x 24h; ASTM D412. Identical table also published in KR20240098438A and KR20250051188A (same applicant) - not duplicated. Tensile strength not reported.",batch_krcn
KR102713660B1,patent,"Hansung Tech Co., Ltd. (한성테크 주식회사)",Method for manufacturing perfluororubber and fluororubber composite with improved chemical resistance,https://patents.google.com/patent/KR102713660B1/en,Comparative Example 5,OTHER,FFKM 60 g / FKM 40 g blend (grades not specified),,100,0.0,0.0,0,0.0,0.0,70.0,30.0,0.0,,,,,,,"PTFE (fluororesin); MWCNT 30.0 (carbon nanomaterial, in other_inorganic)",66.0,,132.0,8.3,57.0,"300C x 72h, 25% deflection (ASTM D395 B)",,,grams (rubber total 100 g); converted to phr on FFKM+FKM total; MPa; %,"Composition table lists only FFKM, FKM, PTFE and fullerene/CNT/graphene; curatives not given (left empty). Process per text: filler (PTFE+fullerene) deposited on compounded rubber mixture (RF plasma, Ar/HMDSO), press 180C x 10 min, post-cure 250C x 24h; ASTM D412. Identical table also published in KR20240098438A and KR20250051188A (same applicant) - not duplicated. Tensile strength not reported.",batch_krcn
KR102713660B1,patent,"Hansung Tech Co., Ltd. (한성테크 주식회사)",Method for manufacturing perfluororubber and fluororubber composite with improved chemical resistance,https://patents.google.com/patent/KR102713660B1/en,Comparative Example 6,OTHER,FFKM 60 g / FKM 40 g blend (grades not specified),,100,0.0,0.0,0,0.0,0.0,70.0,30.0,0.0,,,,,,,"PTFE (fluororesin); graphene 30.0 (carbon nanomaterial, in other_inorganic)",59.0,,131.0,8.2,59.0,"300C x 72h, 25% deflection (ASTM D395 B)",,,grams (rubber total 100 g); converted to phr on FFKM+FKM total; MPa; %,"Composition table lists only FFKM, FKM, PTFE and fullerene/CNT/graphene; curatives not given (left empty). Process per text: filler (PTFE+fullerene) deposited on compounded rubber mixture (RF plasma, Ar/HMDSO), press 180C x 10 min, post-cure 250C x 24h; ASTM D412. Identical table also published in KR20240098438A and KR20250051188A (same applicant) - not duplicated. Tensile strength not reported.",batch_krcn
KR101467101B1,patent,"M&E Co., Ltd. (주식회사 엠앤이)",Compound for sealing (FFKM compound for semiconductor/LCD CVD equipment),https://patents.google.com/patent/KR101467101B1/en,Table 1 compound FFKM A,FFKM,"FFKM masterbatch ""FFKM A"" (raw gum unspecified)",,100,15.0,1.5,0,0.0,0.0,0.0,0.0,0.0,,,,1.5,0.0,0.0,silica = Aerosil R-972; carbon black N-550,73.0,11.65,270.0,4.93,43.0,"230C x 70h, 25% deformation (ASTM D395 B)",,,grams; tensile/M100 in psi (converted x0.00689476); CS %,"Formulations are blends of the patent's FFKM masterbatch compounds (Table 1): A = gum 100 + vulcanizing agent D 1.5 + Aerosil R-972 1.5 + N-550 15; B = gum 94 + liquid vulcanizing agent A 7.5 (contains 6 g gum) + R-972 1.5 + N-550 15; C = gum 94 + curatives E-18412 5.0/E-18600 2.5 (contain 6 g gum) + R-972 1.5 + TiO2 5.0; D = gum 100 + R-972 1.5 + N-550 3 + N-990 25. phr recomputed per 100 g total gum by arithmetic, assuming the separately added ""vulcanizing agent""/""accelerator"" contain no gum. Curative chemistries not identified (cure_system left empty); other_curative = masterbatch curative + added vulcanizing agent + accelerator (catalyst). ASTM D412 Die D. other CS: 230C x 168h 25% = 51; 300C x 70h 18% = 81; 300C x 168h 18% = 85. Crosslink density 0.8 mol%.",batch_krcn
KR101467101B1,patent,"M&E Co., Ltd. (주식회사 엠앤이)",Compound for sealing (FFKM compound for semiconductor/LCD CVD equipment),https://patents.google.com/patent/KR101467101B1/en,Table 1 compound FFKM B,FFKM,"FFKM masterbatch ""FFKM B"" (raw gum unspecified)",,100,15.0,1.5,0,0.0,0.0,0.0,0.0,0.0,,,,1.5,0.0,0.0,silica = Aerosil R-972; carbon black N-550,77.0,13.17,155.0,8.34,18.0,"230C x 70h, 25% deformation (ASTM D395 B)",,,grams; tensile/M100 in psi (converted x0.00689476); CS %,"Formulations are blends of the patent's FFKM masterbatch compounds (Table 1): A = gum 100 + vulcanizing agent D 1.5 + Aerosil R-972 1.5 + N-550 15; B = gum 94 + liquid vulcanizing agent A 7.5 (contains 6 g gum) + R-972 1.5 + N-550 15; C = gum 94 + curatives E-18412 5.0/E-18600 2.5 (contain 6 g gum) + R-972 1.5 + TiO2 5.0; D = gum 100 + R-972 1.5 + N-550 3 + N-990 25. phr recomputed per 100 g total gum by arithmetic, assuming the separately added ""vulcanizing agent""/""accelerator"" contain no gum. Curative chemistries not identified (cure_system left empty); other_curative = masterbatch curative + added vulcanizing agent + accelerator (catalyst). ASTM D412 Die D. other CS: 230C x 168h 25% = 35; 300C x 70h 18% = 43; 300C x 168h 18% = 52. Crosslink density 1.3 mol%.",batch_krcn
KR101467101B1,patent,"M&E Co., Ltd. (주식회사 엠앤이)",Compound for sealing (FFKM compound for semiconductor/LCD CVD equipment),https://patents.google.com/patent/KR101467101B1/en,Table 1 compound FFKM C,FFKM,"FFKM masterbatch ""FFKM C"" (raw gum unspecified)",,100,0.0,1.5,0,0.0,5.0,0.0,0.0,0.0,,,,1.5,0.0,0.0,silica = Aerosil R-972; carbon black N-550; TiO2 5.0,77.0,12.1,225.0,4.72,18.0,"230C x 70h, 25% deformation (ASTM D395 B)",,,grams; tensile/M100 in psi (converted x0.00689476); CS %,"Formulations are blends of the patent's FFKM masterbatch compounds (Table 1): A = gum 100 + vulcanizing agent D 1.5 + Aerosil R-972 1.5 + N-550 15; B = gum 94 + liquid vulcanizing agent A 7.5 (contains 6 g gum) + R-972 1.5 + N-550 15; C = gum 94 + curatives E-18412 5.0/E-18600 2.5 (contain 6 g gum) + R-972 1.5 + TiO2 5.0; D = gum 100 + R-972 1.5 + N-550 3 + N-990 25. phr recomputed per 100 g total gum by arithmetic, assuming the separately added ""vulcanizing agent""/""accelerator"" contain no gum. Curative chemistries not identified (cure_system left empty); other_curative = masterbatch curative + added vulcanizing agent + accelerator (catalyst). ASTM D412 Die D. Polymer F content 73.1% (NMR), Mooney 109 (ML1+10 121C). Crosslink density 1.3 mol%.",batch_krcn
KR101467101B1,patent,"M&E Co., Ltd. (주식회사 엠앤이)",Compound for sealing (FFKM compound for semiconductor/LCD CVD equipment),https://patents.google.com/patent/KR101467101B1/en,Table 1 compound FFKM D,FFKM,"FFKM masterbatch ""FFKM D"" (raw gum unspecified)",,100,28.0,1.5,0,0.0,0.0,0.0,0.0,0.0,,,,,0.0,0.0,silica = Aerosil R-972; carbon black N-550/N-990,78.0,12.07,130.0,10.27,,,,,grams; tensile/M100 in psi (converted x0.00689476); CS %,"Formulations are blends of the patent's FFKM masterbatch compounds (Table 1): A = gum 100 + vulcanizing agent D 1.5 + Aerosil R-972 1.5 + N-550 15; B = gum 94 + liquid vulcanizing agent A 7.5 (contains 6 g gum) + R-972 1.5 + N-550 15; C = gum 94 + curatives E-18412 5.0/E-18600 2.5 (contain 6 g gum) + R-972 1.5 + TiO2 5.0; D = gum 100 + R-972 1.5 + N-550 3 + N-990 25. phr recomputed per 100 g total gum by arithmetic, assuming the separately added ""vulcanizing agent""/""accelerator"" contain no gum. Curative chemistries not identified (cure_system left empty); other_curative = masterbatch curative + added vulcanizing agent + accelerator (catalyst). ASTM D412 Die D. No CS reported. No curative listed in the D recipe (curative columns left empty). Crosslink density 1.9 mol%.",batch_krcn
KR101467101B1,patent,"M&E Co., Ltd. (주식회사 엠앤이)",Compound for sealing (FFKM compound for semiconductor/LCD CVD equipment),https://patents.google.com/patent/KR101467101B1/en,Table 2 sample 1,FFKM,"FFKM masterbatch ""FFKM B"" 100 g",,100,15.0,1.5,0,0.0,0.0,0.0,0.0,0.0,,,,1.5,0.0,0.0,FFKM B compound 100 + accelerator (catalyst) 0; silica = Aerosil R-972; carbon black N-550,55.0,7.92,223.2,1.83,,,,,parts per 100 g compound; kgf/cm2 converted x0.0980665; CS %,"Formulations are blends of the patent's FFKM masterbatch compounds (Table 1): A = gum 100 + vulcanizing agent D 1.5 + Aerosil R-972 1.5 + N-550 15; B = gum 94 + liquid vulcanizing agent A 7.5 (contains 6 g gum) + R-972 1.5 + N-550 15; C = gum 94 + curatives E-18412 5.0/E-18600 2.5 (contain 6 g gum) + R-972 1.5 + TiO2 5.0; D = gum 100 + R-972 1.5 + N-550 3 + N-990 25. phr recomputed per 100 g total gum by arithmetic, assuming the separately added ""vulcanizing agent""/""accelerator"" contain no gum. Curative chemistries not identified (cure_system left empty); other_curative = masterbatch curative + added vulcanizing agent + accelerator (catalyst). CS 300C x 72h 25%: specimen cracked (no value). ASTM D412 Die D.",batch_krcn
KR101467101B1,patent,"M&E Co., Ltd. (주식회사 엠앤이)",Compound for sealing (FFKM compound for semiconductor/LCD CVD equipment),https://patents.google.com/patent/KR101467101B1/en,Table 2 sample 2,FFKM,"FFKM masterbatch ""FFKM B"" 100 g",,100,15.0,1.5,0,0.0,0.0,0.0,0.0,0.0,,,,1.68,0.0,0.0,FFKM B compound 100 + accelerator (catalyst) 0.15; silica = Aerosil R-972; carbon black N-550,58.0,9.32,239.9,1.76,,,,,parts per 100 g compound; kgf/cm2 converted x0.0980665; CS %,"Formulations are blends of the patent's FFKM masterbatch compounds (Table 1): A = gum 100 + vulcanizing agent D 1.5 + Aerosil R-972 1.5 + N-550 15; B = gum 94 + liquid vulcanizing agent A 7.5 (contains 6 g gum) + R-972 1.5 + N-550 15; C = gum 94 + curatives E-18412 5.0/E-18600 2.5 (contain 6 g gum) + R-972 1.5 + TiO2 5.0; D = gum 100 + R-972 1.5 + N-550 3 + N-990 25. phr recomputed per 100 g total gum by arithmetic, assuming the separately added ""vulcanizing agent""/""accelerator"" contain no gum. Curative chemistries not identified (cure_system left empty); other_curative = masterbatch curative + added vulcanizing agent + accelerator (catalyst). CS 300C x 72h 25%: specimen cracked (no value). ASTM D412 Die D.",batch_krcn
KR101467101B1,patent,"M&E Co., Ltd. (주식회사 엠앤이)",Compound for sealing (FFKM compound for semiconductor/LCD CVD equipment),https://patents.google.com/patent/KR101467101B1/en,Table 2 sample 3,FFKM,"FFKM masterbatch ""FFKM B"" 100 g",,100,15.0,1.5,0,0.0,0.0,0.0,0.0,0.0,,,,2.68,0.0,0.0,FFKM B compound 100 + accelerator (catalyst) 1; silica = Aerosil R-972; carbon black N-550,65.0,8.8,235.4,1.89,,,,,parts per 100 g compound; kgf/cm2 converted x0.0980665; CS %,"Formulations are blends of the patent's FFKM masterbatch compounds (Table 1): A = gum 100 + vulcanizing agent D 1.5 + Aerosil R-972 1.5 + N-550 15; B = gum 94 + liquid vulcanizing agent A 7.5 (contains 6 g gum) + R-972 1.5 + N-550 15; C = gum 94 + curatives E-18412 5.0/E-18600 2.5 (contain 6 g gum) + R-972 1.5 + TiO2 5.0; D = gum 100 + R-972 1.5 + N-550 3 + N-990 25. phr recomputed per 100 g total gum by arithmetic, assuming the separately added ""vulcanizing agent""/""accelerator"" contain no gum. Curative chemistries not identified (cure_system left empty); other_curative = masterbatch curative + added vulcanizing agent + accelerator (catalyst). CS 300C x 72h 25%: specimen cracked (no value). ASTM D412 Die D.",batch_krcn
KR101467101B1,patent,"M&E Co., Ltd. (주식회사 엠앤이)",Compound for sealing (FFKM compound for semiconductor/LCD CVD equipment),https://patents.google.com/patent/KR101467101B1/en,Example 1 (Table 2 sample 4),FFKM,"FFKM masterbatch ""FFKM B"" 100 g",,100,15.0,1.5,0,0.0,0.0,0.0,0.0,0.0,,,,3.86,0.0,0.0,FFKM B compound 100 + accelerator (catalyst) 2; silica = Aerosil R-972; carbon black N-550,64.0,9.21,226.9,1.81,22.7,"300C x 72h, 25% deformation (ASTM D395 B)",,,parts per 100 g compound; kgf/cm2 converted x0.0980665; CS %,"Formulations are blends of the patent's FFKM masterbatch compounds (Table 1): A = gum 100 + vulcanizing agent D 1.5 + Aerosil R-972 1.5 + N-550 15; B = gum 94 + liquid vulcanizing agent A 7.5 (contains 6 g gum) + R-972 1.5 + N-550 15; C = gum 94 + curatives E-18412 5.0/E-18600 2.5 (contain 6 g gum) + R-972 1.5 + TiO2 5.0; D = gum 100 + R-972 1.5 + N-550 3 + N-990 25. phr recomputed per 100 g total gum by arithmetic, assuming the separately added ""vulcanizing agent""/""accelerator"" contain no gum. Curative chemistries not identified (cure_system left empty); other_curative = masterbatch curative + added vulcanizing agent + accelerator (catalyst). ASTM D412 Die D.",batch_krcn
KR101467101B1,patent,"M&E Co., Ltd. (주식회사 엠앤이)",Compound for sealing (FFKM compound for semiconductor/LCD CVD equipment),https://patents.google.com/patent/KR101467101B1/en,Table 2 sample 5,FFKM,"FFKM masterbatch ""FFKM B"" 100 g",,100,15.0,1.5,0,0.0,0.0,0.0,0.0,0.0,,,,2.68,0.0,0.0,FFKM B compound 100 + accelerator (catalyst) 1; silica = Aerosil R-972; carbon black N-550,67.0,9.95,213.9,2.03,,,,,parts per 100 g compound; kgf/cm2 converted x0.0980665; CS %,"Formulations are blends of the patent's FFKM masterbatch compounds (Table 1): A = gum 100 + vulcanizing agent D 1.5 + Aerosil R-972 1.5 + N-550 15; B = gum 94 + liquid vulcanizing agent A 7.5 (contains 6 g gum) + R-972 1.5 + N-550 15; C = gum 94 + curatives E-18412 5.0/E-18600 2.5 (contain 6 g gum) + R-972 1.5 + TiO2 5.0; D = gum 100 + R-972 1.5 + N-550 3 + N-990 25. phr recomputed per 100 g total gum by arithmetic, assuming the separately added ""vulcanizing agent""/""accelerator"" contain no gum. Curative chemistries not identified (cure_system left empty); other_curative = masterbatch curative + added vulcanizing agent + accelerator (catalyst). CS 300C x 72h 25%: specimen cracked (no value). ASTM D412 Die D.",batch_krcn
KR101467101B1,patent,"M&E Co., Ltd. (주식회사 엠앤이)",Compound for sealing (FFKM compound for semiconductor/LCD CVD equipment),https://patents.google.com/patent/KR101467101B1/en,Comparative Example 1 (Table 3 sample 1),FFKM,"FFKM masterbatch ""FFKM D"" 100 g",,100,28.0,1.5,0,0.0,0.0,0.0,0.0,0.0,,,,,0.0,0.0,FFKM D compound 100 + vulcanizing agent 0 + accelerator 0; silica = Aerosil R-972; carbon black N-550/N-990,67.0,8.61,171.5,2.58,,,,,parts per 100 g compound; kgf/cm2 converted x0.0980665,"Formulations are blends of the patent's FFKM masterbatch compounds (Table 1): A = gum 100 + vulcanizing agent D 1.5 + Aerosil R-972 1.5 + N-550 15; B = gum 94 + liquid vulcanizing agent A 7.5 (contains 6 g gum) + R-972 1.5 + N-550 15; C = gum 94 + curatives E-18412 5.0/E-18600 2.5 (contain 6 g gum) + R-972 1.5 + TiO2 5.0; D = gum 100 + R-972 1.5 + N-550 3 + N-990 25. phr recomputed per 100 g total gum by arithmetic, assuming the separately added ""vulcanizing agent""/""accelerator"" contain no gum. Curative chemistries not identified (cure_system left empty); other_curative = masterbatch curative + added vulcanizing agent + accelerator (catalyst). CS 300C x 72h 25%: all Table 3 specimens cracked. ASTM D412 Die D.",batch_krcn
KR101467101B1,patent,"M&E Co., Ltd. (주식회사 엠앤이)",Compound for sealing (FFKM compound for semiconductor/LCD CVD equipment),https://patents.google.com/patent/KR101467101B1/en,Comparative Example 1 (Table 3 sample 2),FFKM,"FFKM masterbatch ""FFKM D"" 100 g",,100,28.0,1.5,0,0.0,0.0,0.0,0.0,0.0,,,,0.19,0.0,0.0,FFKM D compound 100 + vulcanizing agent 0 + accelerator 0.15; silica = Aerosil R-972; carbon black N-550/N-990,67.0,9.36,156.1,3.16,,,,,parts per 100 g compound; kgf/cm2 converted x0.0980665,"Formulations are blends of the patent's FFKM masterbatch compounds (Table 1): A = gum 100 + vulcanizing agent D 1.5 + Aerosil R-972 1.5 + N-550 15; B = gum 94 + liquid vulcanizing agent A 7.5 (contains 6 g gum) + R-972 1.5 + N-550 15; C = gum 94 + curatives E-18412 5.0/E-18600 2.5 (contain 6 g gum) + R-972 1.5 + TiO2 5.0; D = gum 100 + R-972 1.5 + N-550 3 + N-990 25. phr recomputed per 100 g total gum by arithmetic, assuming the separately added ""vulcanizing agent""/""accelerator"" contain no gum. Curative chemistries not identified (cure_system left empty); other_curative = masterbatch curative + added vulcanizing agent + accelerator (catalyst). CS 300C x 72h 25%: all Table 3 specimens cracked. Samples 2 and 3 have identical listed recipes. ASTM D412 Die D.",batch_krcn
KR101467101B1,patent,"M&E Co., Ltd. (주식회사 엠앤이)",Compound for sealing (FFKM compound for semiconductor/LCD CVD equipment),https://patents.google.com/patent/KR101467101B1/en,Comparative Example 1 (Table 3 sample 3),FFKM,"FFKM masterbatch ""FFKM D"" 100 g",,100,28.0,1.5,0,0.0,0.0,0.0,0.0,0.0,,,,0.19,0.0,0.0,FFKM D compound 100 + vulcanizing agent 0 + accelerator 0.15; silica = Aerosil R-972; carbon black N-550/N-990,67.0,9.17,156.7,3.03,,,,,parts per 100 g compound; kgf/cm2 converted x0.0980665,"Formulations are blends of the patent's FFKM masterbatch compounds (Table 1): A = gum 100 + vulcanizing agent D 1.5 + Aerosil R-972 1.5 + N-550 15; B = gum 94 + liquid vulcanizing agent A 7.5 (contains 6 g gum) + R-972 1.5 + N-550 15; C = gum 94 + curatives E-18412 5.0/E-18600 2.5 (contain 6 g gum) + R-972 1.5 + TiO2 5.0; D = gum 100 + R-972 1.5 + N-550 3 + N-990 25. phr recomputed per 100 g total gum by arithmetic, assuming the separately added ""vulcanizing agent""/""accelerator"" contain no gum. Curative chemistries not identified (cure_system left empty); other_curative = masterbatch curative + added vulcanizing agent + accelerator (catalyst). CS 300C x 72h 25%: all Table 3 specimens cracked. Samples 2 and 3 have identical listed recipes. ASTM D412 Die D.",batch_krcn
KR101467101B1,patent,"M&E Co., Ltd. (주식회사 엠앤이)",Compound for sealing (FFKM compound for semiconductor/LCD CVD equipment),https://patents.google.com/patent/KR101467101B1/en,Comparative Example 1 (Table 3 sample 4),FFKM,"FFKM masterbatch ""FFKM D"" 100 g",,100,28.0,1.5,0,0.0,0.0,0.0,0.0,0.0,,,,2.59,0.0,0.0,FFKM D compound 100 + vulcanizing agent 1 + accelerator 1; silica = Aerosil R-972; carbon black N-550/N-990,67.0,8.16,141.6,3.32,,,,,parts per 100 g compound; kgf/cm2 converted x0.0980665,"Formulations are blends of the patent's FFKM masterbatch compounds (Table 1): A = gum 100 + vulcanizing agent D 1.5 + Aerosil R-972 1.5 + N-550 15; B = gum 94 + liquid vulcanizing agent A 7.5 (contains 6 g gum) + R-972 1.5 + N-550 15; C = gum 94 + curatives E-18412 5.0/E-18600 2.5 (contain 6 g gum) + R-972 1.5 + TiO2 5.0; D = gum 100 + R-972 1.5 + N-550 3 + N-990 25. phr recomputed per 100 g total gum by arithmetic, assuming the separately added ""vulcanizing agent""/""accelerator"" contain no gum. Curative chemistries not identified (cure_system left empty); other_curative = masterbatch curative + added vulcanizing agent + accelerator (catalyst). CS 300C x 72h 25%: all Table 3 specimens cracked. ASTM D412 Die D.",batch_krcn
KR101467101B1,patent,"M&E Co., Ltd. (주식회사 엠앤이)",Compound for sealing (FFKM compound for semiconductor/LCD CVD equipment),https://patents.google.com/patent/KR101467101B1/en,Example 2,FFKM,"FFKM masterbatch blend ""FFKM B"" 100 g",,100,15.0,3.86,0,0.0,0.0,0.0,0.0,0.0,,,,7.05,0.0,0.0,compound(s) 100 + vulcanizing agent 2.7 + Aerosil R-972 2 + accelerator 2; carbon black N-550,71.0,10.97,214.1,2.56,22.7,"300C x 72h, 25% deformation (ASTM D395 B)",6.2,"O2 plasma, chamber 200C, RF 1200 W, 200 sccm, 150 mTorr, 60 min",parts per 100 g compound; kgf/cm2 converted x0.0980665; CS %; plasma weight change %,"Formulations are blends of the patent's FFKM masterbatch compounds (Table 1): A = gum 100 + vulcanizing agent D 1.5 + Aerosil R-972 1.5 + N-550 15; B = gum 94 + liquid vulcanizing agent A 7.5 (contains 6 g gum) + R-972 1.5 + N-550 15; C = gum 94 + curatives E-18412 5.0/E-18600 2.5 (contain 6 g gum) + R-972 1.5 + TiO2 5.0; D = gum 100 + R-972 1.5 + N-550 3 + N-990 25. phr recomputed per 100 g total gum by arithmetic, assuming the separately added ""vulcanizing agent""/""accelerator"" contain no gum. Curative chemistries not identified (cure_system left empty); other_curative = masterbatch curative + added vulcanizing agent + accelerator (catalyst). Plasma weight loss other gases: NF3 72.2%, CF4 13.1%, SF6 8.1% (avg of 3). ASTM D412 Die D. Tables 7-8 (blends of A/B/C/D with 6.5-13 parts vulcanizing agent, incl. Comparative Example 3) omitted because the gum content of that vulcanizing agent is unknown.",batch_krcn
KR101467101B1,patent,"M&E Co., Ltd. (주식회사 엠앤이)",Compound for sealing (FFKM compound for semiconductor/LCD CVD equipment),https://patents.google.com/patent/KR101467101B1/en,Comparative Example 2,FFKM,"FFKM masterbatch blend ""FFKM D"" 100 g",,100,28.0,4.09,0,0.0,0.0,0.0,0.0,0.0,,,,6.09,0.0,0.0,compound(s) 100 + vulcanizing agent 2.7 + Aerosil R-972 2 + accelerator 2; carbon black N-550/N-990,75.0,10.96,148.8,4.27,,,4.6,"O2 plasma, chamber 200C, RF 1200 W, 200 sccm, 150 mTorr, 60 min",parts per 100 g compound; kgf/cm2 converted x0.0980665; CS %; plasma weight change %,"Formulations are blends of the patent's FFKM masterbatch compounds (Table 1): A = gum 100 + vulcanizing agent D 1.5 + Aerosil R-972 1.5 + N-550 15; B = gum 94 + liquid vulcanizing agent A 7.5 (contains 6 g gum) + R-972 1.5 + N-550 15; C = gum 94 + curatives E-18412 5.0/E-18600 2.5 (contain 6 g gum) + R-972 1.5 + TiO2 5.0; D = gum 100 + R-972 1.5 + N-550 3 + N-990 25. phr recomputed per 100 g total gum by arithmetic, assuming the separately added ""vulcanizing agent""/""accelerator"" contain no gum. Curative chemistries not identified (cure_system left empty); other_curative = masterbatch curative + added vulcanizing agent + accelerator (catalyst). CS specimen cracked. Plasma weight loss other gases: NF3 15.5%, CF4 12.0%, SF6 4.8% (avg of 3). ASTM D412 Die D. Tables 7-8 (blends of A/B/C/D with 6.5-13 parts vulcanizing agent, incl. Comparative Example 3) omitted because the gum content of that vulcanizing agent is unknown.",batch_krcn
KR101467101B1,patent,"M&E Co., Ltd. (주식회사 엠앤이)",Compound for sealing (FFKM compound for semiconductor/LCD CVD equipment),https://patents.google.com/patent/KR101467101B1/en,Example 3,FFKM,"FFKM masterbatch blend ""FFKM B"" 50 g + ""FFKM D"" 50 g",,100,21.2,3.97,0,0.0,0.0,0.0,0.0,0.0,,,,6.59,0.0,0.0,compound(s) 100 + vulcanizing agent 2.7 + Aerosil R-972 2 + accelerator 2; carbon black N-550/N-990,74.0,13.71,213.2,2.79,21.96,"300C x 72h, 25% deformation (ASTM D395 B)",3.6,"O2 plasma, chamber 200C, RF 1200 W, 200 sccm, 150 mTorr, 60 min",parts per 100 g compound; kgf/cm2 converted x0.0980665; CS %; plasma weight change %,"Formulations are blends of the patent's FFKM masterbatch compounds (Table 1): A = gum 100 + vulcanizing agent D 1.5 + Aerosil R-972 1.5 + N-550 15; B = gum 94 + liquid vulcanizing agent A 7.5 (contains 6 g gum) + R-972 1.5 + N-550 15; C = gum 94 + curatives E-18412 5.0/E-18600 2.5 (contain 6 g gum) + R-972 1.5 + TiO2 5.0; D = gum 100 + R-972 1.5 + N-550 3 + N-990 25. phr recomputed per 100 g total gum by arithmetic, assuming the separately added ""vulcanizing agent""/""accelerator"" contain no gum. Curative chemistries not identified (cure_system left empty); other_curative = masterbatch curative + added vulcanizing agent + accelerator (catalyst). Plasma weight loss other gases: NF3 18.6%, CF4 13.1%, SF6 5.0% (avg of 3). ASTM D412 Die D. Tables 7-8 (blends of A/B/C/D with 6.5-13 parts vulcanizing agent, incl. Comparative Example 3) omitted because the gum content of that vulcanizing agent is unknown.",batch_krcn
KR102796110B1,patent,"DYFLEX Co., Ltd. (디와이플렉스 주식회사)",Fluororubber-based composition for sealing,https://patents.google.com/patent/KR102796110B1/en,Example 1,FKM,"Solvay Tecnoflon VPL85540 (FKM, low-temperature grade)",peroxide,100,30.0,0.0,0,0.0,0.0,0.0,30.0,0.0,3.0,2.0,0.0,0.0,5.0,1.2,CaSiO3 (TREMIN 283 600AST) 20; sodium aluminosilicate Tixolex 17 10; carbon black FEF N550; ZnO 5; TAIC-50 3 (50% active); Perhexa 25B-40 2 (40% active); Struktol HT-290 1.2,88.0,17.4,155.0,12.3,,,,,parts by weight; MPa; %,"O-ring for vehicle high-pressure fuel injector (low temperature/high pressure), not semiconductor. Hardness IRHD 90; TR10 -40.6 C. Leak test at -40C: Example 1 passed 750 and 600 bar. KS M 6518 testing. No CS reported.",batch_krcn
KR102796110B1,patent,"DYFLEX Co., Ltd. (디와이플렉스 주식회사)",Fluororubber-based composition for sealing,https://patents.google.com/patent/KR102796110B1/en,Comparative Example 1,FKM,"Solvay Tecnoflon VPL85540 (FKM, low-temperature grade)",peroxide,100,30.0,0.0,0,0.0,0.0,0.0,30.0,0.0,3.0,2.0,0.0,0.0,5.0,1.2,CaSiO3 (TREMIN 283 600AST) 0; sodium aluminosilicate Tixolex 17 30; carbon black FEF N550; ZnO 5; TAIC-50 3 (50% active); Perhexa 25B-40 2 (40% active); Struktol HT-290 1.2,86.0,16.2,165.0,9.9,,,,,parts by weight; MPa; %,"O-ring for vehicle high-pressure fuel injector (low temperature/high pressure), not semiconductor. Hardness IRHD 88; TR10 -40.5 C. Leak test at -40C: Example 1 passed 750 and 600 bar. KS M 6518 testing. No CS reported.",batch_krcn
KR102796110B1,patent,"DYFLEX Co., Ltd. (디와이플렉스 주식회사)",Fluororubber-based composition for sealing,https://patents.google.com/patent/KR102796110B1/en,Comparative Example 2,FKM,"Solvay Tecnoflon VPL85540 (FKM, low-temperature grade)",peroxide,100,30.0,0.0,0,0.0,0.0,0.0,30.0,0.0,3.0,2.0,0.0,0.0,5.0,1.2,CaSiO3 (TREMIN 283 600AST) 30; sodium aluminosilicate Tixolex 17 0; carbon black FEF N550; ZnO 5; TAIC-50 3 (50% active); Perhexa 25B-40 2 (40% active); Struktol HT-290 1.2,83.0,14.2,175.0,7.8,,,,,parts by weight; MPa; %,"O-ring for vehicle high-pressure fuel injector (low temperature/high pressure), not semiconductor. Hardness IRHD 85; TR10 -40.4 C. Leak test at -40C: Example 1 passed 750 and 600 bar. KS M 6518 testing. No CS reported.",batch_krcn
KR102796110B1,patent,"DYFLEX Co., Ltd. (디와이플렉스 주식회사)",Fluororubber-based composition for sealing,https://patents.google.com/patent/KR102796110B1/en,Comparative Example 3,FKM,"Solvay Tecnoflon VPL85540 (FKM, low-temperature grade)",peroxide,100,20.0,0.0,0,0.0,0.0,0.0,30.0,0.0,3.0,2.0,0.0,0.0,5.0,1.2,CaSiO3 (TREMIN 283 600AST) 20; sodium aluminosilicate Tixolex 17 10; carbon black FEF N550; ZnO 5; TAIC-50 3 (50% active); Perhexa 25B-40 2 (40% active); Struktol HT-290 1.2,79.0,14.0,180.0,7.5,,,,,parts by weight; MPa; %,"O-ring for vehicle high-pressure fuel injector (low temperature/high pressure), not semiconductor. Hardness IRHD 82; TR10 -40.5 C. Leak test at -40C: Example 1 passed 750 and 600 bar. KS M 6518 testing. No CS reported.",batch_krcn
KR102796110B1,patent,"DYFLEX Co., Ltd. (디와이플렉스 주식회사)",Fluororubber-based composition for sealing,https://patents.google.com/patent/KR102796110B1/en,Comparative Example 4,FKM,Solvay Tecnoflon PL958 (FKM),peroxide,100,30.0,0.0,0,0.0,0.0,0.0,30.0,0.0,3.0,2.0,0.0,0.0,5.0,1.2,CaSiO3 (TREMIN 283 600AST) 20; sodium aluminosilicate Tixolex 17 10; carbon black FEF N550; ZnO 5; TAIC-50 3 (50% active); Perhexa 25B-40 2 (40% active); Struktol HT-290 1.2,92.0,22.1,182.0,16.1,,,,,parts by weight; MPa; %,"O-ring for vehicle high-pressure fuel injector (low temperature/high pressure), not semiconductor. Hardness IRHD 94; TR10 -24.3 C. Leak test at -40C: Example 1 passed 750 and 600 bar. KS M 6518 testing. No CS reported.",batch_krcn
KR102324534B1,patent,SHPP Global Technologies B.V.,"Composite material comprising fluoroelastomer and polyimide, method for producing the composite material, and article comprising the composite material",https://patents.google.com/patent/KR102324534B1/en,Comparative Example 1,FKM,FKM terpolymer TFE/VDF/HFP (unspecified grade),bisphenol,100,0.0,0.0,0,0.0,0.0,0.0,0.0,0.0,0.0,0.0,0.0,2.5,,,bisphenol AF 2.5 phr (vulcanizing agent),73.0,15.22,223.0,6.79,,,,,phr; MPa; %,"Neat FKM reference. Only FKM + bisphenol AF listed (accelerator/acid acceptor not listed -> left empty). Cure 170C x 10 min, post-cure 200C x 16h. Density 2.12. Automotive seal application.",batch_krcn
KR102324534B1,patent,SHPP Global Technologies B.V.,"Composite material comprising fluoroelastomer and polyimide, method for producing the composite material, and article comprising the composite material",https://patents.google.com/patent/KR102324534B1/en,Example 2,FKM,FKM terpolymer TFE/VDF/HFP (unspecified grade),bisphenol,100,0.0,0.0,0,0.0,0.0,0.0,0.0,10.0,0.0,0.0,0.0,2.5,,,polyetherimide powder ULTEM 1000F3SP-1000 10 (organic); bisphenol AF 2.5,81.0,16.28,193.0,9.09,,,,,phr; MPa; %,"FKM/PEI composite. Only FKM, PEI, bisphenol AF listed. Cure 170C x 10 min, post-cure 200C x 16h. Density 2.07. Automotive seal application.",batch_krcn
KR102324534B1,patent,SHPP Global Technologies B.V.,"Composite material comprising fluoroelastomer and polyimide, method for producing the composite material, and article comprising the composite material",https://patents.google.com/patent/KR102324534B1/en,Comparative Example 3,FKM,DuPont Viton A401C (VDF/HFP precompound with curative) 80 + CG2602 FKM 20,,100,0.0,0.0,0,0.0,0.0,0.0,30.0,0.0,0.0,0.0,0.0,,9.0,1.0,CaSiO3 600EST 30; MgO MA150 3 + Ca(OH)2 6 (acid acceptor 9); C-WAX 1,71.0,12.41,197.0,7.04,23.02,200C x 70h (method cited as ASTM D623; specimen not stated),,,phr; MPa; % (table header for elongation mislabeled MPa),"Curative is pre-incorporated in Viton A401C precompound (type/amount not stated in doc; left empty). Automotive transmission seal application. Heat-aged (250C x 70h), fuel C and engine-oil immersion data also reported for CE3/Ex6/Ex7 (not recorded).",batch_krcn
KR102324534B1,patent,SHPP Global Technologies B.V.,"Composite material comprising fluoroelastomer and polyimide, method for producing the composite material, and article comprising the composite material",https://patents.google.com/patent/KR102324534B1/en,Example 4,FKM,DuPont Viton A401C (VDF/HFP precompound with curative) 80 + CG2602 FKM 20,,100,0.0,0.0,0,0.0,0.0,0.0,20.0,8.0,0.0,0.0,0.0,,9.0,1.0,CaSiO3 600EST 20; MgO MA150 3 + Ca(OH)2 6 (acid acceptor 9); C-WAX 1; PEI ULTEM 1000FP-1000 8,73.0,11.71,256.0,5.82,28.78,200C x 70h (method cited as ASTM D623; specimen not stated),,,phr; MPa; % (table header for elongation mislabeled MPa),"Curative is pre-incorporated in Viton A401C precompound (type/amount not stated in doc; left empty). Automotive transmission seal application. Heat-aged (250C x 70h), fuel C and engine-oil immersion data also reported for CE3/Ex6/Ex7 (not recorded).",batch_krcn
KR102324534B1,patent,SHPP Global Technologies B.V.,"Composite material comprising fluoroelastomer and polyimide, method for producing the composite material, and article comprising the composite material",https://patents.google.com/patent/KR102324534B1/en,Example 5,FKM,DuPont Viton A401C (VDF/HFP precompound with curative) 80 + CG2602 FKM 20,,100,0.0,0.0,0,0.0,0.0,0.0,20.0,8.0,0.0,0.0,0.0,,9.0,1.0,CaSiO3 600EST 20; MgO MA150 3 + Ca(OH)2 6 (acid acceptor 9); C-WAX 1; PEI-siloxane STM1700FP 8,73.0,13.7,255.0,5.81,43.88,200C x 70h (method cited as ASTM D623; specimen not stated),,,phr; MPa; % (table header for elongation mislabeled MPa),"Curative is pre-incorporated in Viton A401C precompound (type/amount not stated in doc; left empty). Automotive transmission seal application. Heat-aged (250C x 70h), fuel C and engine-oil immersion data also reported for CE3/Ex6/Ex7 (not recorded).",batch_krcn
KR102324534B1,patent,SHPP Global Technologies B.V.,"Composite material comprising fluoroelastomer and polyimide, method for producing the composite material, and article comprising the composite material",https://patents.google.com/patent/KR102324534B1/en,Example 6,FKM,DuPont Viton A401C (VDF/HFP precompound with curative) 80 + CG2602 FKM 20,,100,0.0,0.0,0,0.0,0.0,0.0,30.0,10.0,0.0,0.0,0.0,,9.0,1.0,CaSiO3 600EST 30; MgO MA150 3 + Ca(OH)2 6 (acid acceptor 9); C-WAX 1; PEI ULTEM 1000FP-1000 10,76.0,14.79,192.0,8.45,31.88,200C x 70h (method cited as ASTM D623; specimen not stated),,,phr; MPa; % (table header for elongation mislabeled MPa),"Curative is pre-incorporated in Viton A401C precompound (type/amount not stated in doc; left empty). Automotive transmission seal application. Heat-aged (250C x 70h), fuel C and engine-oil immersion data also reported for CE3/Ex6/Ex7 (not recorded).",batch_krcn
KR102324534B1,patent,SHPP Global Technologies B.V.,"Composite material comprising fluoroelastomer and polyimide, method for producing the composite material, and article comprising the composite material",https://patents.google.com/patent/KR102324534B1/en,Example 7,FKM,DuPont Viton A401C (VDF/HFP precompound with curative) 80 + CG2602 FKM 20,,100,0.0,0.0,0,0.0,0.0,0.0,20.0,10.0,0.0,0.0,0.0,,9.0,2.0,CaSiO3 600EST 20; MgO MA150 3 + Ca(OH)2 6 (acid acceptor 9); C-WAX 2; PEI-siloxane STM1700FP 10,73.0,10.39,212.0,6.26,40.43,200C x 70h (method cited as ASTM D623; specimen not stated),,,phr; MPa; % (table header for elongation mislabeled MPa),"Curative is pre-incorporated in Viton A401C precompound (type/amount not stated in doc; left empty). Automotive transmission seal application. Heat-aged (250C x 70h), fuel C and engine-oil immersion data also reported for CE3/Ex6/Ex7 (not recorded).",batch_krcn
KR20130014651A,patent,"Pyung Hwa Oil Seal Industry Co., Ltd. (평화오일씰공업주식회사)",Rubber composition of FKM oil seal with improved wear resistance,https://patents.google.com/patent/KR20130014651A/en,Comparative Example,FKM,DuPont Viton A500 (VDF/HFP copolymer),bisphenol,100,26.0,19.0,0,0.0,0.0,0.0,14.0,0.0,0.0,0.0,0.0,3.0,9.0,2.0,N990 MT carbon black; silica Zeosil 155; potassium titanate K2O.6TiO2 (Tismo D) 14; Fe2O3 (Bayferrox 140M) 0; MgO 6 + Ca(OH)2 3; vegetable wax VPA No.2 2; VC#20 (onium accelerator masterbatch) 1 + VC#30 (bisphenol masterbatch) 2,79.0,13.14,221.0,,,,,,parts by weight; tensile kgf/cm2 converted x0.0980665,Automotive oil seal (not semiconductor). KS M 6518. Taber wear rate 3.72% (CE) vs 1.53% (Ex). Curatives are DuPont masterbatches (active content not stated).,batch_krcn
KR20130014651A,patent,"Pyung Hwa Oil Seal Industry Co., Ltd. (평화오일씰공업주식회사)",Rubber composition of FKM oil seal with improved wear resistance,https://patents.google.com/patent/KR20130014651A/en,Example,FKM,DuPont Viton A500 (VDF/HFP copolymer),bisphenol,100,15.0,0.0,0,0.0,0.0,0.0,35.0,0.0,0.0,0.0,0.0,3.0,9.0,2.0,N990 MT carbon black; silica Zeosil 155; potassium titanate K2O.6TiO2 (Tismo D) 0; Fe2O3 (Bayferrox 140M) 35; MgO 6 + Ca(OH)2 3; vegetable wax VPA No.2 2; VC#20 (onium accelerator masterbatch) 1 + VC#30 (bisphenol masterbatch) 2,79.0,15.0,242.0,,,,,,parts by weight; tensile kgf/cm2 converted x0.0980665,Automotive oil seal (not semiconductor). KS M 6518. Taber wear rate 3.72% (CE) vs 1.53% (Ex). Curatives are DuPont masterbatches (active content not stated).,batch_krcn
CN106633544B,patent,"Shanghai Rushi Sealing Technology Co., Ltd. (上海如实密封科技有限公司)",Fluororubber material for high-temperature high-pressure resistant sealing element and preparation method thereof,https://patents.google.com/patent/CN106633544B/en,No. 1,FKM,DuPont Viton GF (peroxide-curable FKM),peroxide,100,30.0,0.0,0,0.0,0.0,0.0,0.0,0.0,4.0,1.5,0.0,0.0,3.0,1.0,carbon nanotubes GTR 0 (in other_inorganic); N990 30; TAIC-S70 4 (70% active); Luperox 101XL-45 1.5 (45% active); ZnO META-Z102 3; Struktol HT290 1,77.0,18.1,256.0,5.0,,,,,parts by weight; MPa; %,"Oil/gas HTHP seal (not semiconductor). Press 180C x 10 min, post-cure 200C x 12h; GB/T 531.1, GB/T 528. Nos. 5-8 (Viton GLT) omitted: their tables are images.",batch_krcn
CN106633544B,patent,"Shanghai Rushi Sealing Technology Co., Ltd. (上海如实密封科技有限公司)",Fluororubber material for high-temperature high-pressure resistant sealing element and preparation method thereof,https://patents.google.com/patent/CN106633544B/en,No. 2,FKM,DuPont Viton GF (peroxide-curable FKM),peroxide,100,25.0,0.0,0,0.0,0.0,0.0,5.0,0.0,4.0,1.5,0.0,0.0,3.0,1.0,carbon nanotubes GTR 5 (in other_inorganic); N990 25; TAIC-S70 4 (70% active); Luperox 101XL-45 1.5 (45% active); ZnO META-Z102 3; Struktol HT290 1,88.0,28.5,208.0,13.97,,,,,parts by weight; MPa; %,"Oil/gas HTHP seal (not semiconductor). Press 180C x 10 min, post-cure 200C x 12h; GB/T 531.1, GB/T 528. Nos. 5-8 (Viton GLT) omitted: their tables are images.",batch_krcn
CN106633544B,patent,"Shanghai Rushi Sealing Technology Co., Ltd. (上海如实密封科技有限公司)",Fluororubber material for high-temperature high-pressure resistant sealing element and preparation method thereof,https://patents.google.com/patent/CN106633544B/en,No. 3,FKM,DuPont Viton GF (peroxide-curable FKM),peroxide,100,20.0,0.0,0,0.0,0.0,0.0,10.0,0.0,4.0,1.5,0.0,0.0,3.0,1.0,carbon nanotubes GTR 10 (in other_inorganic); N990 20; TAIC-S70 4 (70% active); Luperox 101XL-45 1.5 (45% active); ZnO META-Z102 3; Struktol HT290 1,94.0,34.1,179.0,21.69,,,,,parts by weight; MPa; %,"Oil/gas HTHP seal (not semiconductor). Press 180C x 10 min, post-cure 200C x 12h; GB/T 531.1, GB/T 528. Nos. 5-8 (Viton GLT) omitted: their tables are images.",batch_krcn
CN106633544B,patent,"Shanghai Rushi Sealing Technology Co., Ltd. (上海如实密封科技有限公司)",Fluororubber material for high-temperature high-pressure resistant sealing element and preparation method thereof,https://patents.google.com/patent/CN106633544B/en,No. 4,FKM,DuPont Viton GF (peroxide-curable FKM),peroxide,100,15.0,0.0,0,0.0,0.0,0.0,15.0,0.0,4.0,1.5,0.0,0.0,3.0,1.0,carbon nanotubes GTR 15 (in other_inorganic); N990 15; TAIC-S70 4 (70% active); Luperox 101XL-45 1.5 (45% active); ZnO META-Z102 3; Struktol HT290 1,98.0,,,,,,,,parts by weight; MPa; %,"Oil/gas HTHP seal (not semiconductor). Press 180C x 10 min, post-cure 200C x 12h; GB/T 531.1, GB/T 528. No. 4: only hardness reported (too brittle; other cells blank). Nos. 5-8 (Viton GLT) omitted: their tables are images.",batch_krcn
CN106633544B,patent,"Shanghai Rushi Sealing Technology Co., Ltd. (上海如实密封科技有限公司)",Fluororubber material for high-temperature high-pressure resistant sealing element and preparation method thereof,https://patents.google.com/patent/CN106633544B/en,No. 9,FKM,DuPont Viton AHV (bisphenol-curable FKM),bisphenol,100,40.0,0.0,0,0.0,0.0,0.0,0.0,0.0,0.0,0.0,0.0,8.0,9.0,2.0,carbon nanotubes GTR 0 (in other_inorganic); N990 25 + N774 15; Ca(OH)2 NICC5000 6 + MgO MA150 3; bisphenol AF masterbatch AF50 6 (50% active) + BTPPC accelerator P33 2 (33% active); carnauba wax 1 + WS280 1,93.0,21.8,72.8,,,,,,parts by weight; MPa; %,"Oil/gas HTHP seal (not semiconductor). Press 180C x 10 min, post-cure 200C x 12h. 100% modulus reported as 0.00 (elongation <100%) -> left empty. ",batch_krcn
CN106633544B,patent,"Shanghai Rushi Sealing Technology Co., Ltd. (上海如实密封科技有限公司)",Fluororubber material for high-temperature high-pressure resistant sealing element and preparation method thereof,https://patents.google.com/patent/CN106633544B/en,No. 10,FKM,DuPont Viton AHV (bisphenol-curable FKM),bisphenol,100,35.0,0.0,0,0.0,0.0,0.0,5.0,0.0,0.0,0.0,0.0,8.0,9.0,2.0,carbon nanotubes GTR 5 (in other_inorganic); N990 20 + N774 15; Ca(OH)2 NICC5000 6 + MgO MA150 3; bisphenol AF masterbatch AF50 6 (50% active) + BTPPC accelerator P33 2 (33% active); carnauba wax 1 + WS280 1,94.0,21.0,73.0,,,,,,parts by weight; MPa; %,"Oil/gas HTHP seal (not semiconductor). Press 180C x 10 min, post-cure 200C x 12h. 100% modulus reported as 0.00 (elongation <100%) -> left empty. ",batch_krcn
CN106633544B,patent,"Shanghai Rushi Sealing Technology Co., Ltd. (上海如实密封科技有限公司)",Fluororubber material for high-temperature high-pressure resistant sealing element and preparation method thereof,https://patents.google.com/patent/CN106633544B/en,No. 11,FKM,DuPont Viton AHV (bisphenol-curable FKM),bisphenol,100,30.0,0.0,0,0.0,0.0,0.0,10.0,0.0,0.0,0.0,0.0,8.0,9.0,2.0,carbon nanotubes GTR 10 (in other_inorganic); N990 15 + N774 15; Ca(OH)2 NICC5000 6 + MgO MA150 3; bisphenol AF masterbatch AF50 6 (50% active) + BTPPC accelerator P33 2 (33% active); carnauba wax 1 + WS280 1,97.0,21.5,51.8,,,,,,parts by weight; MPa; %,"Oil/gas HTHP seal (not semiconductor). Press 180C x 10 min, post-cure 200C x 12h. 100% modulus reported as 0.00 (elongation <100%) -> left empty. ",batch_krcn
CN106633544B,patent,"Shanghai Rushi Sealing Technology Co., Ltd. (上海如实密封科技有限公司)",Fluororubber material for high-temperature high-pressure resistant sealing element and preparation method thereof,https://patents.google.com/patent/CN106633544B/en,No. 12,FKM,DuPont Viton AHV (bisphenol-curable FKM),bisphenol,100,25.0,0.0,0,0.0,0.0,0.0,15.0,0.0,0.0,0.0,0.0,8.0,9.0,2.0,carbon nanotubes GTR 15 (in other_inorganic); N990 10 + N774 15; Ca(OH)2 NICC5000 6 + MgO MA150 3; bisphenol AF masterbatch AF50 6 (50% active) + BTPPC accelerator P33 2 (33% active); carnauba wax 1 + WS280 1,98.0,,,,,,,,parts by weight; MPa; %,"Oil/gas HTHP seal (not semiconductor). Press 180C x 10 min, post-cure 200C x 12h. 100% modulus reported as 0.00 (elongation <100%) -> left empty. No. 12: only hardness reported. ",batch_krcn
