target,experiment,seed,iter,model,R2,RMSE,MAE,kernel,ard,linear,x_transform,y_transform,feature_set,ls_init,noise_init,noise_floor,n_restarts,cov95,NLPD,R2_std,sec
hardness_shoreA,Exp0_baseline,,,GP_sklearn_default,-1254.0675884167342,308.1895432712777,63.54244845084297,,,,,,,,,,,,,,
hardness_shoreA,Exp0_baseline,,,Ridge,0.5394443226238897,6.173915017651448,4.64848688852028,,,,,,,,,,,,,,
hardness_shoreA,Exp0_baseline,,,RandomForest,0.6652839166773477,5.250894209464303,3.696384541460576,,,,,,,,,,,,,,
hardness_shoreA,Exp1_kernel_screen,,,GP,0.6425191966293506,5.439350970857224,3.785159918643673,rbf,True,False,log1p,none,full,0.0,-1.0,-4.0,1.0,0.9060773480662984,3.334156802244925,0.0,36.122318267822266
hardness_shoreA,Exp1_kernel_screen,,,GP,0.675769382897476,5.180214356077983,3.625807027350868,rbf,False,False,log1p,none,full,0.0,-1.0,-4.0,1.0,0.9060773480662984,3.202627433347187,0.0,1.078256368637085
hardness_shoreA,Exp1_kernel_screen,,,GP,0.623198559384893,5.584406153276975,3.792347397771414,matern12,True,False,log1p,none,full,0.0,-1.0,-4.0,1.0,0.9116022099447514,3.3565505801532933,0.0,44.54969024658203
hardness_shoreA,Exp1_kernel_screen,,,GP,0.661909655626322,5.28977382848103,3.5903852662758178,matern12,False,False,log1p,none,full,0.0,-1.0,-4.0,1.0,0.9337016574585636,3.272113212860683,0.0,1.3095052242279053
hardness_shoreA,Exp1_kernel_screen,,,GP,0.6118848993053849,5.667623468185667,3.8292745469228313,matern32,True,False,log1p,none,full,0.0,-1.0,-4.0,1.0,0.9060773480662984,3.4227392905244267,0.0,42.22461700439453
hardness_shoreA,Exp1_kernel_screen,,,GP,0.6634606487167511,5.277626433729891,3.581860229622953,matern32,False,False,log1p,none,full,0.0,-1.0,-4.0,1.0,0.9171270718232044,3.236962073403981,0.0,2.332231283187866
hardness_shoreA,Exp1_kernel_screen,,,GP,0.6392317914092907,5.464303960188167,3.6655410351309623,matern52,True,False,log1p,none,full,0.0,-1.0,-4.0,1.0,0.9005524861878453,3.382885924742284,0.0,39.087146043777466
hardness_shoreA,Exp1_kernel_screen,,,GP,0.6654692492664716,5.261853377909233,3.6011893316481585,matern52,False,False,log1p,none,full,0.0,-1.0,-4.0,1.0,0.9060773480662984,3.2333392745029803,0.0,1.54011869430542
hardness_shoreA,Exp1_kernel_screen,,,GP,0.669093626465515,5.233271733694121,3.5428046124531587,rq,False,False,log1p,none,full,0.0,-1.0,-4.0,1.0,0.9226519337016574,3.23697108649318,0.0,2.391266345977783
hardness_shoreA,Exp2_BO,0.0,0.0,GP,0.7019879150221228,4.966353828052605,3.302007686847575,rq,False,True,std,none,full,-0.9669447289429418,-0.5601892823991825,-2.348977690889113,1.0,0.9171270718232044,3.235009774157982,0.0,4.919142723083496
hardness_shoreA,Exp2_BO,0.0,1.0,GP,0.6582407083774545,5.318398620237289,3.635313596163328,matern32,False,True,log1p,log,full_cure6,0.8701448475755365,-0.5524393376354038,-5.989045999319408,1.0,0.9337016574585636,3.306840877632497,0.0,3.753647565841675
hardness_shoreA,Exp2_BO,0.0,2.0,GP,0.6661051801243437,5.256849702345861,3.361582166652735,matern12,False,True,std,log,full_cure6,-0.648688758794882,-0.4104632329503404,-3.834155119003633,1.0,0.9281767955801103,3.329214827246793,0.0,3.270368814468384
hardness_shoreA,Exp2_BO,0.0,3.0,GP,0.550006709893671,6.102724134375543,3.932468491701065,rbf,True,False,std,none,full,-0.7514334470008721,-0.9881267559191088,-3.411241953703,1.0,0.8895027624309392,3.3830627746805293,0.0,22.734004974365234
hardness_shoreA,Exp2_BO,0.0,4.0,GP,0.6748245086407051,5.1877569663603325,3.4727110527860066,matern12,False,True,std,none,compact,0.9616706775524602,-0.943374046557916,-3.398162894928735,1.0,0.9281767955801103,3.2704469591191185,0.0,4.1964545249938965
hardness_shoreA,Exp2_BO,0.0,5.0,GP,0.7060605698879496,4.932301811878259,3.320428386821432,rq,False,True,std,log,full,0.4429766803881634,-1.4239370325728222,-4.759032497764178,1.0,0.9337016574585636,3.243696734264233,0.0,5.8590288162231445
hardness_shoreA,Exp2_BO,0.0,6.0,GP,0.7002906231209618,4.98047638301313,3.253999392325014,matern32,True,True,log1p,none,compact,-0.2844096065818595,-1.2854105078107172,-4.712522435696231,1.0,0.9226519337016574,3.3076736869348373,0.0,27.354702472686768
hardness_shoreA,Exp2_BO,0.0,7.0,GP,0.7008001164234912,4.976241282457432,3.301671030697786,matern52,False,True,std,log,full_agg,0.7805487040095846,-2.318527219399861,-3.5072514212558303,1.0,0.9337016574585636,3.245143993142059,0.0,5.188835859298706
hardness_shoreA,Exp2_BO,0.0,8.0,GP,0.6651319368200164,5.264505512945428,3.6280956975714633,rq,False,True,log1p,log,full,0.4429766803881634,-1.4239370325728222,-4.759032497764178,1.0,0.9171270718232044,3.33272646413946,0.0,4.956936359405518
hardness_shoreA,Exp2_BO,0.0,9.0,GP,0.7073321944062552,4.921621322261884,3.280292029020312,matern32,True,True,std,none,compact,-0.660271108588069,-0.9484649194688046,-4.182157402002018,1.0,0.9281767955801103,3.259312201442053,0.0,32.64910125732422
hardness_shoreA,Exp2_BO,0.0,10.0,GP,0.6969936128511534,5.00779579647491,3.240205018826276,rbf,True,True,std,log,full,0.8438646779297321,-0.3109997046862132,-4.824696628234406,1.0,0.9226519337016574,3.419386222715669,0.0,24.85555648803711
hardness_shoreA,Exp2_BO,0.0,11.0,GP,0.6584519475834248,5.316754732298109,3.670875489901496,matern12,False,False,log1p,log,compact,0.8450848674030202,-2.77796090969219,-3.9154277032684863,1.0,0.9281767955801103,3.339946318070154,0.0,1.4920294284820557
hardness_shoreA,Exp2_BO,0.0,12.0,GP,0.6551093889863371,5.342707589072219,3.5316999564544083,rq,True,True,std,log,compact,0.5931367116728765,-2.5105534328396857,-4.240759753804384,1.0,0.9281767955801103,3.408586254086428,0.0,5.780243158340454
hardness_shoreA,Exp2_BO,0.0,13.0,GP,0.6886747858453456,5.076073096961845,3.351634028231166,matern32,True,True,std,log,full,-0.3655221353463325,-2.9735649711820176,-4.773292097115524,1.0,0.9116022099447514,3.4388204098549022,0.0,42.5210325717926
hardness_shoreA,Exp2_BO,0.0,14.0,GP,0.6158011964053673,5.638956232170314,3.557679065465824,matern32,False,False,std,log,compact,-0.7081903256283861,-0.1856960204729811,-2.5244422912716944,1.0,0.9226519337016574,3.271561995960483,0.0,1.2732040882110596
hardness_shoreA,Exp2_BO,0.0,15.0,GP,0.6753906120748521,5.18323927297607,3.491904559327934,matern52,False,True,std,log,compact,0.9747663481124768,-0.8589028105011853,-2.4893145060475885,1.0,0.9337016574585636,3.267945529353406,0.0,3.8491697311401367
hardness_shoreA,Exp2_BO,0.0,16.0,GP,0.6575889242478139,5.323467680130017,3.553554029813176,matern32,False,True,std,none,compact,0.1841647601186331,-0.0519640106904812,-3.937823781311408,1.0,0.9226519337016574,3.310445846229157,0.0,4.452162027359009
hardness_shoreA,Exp2_BO,0.0,17.0,GP,0.6569609083950918,5.328347327409594,3.5734339449374675,rq,False,True,std,log,compact,-0.930231621493948,-2.831999291143184,-2.537835123393441,1.0,0.9226519337016574,3.2882513054008107,0.0,6.547652721405029
hardness_shoreA,Exp2_BO,0.0,18.0,GP,0.6895871458015289,5.068629748952614,3.285307756225193,matern52,True,True,std,log,compact,0.9683645869301096,-1.606505430528756,-5.237041305345981,1.0,0.9060773480662984,3.3953111927521245,0.0,27.66245150566101
hardness_shoreA,Exp2_BO,0.0,19.0,GP,0.6577587516732201,5.322147362241115,3.638345171405004,rbf,True,True,log1p,log,full_cure6,0.9236376871139048,-1.8710794152649488,-2.652525063678982,1.0,0.9060773480662984,3.508187403644792,0.0,43.20244765281677
hardness_shoreA,Exp2_BO,0.0,20.0,GP,0.7025951503704808,4.961291477309357,3.2808885538432304,rq,True,True,std,none,full_agg,0.9884076952559258,-2.75504489818068,-3.565153170150085,1.0,0.9226519337016574,3.223901332339543,0.0,6.132716178894043
hardness_shoreA,Exp2_BO,0.0,21.0,GP,0.6929305907332387,5.041258838470681,3.361022898524888,matern32,False,True,std,none,full,0.908862334731578,-2.2011894904607257,-4.212542826333364,1.0,0.9171270718232044,3.2567343057338456,0.0,4.816272258758545
hardness_shoreA,Exp2_BO,0.0,22.0,GP,0.7239036503226204,4.780254864070516,3.147540851545852,matern12,True,True,std,none,compact,0.3243457292944576,-0.2601533749779472,-4.177397732801003,1.0,0.9337016574585636,3.22167368434058,0.0,26.29562520980835
hardness_shoreA,Exp2_BO,0.0,23.0,GP,0.712962839793774,4.874047777766624,3.1887355989642603,matern12,True,True,std,none,full,0.3243457292944576,-0.2601533749779472,-4.177397732801003,1.0,0.9171270718232044,3.3122663190704364,0.0,44.32074570655823
hardness_shoreA,Exp2_BO,0.0,24.0,GP,0.6296033379308354,5.536741553753739,3.777879987357821,matern12,True,True,log1p,none,full,0.59338834940177,-0.5398801632228345,-5.75183067216499,1.0,0.9171270718232044,3.485573984027837,0.0,39.37411952018738
hardness_shoreA,Exp2_BO,0.0,25.0,GP,0.6379020192699876,5.474365262054129,3.759198046118396,rq,False,True,log1p,log,compact,-0.0981323521926571,-1.450145316267869,-3.0030970404884023,1.0,0.9226519337016574,3.417590703737068,0.0,5.539941549301148
hardness_shoreA,Exp2_BO,0.0,26.0,GP,0.7001884663021691,4.981325115676149,3.309681086619333,matern12,True,True,std,none,full_cure6,0.8912680515804419,-0.0433215388064418,-2.599448356295996,1.0,0.9226519337016574,3.2862430549457566,0.0,64.9929792881012
hardness_shoreA,Exp2_BO,0.0,27.0,GP,0.7044826593948379,4.9455227567653495,3.265092237709452,matern52,True,True,std,none,compact,0.9647676200425492,-2.569446847503896,-2.158109359170147,1.0,0.9116022099447514,3.293036579991739,0.0,38.504456996917725
hardness_shoreA,Exp2_BO,0.0,28.0,GP,0.7161370865320467,4.847022632778924,3.1536543603882183,matern12,True,True,std,none,full_agg,0.3243457292944576,-0.2601533749779472,-4.177397732801003,1.0,0.9226519337016574,3.258069010164512,0.0,66.8057713508606
hardness_shoreA,Exp2_BO,0.0,29.0,GP,0.7032695317190187,4.955663288510569,3.342280887358879,matern52,False,True,std,log,full,-0.0548038844497118,-0.184327062868447,-4.165356316000771,1.0,0.9281767955801103,3.252142675165011,0.0,6.051545143127441
hardness_shoreA,Exp2_BO,1.0,0.0,GP,0.6293209309963268,5.538851880925552,3.716570242995352,matern32,False,True,log1p,none,full,0.8972988942744877,-2.064505643968544,-4.306694204109697,1.0,0.9060773480662984,3.344394790743217,0.0,4.503210067749023
hardness_shoreA,Exp2_BO,1.0,1.0,GP,0.7029112579408483,4.958654131701155,3.2427416828009323,matern12,False,False,std,log,full_cure6,-0.9448817735138632,-0.7394606739755805,-3.847426747122887,1.0,0.9337016574585636,3.3134492418020423,0.0,1.951674222946167
hardness_shoreA,Exp2_BO,1.0,2.0,GP,0.6881706401292264,5.080181413946693,3.437473625418937,rq,True,False,log1p,none,full_agg,-0.0930042210386969,-2.5978749082585058,-4.387548054211483,1.0,0.9281767955801103,3.2039411813418948,0.0,3.345426082611084
hardness_shoreA,Exp2_BO,1.0,3.0,GP,0.6680213477338353,5.241743899596167,3.4759614077919405,rq,True,True,std,none,compact,-0.4391824840279201,-1.544427076705095,-2.077051200795045,1.0,0.9281767955801103,3.319895651294936,0.0,6.046711206436157
hardness_shoreA,Exp2_BO,1.0,4.0,GP,0.6693313667857558,5.231391468844389,3.5959652548921177,matern52,False,False,log1p,none,full_cure6,-0.4462175919092583,-2.51804397367462,-2.1202983471354697,1.0,0.9392265193370166,3.2071547332664307,0.0,1.8181827068328855
hardness_shoreA,Exp2_BO,1.0,5.0,GP,0.6871668885066882,5.088351176132295,3.182810990137145,matern32,False,False,std,none,full_cure6,0.553366228684596,-1.1609900968408786,-2.3308091808363893,1.0,0.9337016574585636,3.168010514972431,0.0,1.996696710586548
hardness_shoreA,Exp2_BO,1.0,6.0,GP,0.7269440964085783,4.753861283687631,3.14784011994765,matern32,True,True,log1p,log,full_agg,-0.8753008417002488,-1.0760154925818752,-2.589468646077373,1.0,0.9005524861878453,3.3329312443523005,0.0,59.32498836517334
hardness_shoreA,Exp2_BO,1.0,7.0,GP,0.674824548766217,5.187756646284841,3.472711381520506,matern12,False,True,std,none,compact,0.0189917630430187,-1.4673333466004008,-2.9878791691912885,1.0,0.9281767955801103,3.270444275876548,0.0,5.819382429122925
hardness_shoreA,Exp2_BO,1.0,8.0,GP,0.6925737948298863,5.044186805658776,3.4073336161921888,rq,True,False,log1p,log,full_agg,0.9988217002824132,-1.196919288785529,-4.41557414956486,1.0,0.9337016574585636,3.284751297208055,0.0,3.1991190910339355
hardness_shoreA,Exp2_BO,1.0,9.0,GP,0.6885427114476531,5.077149701390339,3.485055683168733,rbf,False,False,log1p,log,full_agg,-0.9940007374941924,-2.476759273814076,-2.866848833652231,1.0,0.9281767955801103,3.249033795680232,0.0,1.444356918334961
hardness_shoreA,Exp2_BO,1.0,10.0,GP,0.6708629872190782,5.21926179419002,3.522050999720973,matern12,False,True,log1p,log,full_agg,-0.8487995266301589,-2.859246844294044,-2.9749651783662965,1.0,0.9226519337016574,3.349876073621103,0.0,6.928719997406006
hardness_shoreA,Exp2_BO,1.0,11.0,GP,0.6999797478653095,4.983058727275304,3.270145815140806,rbf,True,True,log1p,none,full_agg,0.3124224871161141,-0.0136052964435537,-2.074017988849153,1.0,0.9171270718232044,3.332945518543629,0.0,42.35499358177185
hardness_shoreA,Exp2_BO,1.0,12.0,GP,0.6484465904196901,5.394067500635412,3.553860413950236,matern32,True,True,log1p,log,full_cure6,0.5065817761050326,-1.927329757009372,-5.765230038696766,1.0,0.9005524861878453,3.5984520308583963,0.0,59.28231525421143
hardness_shoreA,Exp2_BO,1.0,13.0,GP,0.704446480151208,4.945825479773667,3.22513702336902,matern32,True,True,std,log,full_agg,0.9638315403232708,-0.0410151460098262,-3.601982227822209,1.0,0.9171270718232044,3.3741819686305643,0.0,66.91337633132935
hardness_shoreA,Exp2_BO,1.0,14.0,GP,0.6921246302640084,5.047870361223186,3.224477443341517,matern32,False,False,std,none,full_agg,-0.8503915251325092,-0.0156816244038715,-5.42581668391011,1.0,0.9392265193370166,3.150492757033538,0.0,2.2359116077423096
hardness_shoreA,Exp2_BO,1.0,15.0,GP,0.6570710038183211,5.327492215347703,3.602584130491906,matern32,False,True,log1p,none,full_agg,-0.2656641280180534,-2.5146779032027053,-3.638864346636243,1.0,0.9226519337016574,3.315468601286766,0.0,5.711607217788696
hardness_shoreA,Exp2_BO,1.0,16.0,GP,0.7060336067336919,4.932528027471172,3.1865485909390405,matern52,True,True,log1p,log,full_agg,-0.8798437424683154,-2.655349617082005,-3.276135370429701,1.0,0.9005524861878453,3.471094120630145,0.0,59.35934925079346
hardness_shoreA,Exp2_BO,1.0,17.0,GP,0.5500000528839437,6.102769274763821,3.95112233921081,rbf,True,False,std,log,full,-0.8974205705701583,-0.4542857028037401,-2.68937675147167,1.0,0.9005524861878453,3.433559135339829,0.0,32.19744825363159
hardness_shoreA,Exp2_BO,1.0,18.0,GP,0.6519380412572743,5.367215086618974,3.757172418289103,matern32,False,False,log1p,log,compact,-0.0549500798708952,-1.9838518669488483,-5.394447760430758,1.0,0.9447513812154696,3.279755063329273,0.0,2.0106759071350098
hardness_shoreA,Exp2_BO,1.0,19.0,GP,0.704331168138198,4.946790207710972,3.20734514583802,rbf,False,True,std,none,full_cure6,-0.3586961414434195,-0.9431922039472296,-5.926707319374716,1.0,0.9447513812154696,3.1639942234337184,0.0,3.5517520904541016
hardness_shoreA,Exp2_BO,1.0,20.0,GP,0.7182845518611112,4.828653600699528,3.274497236229956,matern32,True,False,log1p,log,compact,0.9871485435642632,-0.055820741419482,-5.48408401238787,1.0,0.9281767955801103,3.232618761792643,0.0,30.791860818862915
hardness_shoreA,Exp2_BO,1.0,21.0,GP,0.603956051749825,5.725223040794569,3.838273562219692,rbf,True,False,log1p,none,compact,-0.7802413654730882,-2.662123495248083,-4.594131431117932,1.0,0.9281767955801103,3.372079578999683,0.0,15.50577449798584
hardness_shoreA,Exp2_BO,1.0,22.0,GP,0.6904202709182925,5.061823265384858,3.2906354474051853,matern12,True,False,std,none,full_agg,-0.3045444636400751,-1.5178100545201048,-2.0080169060050586,1.0,0.9281767955801103,3.230815397380034,0.0,58.705007553100586
hardness_shoreA,Exp2_BO,1.0,23.0,GP,0.6523132718456158,5.364321224903795,3.582794762775776,matern12,True,True,log1p,log,full,-0.2129302315658947,-2.07839419806582,-5.736692373049083,1.0,0.9060773480662984,3.504908624233626,0.0,42.73134708404541
hardness_shoreA,Exp2_BO,1.0,24.0,GP,0.6301243805885397,5.532845873669864,3.674497122938956,rbf,True,False,log1p,log,full_agg,-0.2662358463839314,-2.99820243668854,-5.724090684964814,1.0,0.8950276243093923,3.426402392728231,0.0,53.19769024848938
hardness_shoreA,Exp2_BO,1.0,25.0,GP,0.6955715873553562,5.019532971150912,3.305591750835238,matern12,True,True,std,log,compact,-0.1195867884758627,-0.1408000257478385,-2.097737692606356,1.0,0.9171270718232044,3.3480316466860782,0.0,42.80763053894043
hardness_shoreA,Exp2_BO,1.0,26.0,GP,0.7105668104801093,4.89434844439462,3.1715754339348585,matern32,True,True,log1p,log,full_agg,-0.8753008417002488,0.0,-2.589468646077373,1.0,0.9060773480662984,3.449882923702488,0.0,80.21737933158875
hardness_shoreA,Exp2_BO,1.0,27.0,GP,0.6873164687622386,5.08713454041742,3.4583389173565453,rq,False,False,log1p,log,full_cure6,-0.8563516695536921,-0.1883556483281618,-5.658282343546057,1.0,0.9613259668508288,3.2835601549689017,0.0,4.773362636566162
hardness_shoreA,Exp2_BO,1.0,28.0,GP,0.636055926076675,5.488302567091289,3.644205366527092,matern32,True,False,log1p,none,full,0.0957533865921429,-0.285766086502603,-5.960128860154105,1.0,0.9060773480662984,3.38036891678777,0.0,39.40956211090088
hardness_shoreA,Exp2_BO,1.0,29.0,GP,0.6673092707287533,5.247362522807832,3.450282480070596,rbf,True,True,log1p,none,compact,-0.2838169055442059,-2.98066952365179,-4.768951057213581,1.0,0.9171270718232044,3.482176737896713,0.0,22.86970829963684
hardness_shoreA,Exp2_BO,2.0,0.0,GP,0.676911326649325,5.171083924028809,3.397677257621531,rq,True,False,std,none,compact,-0.8161681157298062,-1.199698422103038,-3.085757892752821,1.0,0.9337016574585636,3.2463570157784862,0.0,2.8106048107147217
hardness_shoreA,Exp2_BO,2.0,1.0,GP,0.7019542844579223,4.96663404583213,3.292793762669488,rq,True,True,std,log,full_agg,0.3148660297511851,-1.313203011658716,-5.399750946778656,1.0,0.9337016574585636,3.2370662744612613,0.0,7.703259229660034
hardness_shoreA,Exp2_BO,2.0,2.0,GP,0.7096463944705562,4.902124437428259,3.1822634172620186,matern52,True,True,log1p,log,full_agg,0.2663687985482328,-0.0976921425189702,-3.267740710761499,1.0,0.9116022099447514,3.416369551013029,0.0,59.07442736625672
hardness_shoreA,Exp2_BO,2.0,3.0,GP,0.7019992512774704,4.96625936814075,3.268888789293217,matern12,True,False,std,none,full_agg,0.0221319471391541,-0.3263717714982626,-2.897744230109242,1.0,0.9337016574585636,3.225566232084826,0.0,59.879175424575806
hardness_shoreA,Exp2_BO,2.0,4.0,GP,0.6665887986453858,5.2530412708058645,3.556425848689596,rq,True,True,log1p,none,full_agg,0.3875176844044601,-2.678378074639236,-5.581825766268234,1.0,0.9171270718232044,3.28862060507436,0.0,9.949756145477297
hardness_shoreA,Exp2_BO,2.0,5.0,GP,0.6793892262670387,5.151216174925918,3.504813876091824,rq,True,False,log1p,log,full_cure6,0.6984726472288691,-1.0666911923834477,-4.373830409297854,1.0,0.9613259668508288,3.2883925561620506,0.0,3.1277565956115723
hardness_shoreA,Exp2_BO,2.0,6.0,GP,0.6285089174027073,5.5449152966333495,3.81384698080746,matern32,False,True,log1p,none,compact,-0.12362766768175,-0.3232796701000713,-3.545132246389651,1.0,0.9171270718232044,3.349213667463298,0.0,8.314773797988892
hardness_shoreA,Exp2_BO,2.0,7.0,GP,0.628742035225182,5.543175252942199,3.50395506470326,rbf,False,False,std,none,full_cure6,-0.3219492507013799,-1.4315144882287083,-5.135106435923943,1.0,0.9447513812154696,3.195568359140558,0.0,2.890389204025269
hardness_shoreA,Exp2_BO,2.0,8.0,GP,0.6897891710169766,5.066980078734683,3.323111573048362,matern52,True,True,log1p,log,compact,0.2663687985482328,-0.0976921425189702,-3.267740710761499,1.0,0.9171270718232044,3.4252218429456844,0.0,43.17792773246765
hardness_shoreA,Exp2_BO,2.0,9.0,GP,0.6768989406513877,5.17118304298014,3.402871429561411,matern12,True,False,std,none,full,0.5604552372749474,-1.183313615498069,-3.5901508748239537,1.0,0.9116022099447514,3.3081391652807164,0.0,38.78583002090454
hardness_shoreA,Exp2_BO,2.0,10.0,GP,0.7015964354338575,4.969614749617745,3.275974489492605,matern12,True,False,std,log,full_agg,0.4237273130693371,-0.6942788038355698,-4.3274885761313815,1.0,0.9226519337016574,3.3208566623563263,0.0,70.09123396873474
hardness_shoreA,Exp2_BO,2.0,11.0,GP,0.6591374946051478,5.31141622112006,3.59448191121684,matern52,False,True,log1p,none,full_agg,0.0238790733779072,-2.936849395427939,-3.0521081588783923,1.0,0.9226519337016574,3.305365577712191,0.0,6.175475358963013
hardness_shoreA,Exp2_BO,2.0,12.0,GP,0.6925736879369708,5.044187682597335,3.407334638569347,rq,False,False,log1p,log,full_agg,-0.556306279517722,-0.0055598481176604,-5.505340675480214,1.0,0.9337016574585636,3.284751429329278,0.0,3.4673964977264404
hardness_shoreA,Exp2_BO,2.0,13.0,GP,0.6898991054827985,5.066082165031415,3.273284462866798,rbf,False,True,std,log,full_cure6,-0.4635302372905596,-2.996476046035617,-2.65378432297639,1.0,0.9392265193370166,3.2721291376999577,0.0,6.301943063735962
hardness_shoreA,Exp2_BO,2.0,14.0,GP,0.6376441797269846,5.476313984124407,3.8108590911382834,rbf,False,True,log1p,log,compact,0.3114632336356016,-0.0084473544587391,-3.0075076182648077,1.0,0.9226519337016574,3.3703564095608725,0.0,5.869919061660767
hardness_shoreA,Exp2_BO,2.0,15.0,GP,0.6905841164232838,5.06048359958182,3.349393549823493,matern32,True,True,log1p,log,compact,0.5775069480466664,-2.9756710722580477,-2.880471886367616,1.0,0.9281767955801103,3.471710298668128,0.0,39.57510566711426
hardness_shoreA,Exp2_BO,2.0,16.0,GP,0.7139121418734375,4.865981268823556,3.2207839693039064,matern32,False,True,std,none,full_agg,0.1897625306330022,-1.0774735958457755,-3.9488039367987424,1.0,0.9337016574585636,3.17318756271204,0.0,3.489488124847412
hardness_shoreA,Exp2_BO,2.0,17.0,GP,0.7144161341085526,4.861693254241053,3.176482723454972,rq,False,False,std,none,full_agg,-0.6647617294564545,-0.4051917618402947,-2.725102135064584,1.0,0.9337016574585636,3.150917382034762,0.0,2.209055662155152
hardness_shoreA,Exp2_BO,2.0,18.0,GP,0.6435787974137075,5.431283659637653,3.639526055770289,rbf,False,True,std,log,compact,-0.1228841006468621,-1.6831632015327351,-3.269507322609156,1.0,0.9226519337016574,3.3016270199645144,0.0,4.507725238800049
hardness_shoreA,Exp2_BO,2.0,19.0,GP,0.7140755062365669,4.864591763078268,3.2624832540187345,matern52,False,True,std,none,full,0.1526630450389745,-0.0813305999984512,-3.4511619652595558,1.0,0.9337016574585636,3.169146247762812,0.0,4.69270396232605
hardness_shoreA,Exp2_BO,2.0,20.0,GP,0.6417926580190222,5.444875592810782,3.728024497244736,rq,False,True,log1p,none,full,0.3573847095249025,-1.078260318453221,-2.7678520626905327,1.0,0.9171270718232044,3.272540007913816,0.0,8.2421715259552
hardness_shoreA,Exp2_BO,2.0,21.0,GP,0.6044106279415371,5.721936413990004,3.603697315889482,matern52,False,False,std,none,compact,-0.8727237355365078,-1.4425541167951197,-2.0931229784415937,1.0,0.9281767955801103,3.165448941533086,0.0,1.8308815956115725
hardness_shoreA,Exp2_BO,2.0,22.0,GP,0.6509447558171111,5.374868003589937,3.377262972827732,matern52,False,False,std,log,full_agg,-0.822456990182775,-0.7079795662838153,-3.3485300824321973,1.0,0.9226519337016574,3.236997082118208,0.0,2.904669046401977
hardness_shoreA,Exp2_BO,2.0,23.0,GP,0.6250224724301849,5.570874056809626,3.506211966825492,matern32,True,True,std,none,full_agg,-0.9365711948871682,-0.3392678046923487,-2.2921087830107183,1.0,0.9116022099447514,3.318425765470837,0.0,50.60169005393982
hardness_shoreA,Exp2_BO,2.0,24.0,GP,0.6963583345844695,5.0130426794213285,3.250927566280992,rq,False,False,std,log,full_cure6,0.7973624004388089,-2.531235112736677,-3.726526998719424,1.0,0.9447513812154696,3.27826127706952,0.0,4.287589550018311
hardness_shoreA,Exp2_BO,2.0,25.0,GP,0.6923397856984519,5.046106227645131,3.3285123068246474,matern12,False,True,std,none,full,0.1991911134110582,-0.0185130770370416,-3.558808376892994,1.0,0.9281767955801103,3.262358166798509,0.0,4.796079158782959
hardness_shoreA,Exp2_BO,2.0,26.0,GP,0.6455779779884208,5.416030098033996,3.6448717277999614,matern12,True,True,log1p,none,full_cure6,-0.9896259695743608,-1.1383397006262117,-5.713510316606047,1.0,0.9171270718232044,3.447387891238062,0.0,53.88459277153015
hardness_shoreA,Exp2_BO,2.0,27.0,GP,0.709058612310453,4.907083777466006,3.206313328692961,rq,False,False,std,none,full,-0.5809552135254517,-1.0815790043663398,-5.48542993596514,1.0,0.9337016574585636,3.166908851799099,0.0,4.629172563552856
hardness_shoreA,Exp2_BO,2.0,28.0,GP,0.6630635254347723,5.280739368955953,3.4357154065189346,matern12,True,False,std,log,full_agg,-0.7024168268390367,-2.753355203971832,-3.31876000369374,1.0,0.9171270718232044,3.341174965239484,0.0,61.1873152256012
hardness_shoreA,Exp2_BO,2.0,29.0,GP,0.7066332687421438,4.927494527552026,3.214865307988988,rq,False,False,std,log,full_agg,-0.9727127641814723,-2.485330524380798,-2.313000501697766,1.0,0.9337016574585636,3.235329228799332,0.0,3.0695104598999023
hardness_shoreA,Exp3_robust,,,GP,0.7358239839450663,4.673180554805653,3.156992084354308,matern32,True,True,log1p,log,full_agg,-0.8753008417002488,-1.0760154925818752,-2.589468646077373,3.0,0.92707182320442,3.2795468091481808,0.0176811479527651,501.8711767196655
hardness_shoreA,Exp3_robust,,,GP,0.6948290683978366,5.015808611892842,3.189058449633257,matern12,True,True,std,none,compact,0.3243457292944576,-0.2601533749779472,-4.177397732801003,3.0,0.9281767955801103,3.1561002263289537,0.0387247986053148,374.1475009918213
hardness_shoreA,Exp3_robust,,,GP,0.7121767823171609,4.88016278217743,3.370759771460668,matern32,True,False,log1p,log,compact,0.9871485435642632,-0.055820741419482,-5.48408401238787,3.0,0.9248618784530386,3.1947675196756977,0.0086840921745013,252.64687490463257
tensile_MPa,Exp0_baseline,,,GP_sklearn_default,-171.87672499624654,65.90180690977425,15.37416122006718,,,,,,,,,,,,,,
tensile_MPa,Exp0_baseline,,,Ridge,-0.0665575772440977,5.02918029645561,3.1695373842252867,,,,,,,,,,,,,,
tensile_MPa,Exp0_baseline,,,RandomForest,0.6167610888386544,3.140133446959513,2.34599490551336,,,,,,,,,,,,,,
tensile_MPa,Exp1_kernel_screen,,,GP,0.6219104192441383,3.11899987302373,2.377391602508834,rbf,True,False,log1p,none,full,0.0,-1.0,-4.0,1.0,0.9,2.592587908749325,0.0,43.50214600563049
tensile_MPa,Exp1_kernel_screen,,,GP,0.6739299387122608,2.896499547065213,2.30599808129901,rbf,False,False,log1p,none,full,0.0,-1.0,-4.0,1.0,0.938095238095238,2.5056544023549097,0.0,1.3214845657348633
tensile_MPa,Exp1_kernel_screen,,,GP,0.6122249467662149,3.158696763683362,2.371431305897925,matern12,True,False,log1p,none,full,0.0,-1.0,-4.0,1.0,0.9095238095238096,2.604995824312748,0.0,45.39700150489807
tensile_MPa,Exp1_kernel_screen,,,GP,0.6756353945336613,2.8889147841264653,2.2225289893229414,matern12,False,False,log1p,none,full,0.0,-1.0,-4.0,1.0,0.9333333333333332,2.511682228893884,0.0,1.4979500770568848
tensile_MPa,Exp1_kernel_screen,,,GP,0.6362325907751273,3.0593551515120416,2.3339663416302847,matern32,True,False,log1p,none,full,0.0,-1.0,-4.0,1.0,0.9285714285714286,2.5668326261577987,0.0,47.23545265197754
tensile_MPa,Exp1_kernel_screen,,,GP,0.6756425823684553,2.88888277515124,2.2785362601968906,matern32,False,False,log1p,none,full,0.0,-1.0,-4.0,1.0,0.9333333333333332,2.5063113202538907,0.0,1.7824153900146484
tensile_MPa,Exp1_kernel_screen,,,GP,0.6284081801309822,3.0920825144266444,2.32751408285822,matern52,True,False,log1p,none,full,0.0,-1.0,-4.0,1.0,0.9047619047619048,2.583890292605008,0.0,48.3803288936615
tensile_MPa,Exp1_kernel_screen,,,GP,0.6751243555534266,2.891189642416385,2.2914518806575845,matern52,False,False,log1p,none,full,0.0,-1.0,-4.0,1.0,0.938095238095238,2.506281031658649,0.0,1.7375986576080322
tensile_MPa,Exp1_kernel_screen,,,GP,0.673650441616902,2.897740675732684,2.305701336422798,rq,False,False,log1p,none,full,0.0,-1.0,-4.0,1.0,0.938095238095238,2.5060211936124124,0.0,4.550157785415649
tensile_MPa,Exp2_BO,0.0,0.0,GP,0.0647628044841742,4.905450388667651,2.813446323059544,rq,False,True,std,none,full,-0.9669447289429418,-0.5601892823991825,-2.348977690889113,1.0,0.919047619047619,2.606022023437337,0.0,7.470299482345581
tensile_MPa,Exp2_BO,0.0,1.0,GP,0.6691652408656132,2.917585343102896,2.2594623856023013,matern32,False,True,log1p,log,full_cure6,0.8701448475755365,-0.5524393376354038,-5.989045999319408,1.0,0.938095238095238,2.4982718570652813,0.0,4.950526714324951
tensile_MPa,Exp2_BO,0.0,2.0,GP,0.6348293146253471,3.0652503852108923,2.358017298257061,matern12,False,True,std,log,full_cure6,-0.648688758794882,-0.4104632329503404,-3.834155119003633,1.0,0.938095238095238,2.5596814749902794,0.0,4.1762855052948
tensile_MPa,Exp2_BO,0.0,3.0,GP,0.526234008175489,3.491402702345865,2.527293179288016,rbf,True,False,std,none,full,-0.7514334470008721,-0.9881267559191088,-3.411241953703,1.0,0.8857142857142857,2.6268458697037214,0.0,28.2738037109375
tensile_MPa,Exp2_BO,0.0,4.0,GP,0.4629804824502056,3.717175254937317,2.7112665745976887,matern12,False,True,std,none,compact,0.9616706775524602,-0.943374046557916,-3.398162894928735,1.0,0.9333333333333332,2.654532894276742,0.0,7.429749250411987
tensile_MPa,Exp2_BO,0.0,5.0,GP,0.5698299652175026,3.32688722715908,2.5239126252943898,rq,False,True,std,log,full,0.4429766803881634,-1.4239370325728222,-4.759032497764178,1.0,0.9476190476190476,2.581242051078505,0.0,7.681209564208984
tensile_MPa,Exp2_BO,0.0,6.0,GP,0.5877613765927459,3.2568093933780164,2.3805978664580256,matern32,True,True,log1p,none,compact,-0.2844096065818595,-1.2854105078107172,-4.712522435696231,1.0,0.9285714285714286,2.582168360309601,0.0,33.30149602890015
tensile_MPa,Exp2_BO,0.0,7.0,GP,0.5508338343625567,3.39955067815624,2.537435737322087,matern52,False,True,std,log,full_agg,0.7805487040095846,-2.318527219399861,-3.5072514212558303,1.0,0.9523809523809524,2.5719293912647854,0.0,8.217965364456177
tensile_MPa,Exp2_BO,0.0,8.0,GP,0.5134990905555217,3.5380163096366672,2.753804187635959,matern32,False,True,log1p,log,compact,0.8701448475755365,-0.5524393376354038,-5.989045999319408,1.0,0.919047619047619,2.802799891588548,0.0,5.486409902572632
tensile_MPa,Exp2_BO,0.0,9.0,GP,0.6093816845067163,3.1702557855562987,2.3778050868721627,matern32,True,True,log1p,none,full,-0.5109659705863066,-1.8903271828119683,-4.813546770099746,1.0,0.9047619047619048,2.595769181722778,0.0,69.74566769599915
tensile_MPa,Exp2_BO,0.0,10.0,GP,0.5737926599388568,3.311528253666605,2.485868717187868,matern52,False,False,std,log,full_cure6,-0.2903498430464992,-2.907898583087891,-5.071480379531362,1.0,0.9285714285714286,2.5663573178931443,0.0,1.8220298290252688
tensile_MPa,Exp2_BO,0.0,11.0,GP,0.5535126033646043,3.389398278022994,2.547348307745015,rbf,True,True,log1p,log,full_cure6,0.9778902590152008,-2.9666477050456423,-4.553485950962797,1.0,0.8904761904761904,2.8778019935407224,0.0,23.614027976989743
tensile_MPa,Exp2_BO,0.0,12.0,GP,0.557248226305646,3.375189468118618,2.4996858040825667,matern52,True,False,log1p,log,full,-0.4189325677149229,-2.0937678720827977,-3.712824440853271,1.0,0.8904761904761904,2.701402191792021,0.0,53.13831043243408
tensile_MPa,Exp2_BO,0.0,13.0,GP,0.4901201589261112,3.622029000491838,2.5413108204060206,rbf,True,False,std,log,compact,-0.8419377648474144,-2.193898028104499,-3.9658541030195473,1.0,0.9047619047619048,2.7791194117052207,0.0,20.01457691192627
tensile_MPa,Exp2_BO,0.0,14.0,GP,0.6126634671821534,3.1569102319903126,2.312323954025767,matern32,True,True,log1p,none,full_cure6,-0.3333790681937632,-2.982797831036133,-5.007783030443895,1.0,0.8904761904761904,2.577865977775434,0.0,69.25990676879883
tensile_MPa,Exp2_BO,0.0,15.0,GP,0.6778239543211116,2.8791522149628,2.2469934082582403,matern52,False,False,log1p,log,full_cure6,-0.1078111965932209,-0.070297993411116,-3.0617567473934906,1.0,0.9523809523809524,2.4956625137583357,0.0,2.117370367050171
tensile_MPa,Exp2_BO,0.0,16.0,GP,0.6854790017058706,2.8447416091283824,2.192358494756668,matern12,False,False,log1p,log,full_cure6,-0.8706622800607371,-0.769109837592048,-3.150707507283749,1.0,0.9428571428571428,2.493080724362036,0.0,2.658055543899536
tensile_MPa,Exp2_BO,0.0,17.0,GP,0.5355153845494135,3.4570341472410906,2.64053152341933,rq,True,False,log1p,log,compact,-0.3587199109194989,-0.0481032996950543,-4.845918473543952,1.0,0.938095238095238,2.681951565151381,0.0,3.699536085128784
tensile_MPa,Exp2_BO,0.0,18.0,GP,0.6854790259819021,2.844741499343918,2.19235831800497,matern12,False,False,log1p,log,full_cure6,-0.8706622800607371,0.0,-3.150707507283749,1.0,0.9428571428571428,2.493080681471693,0.0,1.7755632400512695
tensile_MPa,Exp2_BO,0.0,19.0,GP,0.6822201477782883,2.859441274824315,2.224586298051954,matern32,False,False,log1p,log,full_cure6,-0.8924333615998954,-0.0504509266623784,-2.3426229114260924,1.0,0.9571428571428572,2.491921872549327,0.0,1.9227843284606931
tensile_MPa,Exp2_BO,0.0,20.0,GP,0.5976154440895203,3.217648904984752,2.368693027214196,matern12,True,False,log1p,log,full_cure6,-0.8706622800607371,0.0,-3.150707507283749,1.0,0.9095238095238096,2.6598757364401058,0.0,71.53076887130737
tensile_MPa,Exp2_BO,0.0,21.0,GP,0.6119335518484808,3.1598833476656485,2.442767709595539,rbf,False,True,log1p,none,full_agg,0.1776724655862547,-1.8526466083323043,-5.982258047117517,1.0,0.9285714285714286,2.5220501657016743,0.0,7.923424482345581
tensile_MPa,Exp2_BO,0.0,22.0,GP,0.687270576606648,2.836627927995325,2.190176786271036,rq,False,False,log1p,none,full_cure6,0.1093768601687341,-0.7728029551337663,-5.035960449331671,1.0,0.9428571428571428,2.4838445718429627,0.0,8.077919721603394
tensile_MPa,Exp2_BO,0.0,23.0,GP,0.6917288443243326,2.8163358770414155,2.1752134336452453,matern52,False,False,log1p,none,full_cure6,0.9928482856289712,-2.960172163483848,-2.2687212833782064,1.0,0.938095238095238,2.481263792796438,0.0,3.90953540802002
tensile_MPa,Exp2_BO,0.0,24.0,GP,0.6606980612065819,2.9546849019784625,2.243526720722171,matern12,False,False,std,none,full_cure6,0.8044815865350392,-2.778915416718545,-3.842484090477405,1.0,0.938095238095238,2.517721817641512,0.0,2.81536078453064
tensile_MPa,Exp2_BO,0.0,25.0,GP,0.4849330026356647,3.6404063577652495,2.560507378789515,matern52,True,True,std,none,full_cure6,-0.9987451659738364,-1.104323643045761,-4.270967821936265,1.0,0.9095238095238096,2.6566154031126232,0.0,86.25929641723633
tensile_MPa,Exp2_BO,0.0,26.0,GP,0.6873912545196292,2.8360805676528305,2.193139480496189,rbf,False,False,log1p,none,full_cure6,0.81975597235481,-0.2626374512615803,-4.569538186238884,1.0,0.938095238095238,2.483343584410909,0.0,4.304414510726929
tensile_MPa,Exp2_BO,0.0,27.0,GP,0.6872706446166901,2.836627619551059,2.1901764497701195,rq,False,False,log1p,none,full_cure6,-0.2080830107168185,-2.7469821942928467,-2.0503020322363503,1.0,0.9428571428571428,2.48384467875848,0.0,7.2480621337890625
tensile_MPa,Exp2_BO,0.0,28.0,GP,0.6034928553416672,3.1940632431077285,2.390606790329388,matern52,True,False,log1p,none,full_cure6,0.9928482856289712,-2.960172163483848,-2.2687212833782064,1.0,0.8904761904761904,2.5895758279667063,0.0,73.42135500907898
tensile_MPa,Exp2_BO,0.0,29.0,GP,0.6957428808811997,2.7979398690792423,2.139047561966454,matern12,False,False,log1p,none,full_cure6,0.9928482856289712,-2.960172163483848,-2.2687212833782064,1.0,0.9523809523809524,2.482917576110848,0.0,1.467113971710205
tensile_MPa,Exp2_BO,1.0,0.0,GP,0.2312553267597825,4.447429394326144,2.6297413361238924,matern32,False,True,log1p,none,full,0.8972988942744877,-2.064505643968544,-4.306694204109697,1.0,0.9142857142857144,2.5504830787942336,0.0,3.85463547706604
tensile_MPa,Exp2_BO,1.0,1.0,GP,0.6313707242165205,3.079731916971466,2.369330493470919,matern12,False,False,std,log,full_cure6,-0.9448817735138632,-0.7394606739755805,-3.847426747122887,1.0,0.938095238095238,2.5453180876441315,0.0,1.8678205013275144
tensile_MPa,Exp2_BO,1.0,2.0,GP,0.6709807212867501,2.90956909692524,2.3311626617969545,rq,True,False,log1p,none,full_agg,-0.0930042210386969,-2.5978749082585058,-4.387548054211483,1.0,0.938095238095238,2.5066590274589067,0.0,4.980859994888306
tensile_MPa,Exp2_BO,1.0,3.0,GP,0.3960479826476289,3.9420236047849886,2.7771015062922038,rq,True,True,std,none,compact,-0.4391824840279201,-1.544427076705095,-2.077051200795045,1.0,0.9333333333333332,2.6795630886708435,0.0,8.027733564376831
tensile_MPa,Exp2_BO,1.0,4.0,GP,0.6917286830488267,2.816336613740139,2.1752138349468844,matern52,False,False,log1p,none,full_cure6,-0.4462175919092583,-2.51804397367462,-2.1202983471354697,1.0,0.938095238095238,2.481263717216065,0.0,1.4877541065216064
tensile_MPa,Exp2_BO,1.0,5.0,GP,0.6505248067749618,2.9986527687196527,2.260558829970074,matern32,False,False,std,none,full_cure6,0.553366228684596,-1.1609900968408786,-2.3308091808363893,1.0,0.923809523809524,2.51257733161178,0.0,1.71075439453125
tensile_MPa,Exp2_BO,1.0,6.0,GP,0.6218284035788099,3.119338143359364,2.291788374070108,matern32,True,True,log1p,log,full_agg,-0.8753008417002488,-1.0760154925818752,-2.589468646077373,1.0,0.9142857142857144,2.579377573239938,0.0,83.41557359695435
tensile_MPa,Exp2_BO,1.0,7.0,GP,0.4630011587159983,3.7171036951142016,2.711238795334086,matern12,False,True,std,none,compact,0.0189917630430187,-1.4673333466004008,-2.9878791691912885,1.0,0.9333333333333332,2.6545306859931985,0.0,7.187166452407837
tensile_MPa,Exp2_BO,1.0,8.0,GP,0.5539215168888846,3.3878458397182194,2.473602774361024,rbf,True,False,std,none,full_cure6,0.6220293424013135,-2.9710593888573453,-4.666869630078756,1.0,0.9285714285714286,2.600925932734612,0.0,29.52190065383911
tensile_MPa,Exp2_BO,1.0,9.0,GP,0.6756426852929844,2.8888823168035858,2.2785357069629515,matern32,False,False,log1p,none,full,-0.9983998518906424,-2.066718390593228,-2.0476417311768684,1.0,0.9333333333333332,2.5063111120368218,0.0,2.462312936782837
tensile_MPa,Exp2_BO,1.0,10.0,GP,0.4491486769695824,3.764741841367061,2.7546169407696848,matern52,False,False,std,none,compact,-0.1306109618353741,-2.9498238021141088,-5.697969984373132,1.0,0.923809523809524,2.7109963073514627,0.0,7.737733602523804
tensile_MPa,Exp2_BO,1.0,11.0,GP,0.675635429478613,2.8889146285099327,2.222528857544057,matern12,False,False,log1p,none,full,-0.4814212301414708,-2.9535411551206647,-3.699019858953204,1.0,0.9333333333333332,2.511682188493268,0.0,2.5085299015045166
tensile_MPa,Exp2_BO,1.0,12.0,GP,0.4415492301823798,3.7906217425957984,2.741472240121163,rbf,False,True,std,log,compact,0.986146604707704,-1.6464577404665466,-4.823044903006509,1.0,0.923809523809524,2.734540661728333,0.0,6.288220167160034
tensile_MPa,Exp2_BO,1.0,13.0,GP,0.5359311564513143,3.455486561586093,2.589864947569469,matern52,False,False,std,log,full_agg,-0.8664704851773768,-0.8568452046175348,-2.0645918720248138,1.0,0.9333333333333332,2.5995158650339656,0.0,1.8336589336395264
tensile_MPa,Exp2_BO,1.0,14.0,GP,0.6037167094830276,3.1931614873140384,2.4453105756622286,rq,False,True,std,none,full_agg,0.7583616766649894,-2.7773496990054314,-3.2292503322188746,1.0,0.923809523809524,2.5833423512281755,0.0,11.46723198890686
tensile_MPa,Exp2_BO,1.0,15.0,GP,0.4889867983777159,3.62605228773701,2.710669615205012,matern52,True,False,std,log,full_agg,0.811767094994533,-0.493477720563523,-5.39320075967469,1.0,0.9095238095238096,2.7531748832467504,0.0,63.42031240463257
tensile_MPa,Exp2_BO,1.0,16.0,GP,0.6872707438697431,2.836627169411075,2.1901758388362067,rq,False,False,log1p,none,full_cure6,0.2032262624586389,-2.3365229784533934,-3.179893698559386,1.0,0.9428571428571428,2.4838444589338136,0.0,5.328974962234497
tensile_MPa,Exp2_BO,1.0,17.0,GP,0.6715660370091486,2.9069799255198983,2.335363507838246,rbf,False,False,log1p,none,full_agg,-0.5445365806289042,-2.624005982224311,-5.480576391751639,1.0,0.938095238095238,2.505863061083598,0.0,2.2254068851470947
tensile_MPa,Exp2_BO,1.0,18.0,GP,0.6119617438804403,3.159768566871365,2.442746907248264,rbf,False,True,log1p,none,full_agg,0.7348086399067362,-2.675273480282014,-5.907272058649577,1.0,0.9285714285714286,2.5220508439174507,0.0,4.564719915390015
tensile_MPa,Exp2_BO,1.0,19.0,GP,0.639900887051273,3.0438905206529974,2.233192747946701,matern52,True,False,log1p,none,full_cure6,-0.4462175919092583,-2.51804397367462,-2.1202983471354697,1.0,0.9095238095238096,2.581893031226946,0.0,69.23375129699707
tensile_MPa,Exp2_BO,1.0,20.0,GP,0.659334518574779,2.960615901533976,2.342502944170624,matern52,False,False,log1p,log,full_agg,-0.1969886544183792,-2.796306294567438,-2.6169200253373948,1.0,0.938095238095238,2.5287531531215093,0.0,2.3659958839416504
tensile_MPa,Exp2_BO,1.0,21.0,GP,0.5979485873261815,3.216316647176657,2.3512211735831454,matern52,True,False,log1p,none,compact,0.5188328869186778,-0.0320969499134959,-2.7860384832087406,1.0,0.9095238095238096,2.631260307929972,0.0,47.24830412864685
tensile_MPa,Exp2_BO,1.0,22.0,GP,0.6778236713773073,2.8791534792375857,2.2469943578614813,matern52,False,False,log1p,log,full_cure6,0.4415361275990885,-0.1665081663304635,-2.5193281078953023,1.0,0.9523809523809524,2.495662645968789,0.0,1.9329535961151123
tensile_MPa,Exp2_BO,1.0,23.0,GP,0.3031357360631569,4.234402128966613,2.897605868983956,matern12,False,True,log1p,none,compact,-0.6246774255561758,-1.0799502826565537,-4.126664344053967,1.0,0.9285714285714286,2.721284704730412,0.0,4.576089143753052
tensile_MPa,Exp2_BO,1.0,24.0,GP,0.4443007583327634,3.781271874986845,2.6813726347371136,rbf,True,True,std,log,full_agg,-0.6275209085024549,-0.0338267234964715,-4.942311424536863,1.0,0.8857142857142857,2.7577757103071403,0.0,58.280802965164185
tensile_MPa,Exp2_BO,1.0,25.0,GP,0.5386048133230152,3.4455180720732392,2.6796638957639143,matern52,False,False,log1p,none,compact,-0.4462175919092583,-2.51804397367462,-2.1202983471354697,1.0,0.938095238095238,2.6634878594563256,0.0,2.401914119720459
tensile_MPa,Exp2_BO,1.0,26.0,GP,0.6803384052958401,2.867894910324989,2.2147620052215347,matern12,False,False,log1p,none,full_agg,0.9133796745100238,-0.3454667604397192,-5.656352832220149,1.0,0.938095238095238,2.5035063655710905,0.0,1.338132619857788
tensile_MPa,Exp2_BO,1.0,27.0,GP,0.6873911993016143,2.83608081813004,2.1931398250642404,rbf,False,False,log1p,none,full_cure6,0.0572154592688471,-0.2263964368088631,-2.167962587782013,1.0,0.938095238095238,2.483343557125896,0.0,2.2423274517059326
tensile_MPa,Exp2_BO,1.0,28.0,GP,0.4669966056826393,3.703249643879818,2.4952439708215217,matern52,False,True,std,none,full_cure6,-0.965647691730221,-0.6685634563644061,-5.819501667724891,1.0,0.9285714285714286,2.5394747209620103,0.0,10.90397024154663
tensile_MPa,Exp2_BO,1.0,29.0,GP,0.6549587273752446,2.9795695399929483,2.294360460779427,matern12,True,False,log1p,log,full_agg,0.9734005515472612,-0.842170971165737,-3.732549643056189,1.0,0.9095238095238096,2.5747989134265232,0.0,68.4498519897461
tensile_MPa,Exp2_BO,2.0,0.0,GP,0.5372420222684962,3.450602714527495,2.575877893134893,rq,True,False,std,none,compact,-0.8161681157298062,-1.199698422103038,-3.085757892752821,1.0,0.9285714285714286,2.6492315271223914,0.0,5.544625520706177
tensile_MPa,Exp2_BO,2.0,1.0,GP,0.5552017977974382,3.382980652138796,2.5367416572378634,rq,True,True,std,log,full_agg,0.3148660297511851,-1.313203011658716,-5.399750946778656,1.0,0.9523809523809524,2.5696095844936875,0.0,15.089065790176392
tensile_MPa,Exp2_BO,2.0,2.0,GP,0.6242028120462055,3.109530101912315,2.391449645466356,matern52,True,True,log1p,log,full_agg,0.2663687985482328,-0.0976921425189702,-3.267740710761499,1.0,0.9285714285714286,2.650014379575808,0.0,99.43765449523926
tensile_MPa,Exp2_BO,2.0,3.0,GP,0.6295881905539271,3.0871690708808126,2.3528432049862724,matern12,True,False,std,none,full_agg,0.0221319471391541,-0.3263717714982626,-2.897744230109242,1.0,0.9142857142857144,2.5542675721277592,0.0,59.7788827419281
tensile_MPa,Exp2_BO,2.0,4.0,GP,0.6138942840694152,3.1518904755845707,2.4306072357743504,rq,True,True,log1p,none,full_agg,0.3875176844044601,-2.678378074639236,-5.581825766268234,1.0,0.9285714285714286,2.5204069961990707,0.0,11.73140811920166
tensile_MPa,Exp2_BO,2.0,5.0,GP,0.671348082896923,2.9079443250953245,2.2777493623840903,rq,True,False,log1p,log,full_cure6,0.6984726472288691,-1.0666911923834477,-4.373830409297854,1.0,0.9476190476190476,2.5073046697877204,0.0,4.406438827514648
tensile_MPa,Exp2_BO,2.0,6.0,GP,0.2780223405443817,4.310025919903531,2.9649223043187973,matern32,False,True,log1p,none,compact,-0.12362766768175,-0.3232796701000713,-3.545132246389651,1.0,0.919047619047619,2.748918542319504,0.0,6.8727333545684814
tensile_MPa,Exp2_BO,2.0,7.0,GP,0.6239059320805784,3.11075812459008,2.339628100153984,rbf,False,False,std,none,full_cure6,-0.3219492507013799,-1.4315144882287083,-5.135106435923943,1.0,0.9285714285714286,2.54907135591245,0.0,2.033539295196533
tensile_MPa,Exp2_BO,2.0,8.0,GP,0.6297605729491875,3.086450633299125,2.349809420476508,matern12,True,False,log1p,none,full,0.7164442009195271,-0.2211900897311425,-2.025198278716004,1.0,0.919047619047619,2.555863632317072,0.0,47.9797101020813
tensile_MPa,Exp2_BO,2.0,9.0,GP,0.6419216997651574,3.0353376160361,2.361901080770698,matern32,True,False,log1p,log,full_agg,0.3109570701405144,-0.9334556792287492,-2.055767078805657,1.0,0.9285714285714286,2.604075013170892,0.0,84.51993083953857
tensile_MPa,Exp2_BO,2.0,10.0,GP,0.603355749411882,3.194615423776209,2.387454669681411,rbf,True,False,log1p,log,full_cure6,-0.1601070637773332,-2.007660507425768,-4.900910864717151,1.0,0.919047619047619,2.8281403813472035,0.0,38.816412925720215
tensile_MPa,Exp2_BO,2.0,11.0,GP,0.4177395398319297,3.870585381305597,2.545256255622104,rq,False,True,std,none,full_cure6,-0.3041767968634332,-1.608302008208955,-3.9947391328114974,1.0,0.9285714285714286,2.5420967582339222,0.0,10.1931893825531
tensile_MPa,Exp2_BO,2.0,12.0,GP,0.4810774606941056,3.654006113848392,2.5884299306751752,matern52,True,True,log1p,none,compact,-0.9990653839586292,-2.3336359887797835,-2.2602405523690647,1.0,0.9095238095238096,2.6622500631696635,0.0,52.29583621025085
tensile_MPa,Exp2_BO,2.0,13.0,GP,0.677823992099666,2.879152046157246,2.246993201609082,matern52,False,False,log1p,log,full_cure6,0.180853340169389,-2.9668760085644896,-3.925535365518785,1.0,0.9523809523809524,2.495662534172173,0.0,3.123237133026123
tensile_MPa,Exp2_BO,2.0,14.0,GP,0.6967340838729459,2.793378613805999,2.1517082287102,matern32,False,False,log1p,none,full_cure6,0.9827353429010512,-0.934154955865818,-3.399431058420583,1.0,0.9428571428571428,2.4768803852490766,0.0,2.055133581161499
tensile_MPa,Exp2_BO,2.0,15.0,GP,0.5737925213506039,3.311528792065213,2.4858687978704177,matern52,False,False,std,log,full_cure6,0.8505518167489681,-0.0258663903505502,-4.18351286035799,1.0,0.9285714285714286,2.566357329259908,0.0,2.281269788742065
tensile_MPa,Exp2_BO,2.0,16.0,GP,0.5811243721747348,3.282921878686115,2.497964622861576,rbf,False,True,log1p,log,full,-0.970217997853563,-0.5823366476601368,-3.12955474792521,1.0,0.9428571428571428,4.431587265229968,0.0,9.17287826538086
tensile_MPa,Exp2_BO,2.0,17.0,GP,0.509027275879429,3.554239468160852,2.684975007491736,matern52,False,False,log1p,log,compact,0.9862572366180198,-1.3106827875360223,-4.25510498085113,1.0,0.9571428571428572,2.6788755873466195,0.0,4.128759860992432
tensile_MPa,Exp2_BO,2.0,18.0,GP,0.369995413805807,4.026149135379929,2.7966429180775374,matern52,False,True,std,none,compact,-0.2336963913434533,-0.0588461449668109,-4.286043781645158,1.0,0.9285714285714286,2.680163378946101,0.0,5.910421848297119
tensile_MPa,Exp2_BO,2.0,19.0,GP,0.6873911938860313,2.8360808426959365,2.1931398077252786,rbf,False,False,log1p,none,full_cure6,0.9827353429010512,-0.934154955865818,-3.399431058420583,1.0,0.938095238095238,2.4833436235246924,0.0,1.7534010410308838
tensile_MPa,Exp2_BO,2.0,20.0,GP,0.0607056729713878,4.916078986404526,2.7892507696495072,matern32,True,True,log1p,none,full,-0.998148191388105,-0.6826622792910606,-2.693278635875867,1.0,0.8857142857142857,2.6951803981309754,0.0,75.62764620780945
tensile_MPa,Exp2_BO,2.0,21.0,GP,0.6713479979660053,2.907944700833836,2.277750099342829,rq,True,False,log1p,log,full_cure6,0.8706219969888338,-2.8749710280495693,-4.347903431589902,1.0,0.9476190476190476,2.507304211561846,0.0,4.79981803894043
tensile_MPa,Exp2_BO,2.0,22.0,GP,0.6917288493436151,2.8163358541135723,2.175213317066174,matern52,False,False,log1p,none,full_cure6,0.6550046196080821,-1.464981870002959,-2.234903182846076,1.0,0.938095238095238,2.481263671583285,0.0,1.9175753593444824
tensile_MPa,Exp2_BO,2.0,23.0,GP,0.5530446302709038,3.391174063642895,2.630218250246779,matern32,False,False,log1p,none,compact,0.0063192277614299,-2.990301546067969,-2.4676017035659106,1.0,0.9333333333333332,2.6508430107880785,0.0,3.919447422027588
tensile_MPa,Exp2_BO,2.0,24.0,GP,0.6339784977739632,3.0688191949037527,2.3780280623930583,matern32,False,True,log1p,log,full_agg,0.8059564660520511,-0.2188617283228056,-2.628590891812234,1.0,0.938095238095238,2.587190072473202,0.0,11.204490900039673
tensile_MPa,Exp2_BO,2.0,25.0,GP,0.6505246547011145,2.998653421150244,2.260559105401218,matern32,False,False,std,none,full_cure6,0.9827353429010512,-0.934154955865818,-3.399431058420583,1.0,0.923809523809524,2.512577365896592,0.0,3.0931079387664795
tensile_MPa,Exp2_BO,2.0,26.0,GP,0.6643797013544427,2.9386110824312284,2.3794986967115954,rbf,False,False,log1p,log,full_agg,0.9907609208013016,-2.64321816545645,-5.174481952995433,1.0,0.938095238095238,2.5330448385573807,0.0,3.2275211811065674
tensile_MPa,Exp2_BO,2.0,27.0,GP,0.682220140493226,2.859441307600477,2.224586136129524,matern32,False,False,log1p,log,full_cure6,-0.998726274904086,-2.8319195407421,-4.877651828375248,1.0,0.9571428571428572,2.491921785036519,0.0,4.63976263999939
tensile_MPa,Exp2_BO,2.0,28.0,GP,0.6681028265781512,2.92226622946786,2.262680122289566,rq,True,True,log1p,log,full_cure6,0.8996071462672495,-1.7544905282040324,-2.630676933407461,1.0,0.9333333333333332,2.511019208093723,0.0,13.438462972640991
tensile_MPa,Exp2_BO,2.0,29.0,GP,0.6713951964373845,2.9077358850165647,2.2773280918169005,rq,False,False,log1p,log,full_cure6,-0.6759830512426421,-1.9215642014319,-3.223413368232491,1.0,0.9476190476190476,2.5070386781629543,0.0,4.255602121353149
tensile_MPa,Exp3_robust,,,GP,0.6890583488109705,2.8277744879033846,2.165245560547097,matern32,False,False,log1p,none,full_cure6,0.9827353429010512,-0.934154955865818,-3.399431058420583,3.0,0.9333333333333332,2.480208905375649,0.014215412164416,25.60784935951233
tensile_MPa,Exp3_robust,,,GP,0.6911580806491857,2.818577458001201,2.1496504581490665,matern12,False,False,log1p,none,full_cure6,0.9928482856289712,-2.960172163483848,-2.2687212833782064,3.0,0.9476190476190476,2.475168882956598,0.009959065551003,29.32317066192627
tensile_MPa,Exp3_robust,,,GP,0.6853352886203389,2.8446858993540887,2.183237243768228,matern52,False,False,log1p,none,full_cure6,0.6550046196080821,-1.464981870002959,-2.234903182846076,3.0,0.9314285714285712,2.485606050992808,0.0140535490877502,26.98955273628235
elongation_pct,Exp0_baseline,,,GP_sklearn_default,-6466.22221172553,3939.3981480710727,495.274566460927,,,,,,,,,,,,,,
elongation_pct,Exp0_baseline,,,Ridge,0.4240178457497818,42.92371698982652,32.65483994780175,,,,,,,,,,,,,,
elongation_pct,Exp0_baseline,,,RandomForest,0.4992156047391942,40.02988066617645,28.27272340994621,,,,,,,,,,,,,,
elongation_pct,Exp1_kernel_screen,,,GP,0.590957755415416,36.17965448795789,26.30408855776265,rbf,True,False,log1p,none,full,0.0,-1.0,-4.0,1.0,0.9166666666666666,5.09972297491028,0.0,43.31133937835693
elongation_pct,Exp1_kernel_screen,,,GP,0.4961642932759527,40.15362927126714,29.854177463967307,rbf,False,False,log1p,none,full,0.0,-1.0,-4.0,1.0,0.9351851851851852,5.155050105023206,0.0,1.820155382156372
elongation_pct,Exp1_kernel_screen,,,GP,0.6222722332404368,34.767205862671254,24.92256903976933,matern12,True,False,log1p,none,full,0.0,-1.0,-4.0,1.0,0.925925925925926,5.079734790205295,0.0,48.21038985252381
elongation_pct,Exp1_kernel_screen,,,GP,0.5094501250165788,39.620679394620055,29.13829941543608,matern12,False,False,log1p,none,full,0.0,-1.0,-4.0,1.0,0.9305555555555556,5.163985597740093,0.0,2.110595226287842
elongation_pct,Exp1_kernel_screen,,,GP,0.621144198940904,34.819081005964705,24.94041034420786,matern32,True,False,log1p,none,full,0.0,-1.0,-4.0,1.0,0.925925925925926,5.07488179666532,0.0,44.67351460456848
elongation_pct,Exp1_kernel_screen,,,GP,0.507039514307533,39.71791006359844,29.452628620800336,matern32,False,False,log1p,none,full,0.0,-1.0,-4.0,1.0,0.9305555555555556,5.145640602559085,0.0,1.976780652999878
elongation_pct,Exp1_kernel_screen,,,GP,0.6122485509994247,35.22549043142698,25.41461245811328,matern52,True,False,log1p,none,full,0.0,-1.0,-4.0,1.0,0.925925925925926,5.087984846437131,0.0,43.64702868461609
elongation_pct,Exp1_kernel_screen,,,GP,0.501946680020627,39.922548148260745,29.59853869673948,matern52,False,False,log1p,none,full,0.0,-1.0,-4.0,1.0,0.9305555555555556,5.14930707858714,0.0,1.9234073162078855
elongation_pct,Exp1_kernel_screen,,,GP,0.5002155644928292,39.991868632034894,29.762957093648176,rq,False,False,log1p,none,full,0.0,-1.0,-4.0,1.0,0.925925925925926,5.179941669680006,0.0,3.913195133209229
elongation_pct,Exp2_BO,0.0,0.0,GP,0.5345382214534669,38.594226914823714,28.198238991513723,rq,False,True,std,none,full,-0.9669447289429418,-0.5601892823991825,-2.348977690889113,1.0,0.925925925925926,5.137573741284104,0.0,9.084002494812012
elongation_pct,Exp2_BO,0.0,1.0,GP,0.5418803018071181,38.28862906606124,27.740913932055246,matern32,False,True,log1p,log,full_cure6,0.8701448475755365,-0.5524393376354038,-5.989045999319408,1.0,0.9120370370370372,5.0903496239464445,0.0,5.656500339508057
elongation_pct,Exp2_BO,0.0,2.0,GP,0.5523073189112906,37.85038757783652,27.209557201318425,matern12,False,True,std,log,full_cure6,-0.648688758794882,-0.4104632329503404,-3.834155119003633,1.0,0.9166666666666666,5.093434638962151,0.0,5.00955057144165
elongation_pct,Exp2_BO,0.0,3.0,GP,0.47761370140238,40.88615045092626,28.63354683504888,rbf,True,False,std,none,full,-0.7514334470008721,-0.9881267559191088,-3.411241953703,1.0,0.925925925925926,5.200793779679959,0.0,28.41309189796448
elongation_pct,Exp2_BO,0.0,4.0,GP,0.6007073372778651,35.74588044838716,25.481912881359428,matern12,False,True,std,none,compact,0.9616706775524602,-0.943374046557916,-3.398162894928735,1.0,0.9305555555555556,5.10577808520652,0.0,5.522430896759033
elongation_pct,Exp2_BO,0.0,5.0,GP,0.5281904026150261,38.856503591941895,28.235383625779445,rq,False,True,std,log,full,0.4429766803881634,-1.4239370325728222,-4.759032497764178,1.0,0.925925925925926,5.189422931753556,0.0,11.5055673122406
elongation_pct,Exp2_BO,0.0,6.0,GP,0.5959156441119318,35.95972420021435,25.54745190614492,matern32,True,True,log1p,none,compact,-0.2844096065818595,-1.2854105078107172,-4.712522435696231,1.0,0.9305555555555556,5.153312043820692,0.0,33.15491318702698
elongation_pct,Exp2_BO,0.0,7.0,GP,0.5290393445230626,38.82152998559111,28.29439750417149,matern52,False,True,std,log,full_agg,0.7805487040095846,-2.318527219399861,-3.5072514212558303,1.0,0.9212962962962964,5.177380755561364,0.0,7.23527193069458
elongation_pct,Exp2_BO,0.0,8.0,GP,0.4996124620934364,40.015990951873015,29.817856381943685,matern32,False,False,std,log,full,0.69658241655012,-2.5635793854404048,-4.373958653007493,1.0,0.9305555555555556,5.188924546771602,0.0,3.3115692138671875
elongation_pct,Exp2_BO,0.0,9.0,GP,0.5944736930728282,36.023827134950324,25.61638328073074,rbf,False,True,std,none,compact,0.5286390131190244,-0.0151310719697952,-5.477584046373504,1.0,0.9305555555555556,5.08390164237121,0.0,5.292625427246094
elongation_pct,Exp2_BO,0.0,10.0,GP,0.5804734607735875,36.64038710856752,26.391726589679436,matern12,False,False,std,none,compact,0.9616706775524602,-0.943374046557916,-3.398162894928735,1.0,0.9305555555555556,5.112331540763815,0.0,1.5115814208984375
elongation_pct,Exp2_BO,0.0,11.0,GP,0.5758393193671424,36.84219842723321,26.730219980072803,matern12,False,True,log1p,log,compact,0.5893333477096729,-1.491932767960932,-2.387078012712617,1.0,0.9351851851851852,5.165015096065328,0.0,4.607904434204102
elongation_pct,Exp2_BO,0.0,12.0,GP,0.582384241754935,36.5568504911476,26.42832811951361,rq,True,True,log1p,none,compact,-0.5072652454125286,-2.9628859311150397,-2.568876931855327,1.0,0.9305555555555556,5.131952625201983,0.0,8.941463947296143
elongation_pct,Exp2_BO,0.0,13.0,GP,0.5542284282945902,37.76908972240615,26.39881479367838,matern32,True,False,log1p,log,compact,-0.3657707092210494,-2.8782750475188754,-4.148993362046783,1.0,0.9212962962962964,5.255611881944452,0.0,28.98375630378723
elongation_pct,Exp2_BO,0.0,14.0,GP,0.5074967530119046,39.69948589029776,29.21047855292364,rq,True,False,log1p,log,full_cure6,0.5237591905584424,-0.6830822792095566,-2.0614762777460527,1.0,0.9351851851851852,5.142909644697249,0.0,4.605771780014038
elongation_pct,Exp2_BO,0.0,15.0,GP,0.6007061252614021,35.74593470002608,25.481888839929784,matern12,False,True,std,none,compact,0.2589511079256918,-0.0158293307300123,-4.892189822649238,1.0,0.9305555555555556,5.105784245627797,0.0,4.1724817752838135
elongation_pct,Exp2_BO,0.0,16.0,GP,0.585926434184447,36.40148380319603,26.58919595735938,rq,True,False,log1p,none,compact,-0.8492974094969026,-1.6893219783161433,-5.278304854748834,1.0,0.9351851851851852,5.126770240534636,0.0,3.698735475540161
elongation_pct,Exp2_BO,0.0,17.0,GP,0.5727095180597028,36.97787440671533,26.060817255036387,matern32,True,False,log1p,none,compact,-0.94805272959234,-0.8204488246837771,-5.828643389064086,1.0,0.9305555555555556,5.162952304280088,0.0,26.99886441230774
elongation_pct,Exp2_BO,0.0,18.0,GP,0.5901905001926371,36.21357032950468,25.559442686295323,rq,True,True,std,log,compact,-0.2007779159851395,-2.551461358082093,-5.640721479615291,1.0,0.9212962962962964,5.166103713748572,0.0,8.857809782028198
elongation_pct,Exp2_BO,0.0,19.0,GP,0.5849746013716048,36.44329791665212,26.273671329947145,rq,False,False,std,log,compact,-0.0547213277355653,-0.1849516516762404,-3.520471697239522,1.0,0.9351851851851852,5.170758859213621,0.0,5.534948825836182
elongation_pct,Exp2_BO,0.0,20.0,GP,0.5846141038054538,36.45912209099883,26.31424410188949,rq,False,False,std,none,compact,0.6207088107598921,-0.3521382276282478,-5.961053033212596,1.0,0.9305555555555556,5.121591079794979,0.0,3.5518734455108643
elongation_pct,Exp2_BO,0.0,21.0,GP,0.5996617907886497,35.79265008550213,25.45609997322428,matern32,False,True,std,none,compact,0.3082360406418165,-0.23580916685078,-3.384243685995366,1.0,0.9305555555555556,5.08985746269369,0.0,5.474838018417358
elongation_pct,Exp2_BO,0.0,22.0,GP,0.6203696459882736,34.854655823178014,25.30484138015777,matern12,True,True,std,log,compact,0.7468800492408911,-0.2121855116009099,-2.1035244138824285,1.0,0.9305555555555556,5.17737421237348,0.0,59.2361466884613
elongation_pct,Exp2_BO,0.0,23.0,GP,0.597894747849516,35.8715552592978,25.4451218018312,rq,True,True,std,none,compact,-0.6464658827019039,-0.036978402693597,-5.608975781337137,1.0,0.9305555555555556,5.11712842406586,0.0,10.442156791687012
elongation_pct,Exp2_BO,0.0,24.0,GP,0.6542027855377106,33.26527200089356,23.88000016686203,matern12,True,True,std,none,compact,-0.2899323204988355,-2.9695539734022574,-2.706758439569493,1.0,0.9398148148148148,5.063084030605938,0.0,55.45426917076111
elongation_pct,Exp2_BO,0.0,25.0,GP,0.612347395931273,35.22100033456751,25.22580703556564,matern12,True,True,log1p,none,compact,0.0110304178847009,-1.2513864549844531,-5.151108428068349,1.0,0.9351851851851852,5.1147219444473375,0.0,46.644280195236206
elongation_pct,Exp2_BO,0.0,26.0,GP,0.5920630588144074,36.13073955702348,25.94248145440354,matern12,True,False,std,none,compact,-0.2899323204988355,-2.9695539734022574,-2.706758439569493,1.0,0.9305555555555556,5.119535627123126,0.0,54.19003129005432
elongation_pct,Exp2_BO,0.0,27.0,GP,0.6389253716261492,33.9921645245,24.24454951615339,matern12,True,True,std,none,compact,-1.0,-2.9695539734022574,-2.706758439569493,1.0,0.9351851851851852,5.079739994349041,0.0,70.7624044418335
elongation_pct,Exp2_BO,0.0,28.0,GP,0.6542027855377106,33.26527200089356,23.88000016686203,matern12,True,True,std,none,compact,-0.2899323204988355,-3.0,-2.706758439569493,1.0,0.9398148148148148,5.063084030605938,0.0,62.70529890060425
elongation_pct,Exp2_BO,0.0,29.0,GP,0.6217458475273065,34.79142249517195,25.07139970629818,matern12,True,True,std,none,compact,0.8841840381118518,-2.9695539734022574,-2.706758439569493,1.0,0.9305555555555556,5.098096172098689,0.0,58.71273446083069
elongation_pct,Exp2_BO,1.0,0.0,GP,0.50446855668144,39.82134662103234,29.146880302729546,matern32,False,True,log1p,none,full,0.8972988942744877,-2.064505643968544,-4.306694204109697,1.0,0.9305555555555556,5.167249402442045,0.0,6.112568616867065
elongation_pct,Exp2_BO,1.0,1.0,GP,0.5196097195731946,39.2082482768573,28.499952263339505,matern12,False,False,std,log,full_cure6,-0.9448817735138632,-0.7394606739755805,-3.847426747122887,1.0,0.925925925925926,5.123414970554728,0.0,2.705560207366944
elongation_pct,Exp2_BO,1.0,2.0,GP,0.5141950703459582,39.428594153545625,29.326964263600004,rq,True,False,log1p,none,full_agg,-0.0930042210386969,-2.5978749082585058,-4.387548054211483,1.0,0.925925925925926,5.161164562647632,0.0,5.722874879837036
elongation_pct,Exp2_BO,1.0,3.0,GP,0.5978937265811208,35.87160081262273,25.44514547394097,rq,True,True,std,none,compact,-0.4391824840279201,-1.544427076705095,-2.077051200795045,1.0,0.9305555555555556,5.117135806640887,0.0,10.715182065963743
elongation_pct,Exp2_BO,1.0,4.0,GP,0.4948315807875897,40.20670004590848,29.65007790287425,matern52,False,False,log1p,none,full_cure6,-0.4462175919092583,-2.51804397367462,-2.1202983471354697,1.0,0.9444444444444444,5.119384497805912,0.0,2.1774473190307617
elongation_pct,Exp2_BO,1.0,5.0,GP,0.502791816133416,39.88866190443457,29.31897967916734,matern32,False,False,std,none,full_cure6,0.553366228684596,-1.1609900968408786,-2.3308091808363893,1.0,0.9351851851851852,5.124406201908443,0.0,2.197206735610962
elongation_pct,Exp2_BO,1.0,6.0,GP,0.5786204108612434,36.72121829585084,26.951939649862556,matern32,True,True,log1p,log,full_agg,-0.8753008417002488,-1.0760154925818752,-2.589468646077373,1.0,0.9212962962962964,5.231838094670274,0.0,80.21370816230774
elongation_pct,Exp2_BO,1.0,7.0,GP,0.6007068365342736,35.74590286241654,25.48191044287823,matern12,False,True,std,none,compact,0.0189917630430187,-1.4673333466004008,-2.9878791691912885,1.0,0.9305555555555556,5.105781669217619,0.0,7.575194835662842
elongation_pct,Exp2_BO,1.0,8.0,GP,0.6091139261118104,35.367587176088314,25.26682894238888,rbf,True,True,log1p,none,compact,0.0609318149112649,-1.718721967897031,-5.9800843298854565,1.0,0.9166666666666666,5.109043083693455,0.0,27.52322506904602
elongation_pct,Exp2_BO,1.0,9.0,GP,0.6021609612140493,35.68075472782309,25.302297026134813,matern32,True,True,log1p,log,compact,-0.2997777604117237,-2.8582159921246646,-5.958443009652724,1.0,0.9166666666666666,5.233029061078335,0.0,48.51093220710754
elongation_pct,Exp2_BO,1.0,10.0,GP,0.4996124698826573,40.01599064042102,29.817856101010943,matern32,False,False,std,log,full,-0.3885372544529379,-0.8252954246712778,-3.957874428103576,1.0,0.9305555555555556,5.188924601072445,0.0,1.9583334922790527
elongation_pct,Exp2_BO,1.0,11.0,GP,0.5872361605568635,36.34386874740312,25.718930434365667,matern52,False,True,std,log,compact,0.9801652075514228,-0.4755987073077072,-2.7579620726169582,1.0,0.925925925925926,5.143126941530887,0.0,6.971102237701416
elongation_pct,Exp2_BO,1.0,12.0,GP,0.6018523822765784,35.69458971399835,25.937315728437465,matern52,True,False,log1p,log,compact,-0.6672086277218565,-0.4153831803320429,-4.367870695346651,1.0,0.9166666666666666,5.175600468214561,0.0,49.55756425857544
elongation_pct,Exp2_BO,1.0,13.0,GP,0.6081619224209656,35.41062989342029,24.931505111550763,matern12,True,False,log1p,log,compact,0.9122573148778924,-1.010137354733832,-4.516970940722348,1.0,0.9305555555555556,5.233104751408143,0.0,40.41288590431213
elongation_pct,Exp2_BO,1.0,14.0,GP,0.5846138259245435,36.459134286035344,26.31424884698822,rq,False,False,std,none,compact,-0.8654345396086123,-2.910612083785482,-5.850912850178352,1.0,0.9305555555555556,5.121589507932771,0.0,4.68279767036438
elongation_pct,Exp2_BO,1.0,15.0,GP,0.5565385187392584,37.67109856499189,27.080130738666423,rq,True,True,std,log,full_cure6,0.9038838796311792,-0.756187321914195,-5.937323963522911,1.0,0.9212962962962964,5.083522312474894,0.0,11.237358331680298
elongation_pct,Exp2_BO,1.0,16.0,GP,0.5642726405824756,37.34115515158888,27.82910518064086,matern32,False,False,log1p,none,compact,-0.8239124969222,-1.2781138002604375,-5.697632666552333,1.0,0.9351851851851852,5.105287061098274,0.0,2.3945560455322266
elongation_pct,Exp2_BO,1.0,17.0,GP,0.6452844577028656,33.6915074280314,24.12341935436066,matern12,True,True,std,log,compact,-0.4866064781698362,-0.0068929362163268,-3.532001461486766,1.0,0.9305555555555556,5.137185889967249,0.0,59.22685623168945
elongation_pct,Exp2_BO,1.0,18.0,GP,0.5154728531485806,39.37670670991103,28.8268470722555,matern12,False,False,std,none,full_agg,-0.3507490140641025,-2.7980306626471454,-5.849637641862695,1.0,0.925925925925926,5.161114361503509,0.0,3.074199676513672
elongation_pct,Exp2_BO,1.0,19.0,GP,0.6224126139239287,34.760744731000734,24.3386774393696,matern12,True,True,log1p,log,compact,-0.4866064781698362,-0.0068929362163268,-3.532001461486766,1.0,0.925925925925926,5.180422684898803,0.0,55.79420709609985
elongation_pct,Exp2_BO,1.0,20.0,GP,0.5919472657264708,36.135867056689406,25.88216177467889,matern12,True,False,std,none,compact,-0.4168012502651275,-0.3566669486487139,-2.4761148013488232,1.0,0.9351851851851852,5.11364197704297,0.0,34.13754391670227
elongation_pct,Exp2_BO,1.0,21.0,GP,0.5823365372233464,36.55893838844906,26.858288675049803,rq,True,False,log1p,log,compact,0.9855324064599892,-0.7205169378937932,-3.0119517383627064,1.0,0.9398148148148148,5.174875540607986,0.0,4.314387559890747
elongation_pct,Exp2_BO,1.0,22.0,GP,0.5823840502914505,36.55685887122072,26.42829968764352,rq,False,True,log1p,none,compact,-0.1848536074868216,-2.9304543502583225,-5.741116460709367,1.0,0.9305555555555556,5.131941069613714,0.0,11.124605417251589
elongation_pct,Exp2_BO,1.0,23.0,GP,0.6176595764999395,34.97884315354267,25.403935507874568,matern52,True,True,std,log,compact,0.8196748156561957,-0.4640061908613839,-2.6908658581265823,1.0,0.925925925925926,5.1749885610993545,0.0,65.96876668930054
elongation_pct,Exp2_BO,1.0,24.0,GP,0.649695233981965,33.481380516443934,24.024068486065925,matern12,True,True,std,log,compact,-0.4866064781698362,-0.0068929362163268,-4.660602622246218,1.0,0.9305555555555556,5.124944679154878,0.0,68.26061058044434
elongation_pct,Exp2_BO,1.0,25.0,GP,0.6258466245168219,34.60231596141521,25.204230759100483,matern12,True,True,std,none,compact,0.9948963290614146,-1.3760400414452565,-5.82340751953557,1.0,0.9305555555555556,5.0878524800607545,0.0,69.48498678207397
elongation_pct,Exp2_BO,1.0,26.0,GP,0.6299250552972218,34.41320923975009,24.608296406487035,rbf,True,True,std,log,compact,-0.4866064781698362,-0.0068929362163268,-4.660602622246218,1.0,0.9212962962962964,5.1664406508952245,0.0,29.497380256652832
elongation_pct,Exp2_BO,1.0,27.0,GP,0.5866949184044846,36.3676891353348,25.519308643522503,matern12,True,False,std,log,compact,-0.4663445006471365,-1.1296901468849168,-5.439034619174159,1.0,0.9351851851851852,5.219409214875193,0.0,53.10531044006348
elongation_pct,Exp2_BO,1.0,28.0,GP,0.6376650961821482,34.05143506140183,24.303899319736367,matern12,True,True,std,log,compact,-1.0,-0.0068929362163268,-4.660602622246218,1.0,0.9305555555555556,5.129667378578956,0.0,46.53006362915039
elongation_pct,Exp2_BO,1.0,29.0,GP,0.5804734496368047,36.64038759489675,26.3917260032295,matern12,False,False,std,none,compact,0.988033582592874,-0.8703455916864606,-5.410240444977115,1.0,0.9305555555555556,5.112331131987589,0.0,2.308413505554199
elongation_pct,Exp2_BO,2.0,0.0,GP,0.5846139561413508,36.459128571362186,26.314250415917936,rq,True,False,std,none,compact,-0.8161681157298062,-1.199698422103038,-3.085757892752821,1.0,0.9305555555555556,5.121590597322497,0.0,6.008929967880249
elongation_pct,Exp2_BO,2.0,1.0,GP,0.5281304757698007,38.8589711908995,28.29559458028861,rq,True,True,std,log,full_agg,0.3148660297511851,-1.313203011658716,-5.399750946778656,1.0,0.9212962962962964,5.184248084257706,0.0,24.76400327682495
elongation_pct,Exp2_BO,2.0,2.0,GP,0.6087643270805634,35.38339959773004,26.029977326697217,matern52,True,True,log1p,log,full_agg,0.2663687985482328,-0.0976921425189702,-3.267740710761499,1.0,0.9212962962962964,5.214879030560642,0.0,117.77420496940611
elongation_pct,Exp2_BO,2.0,3.0,GP,0.5945570835755091,36.0201230602057,25.792294035791542,matern12,True,False,std,none,full_agg,0.0221319471391541,-0.3263717714982626,-2.897744230109242,1.0,0.9212962962962964,5.1293996583716215,0.0,92.5581591129303
elongation_pct,Exp2_BO,2.0,4.0,GP,0.5012466128418105,39.95059600005678,29.15784918461048,rq,True,True,log1p,none,full_agg,0.3875176844044601,-2.678378074639236,-5.581825766268234,1.0,0.925925925925926,5.200511378476962,0.0,9.774218320846558
elongation_pct,Exp2_BO,2.0,5.0,GP,0.507496705343861,39.69948781150009,29.21047333298612,rq,True,False,log1p,log,full_cure6,0.6984726472288691,-1.0666911923834477,-4.373830409297854,1.0,0.9351851851851852,5.142910668221025,0.0,3.6875054836273193
elongation_pct,Exp2_BO,2.0,6.0,GP,0.5851353691874706,36.436238737951605,26.437372343121776,matern32,False,True,log1p,none,compact,-0.12362766768175,-0.3232796701000713,-3.545132246389651,1.0,0.9351851851851852,5.095414813735134,0.0,7.827133655548096
elongation_pct,Exp2_BO,2.0,7.0,GP,0.4920844003104293,40.315876804017385,29.649726814995347,rbf,False,False,std,none,full_cure6,-0.3219492507013799,-1.4315144882287083,-5.135106435923943,1.0,0.9351851851851852,5.138375558291818,0.0,1.862170934677124
elongation_pct,Exp2_BO,2.0,8.0,GP,0.5984011381924609,35.84896076234416,25.498574652452405,matern52,False,True,std,none,compact,0.9949751384265748,-0.7345955528160788,-4.329358811579931,1.0,0.9305555555555556,5.086606537820568,0.0,8.921797037124634
elongation_pct,Exp2_BO,2.0,9.0,GP,0.5676914104861204,37.19437504651475,27.395251573812715,matern52,True,True,log1p,none,full,0.3433147062167734,-0.1765228220931489,-2.0841713584387933,1.0,0.9166666666666666,5.16908588484275,0.0,65.55995512008667
elongation_pct,Exp2_BO,2.0,10.0,GP,0.484619434971334,40.61106252615206,29.46097236796793,matern12,False,True,log1p,log,full_agg,-0.3598575293763872,-0.0807710064531859,-5.263148312126949,1.0,0.9166666666666666,5.2354318396724855,0.0,4.665544748306274
elongation_pct,Exp2_BO,2.0,11.0,GP,0.4878079725008538,40.485242104736365,29.12681266440225,rbf,True,True,std,log,full_agg,0.2830027788126881,-1.8249215087576929,-2.023391030051814,1.0,0.8981481481481481,5.315809283064664,0.0,61.77315020561218
elongation_pct,Exp2_BO,2.0,12.0,GP,0.5620706835517872,37.43538839092675,26.504985845212644,matern52,True,True,std,log,full_agg,0.8779357754379689,-1.543920824311528,-5.979197169274361,1.0,0.9120370370370372,5.283044733294087,0.0,81.89673113822937
elongation_pct,Exp2_BO,2.0,13.0,GP,0.5290382698417159,38.82157427883497,28.29444661075352,matern52,False,True,std,log,full_agg,0.4043190282066067,-2.276996493547977,-2.0177832363708137,1.0,0.9212962962962964,5.177371420127616,0.0,8.029341220855713
elongation_pct,Exp2_BO,2.0,14.0,GP,0.5846095430268485,36.45932224407227,26.482117001678997,matern52,False,True,log1p,none,compact,0.5725167611158606,-2.949603134950183,-5.746514670739116,1.0,0.9351851851851852,5.089984325826968,0.0,5.604543685913086
elongation_pct,Exp2_BO,2.0,15.0,GP,0.5165960817212994,39.33103877880785,28.2166154517125,matern52,True,True,log1p,none,full,-0.8030009224428374,-2.17920135028536,-4.0775670575148,1.0,0.9212962962962964,5.249308652785328,0.0,74.78695368766785
elongation_pct,Exp2_BO,2.0,16.0,GP,0.4862590434966036,40.54641196316243,29.442029989947,matern32,False,True,log1p,log,full_agg,0.971834033176989,-0.5849960444612234,-2.031323374180882,1.0,0.9166666666666666,5.224161035526027,0.0,12.454294681549072
elongation_pct,Exp2_BO,2.0,17.0,GP,0.5041187296520724,39.83540034641026,29.460026742267637,rq,False,False,std,log,full,-0.5998116262209656,-2.737738556569257,-3.590065561267977,1.0,0.9305555555555556,5.207080945145877,0.0,8.214898586273193
elongation_pct,Exp2_BO,2.0,18.0,GP,0.597895503961809,35.87152153313219,25.44507600943344,rq,False,True,std,none,compact,0.8708043407214117,-1.2341561263627123,-4.309402885269861,1.0,0.9305555555555556,5.117126256078398,0.0,13.04884958267212
elongation_pct,Exp2_BO,2.0,19.0,GP,0.6207997001111347,34.834908145249166,25.61257657494863,matern52,True,True,log1p,none,full_agg,0.2663687985482328,-0.0976921425189702,-3.267740710761499,1.0,0.9305555555555556,5.1048490974869845,0.0,82.21390867233276
elongation_pct,Exp2_BO,2.0,20.0,GP,0.6365437068683684,34.1040872017661,24.48941919064302,matern52,True,True,std,log,compact,-0.8479961952814188,-2.946142538678156,-2.2399855932984747,1.0,0.925925925925926,5.144439584837127,0.0,48.04951524734497
elongation_pct,Exp2_BO,2.0,21.0,GP,0.6008204065349482,35.74081894000722,25.982351873247698,matern52,True,False,log1p,log,compact,-0.6595254796271397,-1.7905905069423853,-2.460693103628782,1.0,0.9166666666666666,5.160109824098937,0.0,33.891749143600464
elongation_pct,Exp2_BO,2.0,22.0,GP,0.6260835053918672,34.591360661828695,24.489661786985582,matern52,True,True,log1p,log,compact,-0.9720407362940742,-1.370895584416934,-2.1543344146857804,1.0,0.9166666666666666,5.160931001916987,0.0,44.00439834594727
elongation_pct,Exp2_BO,2.0,23.0,GP,0.5908576502876033,36.18408135024709,25.813317029911232,rbf,True,True,log1p,log,compact,-0.20599559132464,-2.9671983778602016,-4.686581601280173,1.0,0.9166666666666666,5.189281884283361,0.0,29.146425247192383
elongation_pct,Exp2_BO,2.0,24.0,GP,0.6286510756306076,34.47239193109058,24.50137912129608,matern52,True,True,std,none,compact,-0.8479961952814188,-2.946142538678156,-2.2399855932984747,1.0,0.9305555555555556,5.084864525365898,0.0,39.61958241462708
elongation_pct,Exp2_BO,2.0,25.0,GP,0.5901838727040813,36.21386315342982,25.559523447143377,rq,True,True,std,log,compact,-0.8479961952814188,-2.946142538678156,-2.2399855932984747,1.0,0.9212962962962964,5.166100251181625,0.0,7.656474828720093
elongation_pct,Exp2_BO,2.0,26.0,GP,0.5015470240848952,39.93856258206434,28.126702877847148,matern52,True,False,log1p,none,full_agg,-0.8188576570975119,-0.1014057726071309,-4.982847768776292,1.0,0.9120370370370372,5.188058496479249,0.0,109.8033573627472
elongation_pct,Exp2_BO,2.0,27.0,GP,0.6439975405539554,33.752568924561835,24.15265510442241,matern12,True,True,std,log,compact,-0.9543172579398838,-2.576810162393311,-2.044752570795492,1.0,0.9305555555555556,5.137603539595432,0.0,82.46688222885132
elongation_pct,Exp2_BO,2.0,28.0,GP,0.6441406686524949,33.74578325982657,24.19537100828701,matern12,True,True,std,log,compact,-0.6365565689045289,-0.2787074668694975,-5.833101954607596,1.0,0.9305555555555556,5.127546333990189,0.0,68.62891745567322
elongation_pct,Exp2_BO,2.0,29.0,GP,0.595780047326391,35.96575711630196,25.6020857494996,matern12,False,True,std,log,compact,0.621627648894747,-1.2823286446532227,-4.171172722286779,1.0,0.9305555555555556,5.1506420685584695,0.0,10.091881036758425
elongation_pct,Exp3_robust,,,GP,0.6273137918759717,34.5180853688511,24.36328478789752,matern12,True,True,std,none,compact,-0.2899323204988355,-2.9695539734022574,-2.706758439569493,3.0,0.9342592592592592,5.042180683852736,0.0231863743738965,507.5809967517853
elongation_pct,Exp3_robust,,,GP,0.6301492788852464,34.398388901839965,24.21495987044464,matern12,True,True,std,log,compact,-0.4866064781698362,-0.0068929362163268,-4.660602622246218,3.0,0.9305555555555556,5.116162232536478,0.0119326669630735,416.1802461147308
elongation_pct,Exp3_robust,,,GP,0.625293751198344,34.62612457397334,24.62153935703227,matern52,True,True,std,log,compact,-0.8479961952814188,-2.946142538678156,-2.2399855932984747,3.0,0.9314814814814816,5.119817949734265,0.0075175721407013,316.02465534210205
m100_MPa,Exp0_baseline,,,GP_sklearn_default,-1198.9414088631704,129.91103411870557,22.381386061061185,,,,,,,,,,,,,,
m100_MPa,Exp0_baseline,,,Ridge,0.4582738773914124,2.7749538142350225,2.048836191610388,,,,,,,,,,,,,,
m100_MPa,Exp0_baseline,,,RandomForest,0.6038076316815797,2.372642512081038,1.5430136723512582,,,,,,,,,,,,,,
m100_MPa,Exp1_kernel_screen,,,GP,0.5148936919302318,2.6260290395250885,1.7317146393056293,rbf,True,False,log1p,none,full,0.0,-1.0,-4.0,1.0,0.924170616113744,2.36934891117934,0.0,40.90420961380005
m100_MPa,Exp1_kernel_screen,,,GP,0.6018750945539115,2.378979702384486,1.553319755279689,rbf,False,False,log1p,none,full,0.0,-1.0,-4.0,1.0,0.9383886255924172,2.304094699180004,0.0,1.6673455238342283
m100_MPa,Exp1_kernel_screen,,,GP,0.5409709814068759,2.5544719256519777,1.6931045897232533,matern12,True,False,log1p,none,full,0.0,-1.0,-4.0,1.0,0.924170616113744,2.344309859669787,0.0,40.33097863197327
m100_MPa,Exp1_kernel_screen,,,GP,0.6179446061595932,2.3304738335687483,1.542510562301482,matern12,False,False,log1p,none,full,0.0,-1.0,-4.0,1.0,0.943127962085308,2.274698582343528,0.0,1.9353899955749512
m100_MPa,Exp1_kernel_screen,,,GP,0.5454594714052398,2.541952141814993,1.6749988271849496,matern32,True,False,log1p,none,full,0.0,-1.0,-4.0,1.0,0.919431279620853,2.338979878863382,0.0,47.03515791893005
m100_MPa,Exp1_kernel_screen,,,GP,0.616799289525748,2.3339643392885927,1.5223753674107685,matern32,False,False,log1p,none,full,0.0,-1.0,-4.0,1.0,0.9383886255924172,2.283840076530284,0.0,1.796703577041626
m100_MPa,Exp1_kernel_screen,,,GP,0.5337155126590353,2.574580923538619,1.69338880017555,matern52,True,False,log1p,none,full,0.0,-1.0,-4.0,1.0,0.924170616113744,2.354201924308104,0.0,50.3531379699707
m100_MPa,Exp1_kernel_screen,,,GP,0.611833399353062,2.349038557945046,1.5287262998199636,matern52,False,False,log1p,none,full,0.0,-1.0,-4.0,1.0,0.933649289099526,2.2907645713084093,0.0,1.6659376621246338
m100_MPa,Exp1_kernel_screen,,,GP,0.6112781891076224,2.35071791964091,1.529050506537331,rq,False,False,log1p,none,full,0.0,-1.0,-4.0,1.0,0.933649289099526,2.289147838460833,0.0,3.45375394821167
m100_MPa,Exp2_BO,0.0,0.0,GP,0.6934787227333654,2.08742738481122,1.4560173281404474,rq,False,True,std,none,full,-0.9669447289429418,-0.5601892823991825,-2.348977690889113,1.0,0.9383886255924172,2.164513285676368,0.0,7.748080253601074
m100_MPa,Exp2_BO,0.0,1.0,GP,0.6762574449949418,2.145265054309051,1.3827640077335406,matern32,False,True,log1p,log,full_cure6,0.8701448475755365,-0.5524393376354038,-5.989045999319408,1.0,0.933649289099526,2.1511327861842577,0.0,6.102428913116455
m100_MPa,Exp2_BO,0.0,2.0,GP,0.603613886502845,2.37377897626242,1.4294076093903707,matern12,False,True,std,log,full_cure6,-0.648688758794882,-0.4104632329503404,-3.834155119003633,1.0,0.933649289099526,2.0685113763989262,0.0,5.5394463539123535
m100_MPa,Exp2_BO,0.0,3.0,GP,0.579428703147667,2.4451239420250115,1.6251600224563936,rbf,True,False,std,none,full,-0.7514334470008721,-0.9881267559191088,-3.411241953703,1.0,0.9289099526066352,2.261489126851713,0.0,27.73420143127441
m100_MPa,Exp2_BO,0.0,4.0,GP,0.6585089360617435,2.2032852912060474,1.5382308661399045,matern12,False,True,std,none,compact,0.9616706775524602,-0.943374046557916,-3.398162894928735,1.0,0.9289099526066352,2.2222147437315174,0.0,5.104648113250732
m100_MPa,Exp2_BO,0.0,5.0,GP,0.6354868786188359,2.2763427075577343,1.4950167826406664,rq,False,True,std,log,full,0.4429766803881634,-1.4239370325728222,-4.759032497764178,1.0,0.919431279620853,2.108595456585431,0.0,7.9988298416137695
m100_MPa,Exp2_BO,0.0,6.0,GP,0.620208334364456,2.323559394896844,1.6056394448499045,matern32,True,True,log1p,none,compact,-0.2844096065818595,-1.2854105078107172,-4.712522435696231,1.0,0.919431279620853,2.277962444589362,0.0,35.33597445487976
m100_MPa,Exp2_BO,0.0,7.0,GP,0.6216546113768128,2.3191310250518837,1.4620201701573832,matern52,False,True,std,log,full_agg,0.7805487040095846,-2.318527219399861,-3.5072514212558303,1.0,0.914691943127962,2.088620898038598,0.0,4.738148212432861
m100_MPa,Exp2_BO,0.0,8.0,GP,0.7286320208335783,1.9640853832355325,1.3725248753531003,matern12,False,True,std,none,full_cure6,0.9219744817257234,-2.7118094481033856,-5.709593265912936,1.0,0.95260663507109,2.109650033979653,0.0,6.339093208312988
m100_MPa,Exp2_BO,0.0,9.0,GP,0.7258909584917905,1.9739799804444624,1.390626851395684,rq,False,True,std,none,full_cure6,0.1975794839644973,-2.2972508845578057,-5.902408423815511,1.0,0.943127962085308,2.1052073930378103,0.0,9.062526941299438
m100_MPa,Exp2_BO,0.0,10.0,GP,0.7258898500051776,1.9739839717906769,1.3906529229920983,rbf,False,True,std,none,full_cure6,0.9219744817257234,-2.7118094481033856,-5.709593265912936,1.0,0.943127962085308,2.1052078576889834,0.0,4.769228935241699
m100_MPa,Exp2_BO,0.0,11.0,GP,0.7032119075702636,2.0540182574511854,1.4814341075575348,matern12,True,True,std,none,full_cure6,0.9219744817257234,-2.7118094481033856,-5.709593265912936,1.0,0.924170616113744,2.196486638496042,0.0,67.88355207443237
m100_MPa,Exp2_BO,0.0,12.0,GP,0.7273657383135432,1.968662548855305,1.3703121116016008,matern32,False,True,std,none,full_cure6,0.9219744817257234,-2.7118094481033856,-5.709593265912936,1.0,0.9478672985781992,2.1073568666988214,0.0,5.197118759155273
m100_MPa,Exp2_BO,0.0,13.0,GP,0.6617022438809408,2.1929595546878518,1.4456982889896253,matern12,False,True,log1p,none,full_cure6,0.9219744817257234,-2.7118094481033856,-5.709593265912936,1.0,0.9478672985781992,2.2161123063899675,0.0,4.671668529510498
m100_MPa,Exp2_BO,0.0,14.0,GP,0.6000308335572864,2.384483490354248,1.569233666909832,matern32,False,True,log1p,log,compact,0.0234693852523459,-2.893592028450661,-4.294738145959652,1.0,0.9383886255924172,2.166746349993368,0.0,4.890555143356323
m100_MPa,Exp2_BO,0.0,15.0,GP,0.6583227860135268,2.2038857253442887,1.4102577215513574,rbf,False,False,log1p,log,full_cure6,0.254829063782122,-1.61892825394494,-3.281860111699115,1.0,0.943127962085308,2.1951299561747444,0.0,1.3623595237731934
m100_MPa,Exp2_BO,0.0,16.0,GP,0.6020910795415619,2.3783343099440675,1.6189341850010126,matern12,True,False,std,log,compact,-0.7886679814805388,-2.488985000352425,-5.109220148622682,1.0,0.924170616113744,2.260067791900396,0.0,46.07963752746582
m100_MPa,Exp2_BO,0.0,17.0,GP,0.5865951416249029,2.424202258214663,1.624471101659243,rq,True,False,log1p,none,compact,0.1826180893734101,-2.9854823211553865,-5.464558325475711,1.0,0.914691943127962,2.3129177250878112,0.0,4.340795516967773
m100_MPa,Exp2_BO,0.0,18.0,GP,0.4427374931856521,2.8145630085416404,1.71801466055512,matern12,True,True,log1p,log,full,-0.97246789720044,-1.0907112537169648,-2.076391618563224,1.0,0.8957345971563981,2.2369390692690283,0.0,68.65578055381775
m100_MPa,Exp2_BO,0.0,19.0,GP,0.6876789415457403,2.107083262206403,1.45466275049102,matern52,False,True,std,none,full_agg,0.7939375475534636,-1.284029896801803,-5.761373304058036,1.0,0.9478672985781992,2.168348260812932,0.0,5.420751571655273
m100_MPa,Exp2_BO,0.0,20.0,GP,0.6872519484830019,2.10852313090762,1.48562462747647,matern12,True,True,std,none,full_agg,0.3573091798332088,-2.1756159805049924,-2.031899007888132,1.0,0.924170616113744,2.214492691130654,0.0,76.57131600379944
m100_MPa,Exp2_BO,0.0,21.0,GP,0.6969136124240272,2.075698536377665,1.4636138917624348,matern12,False,True,std,none,full,-0.7997917248364812,-2.9730872752744366,-3.331100768824005,1.0,0.943127962085308,2.165989585088952,0.0,7.037058353424072
m100_MPa,Exp2_BO,0.0,22.0,GP,0.7177871241091691,2.0029470830307634,1.3751033009940632,matern12,False,False,std,none,full_cure6,0.9219744817257234,-2.7118094481033856,-5.709593265912936,1.0,0.957345971563981,2.1206761250077872,0.0,3.2640788555145264
m100_MPa,Exp2_BO,0.0,23.0,GP,0.6178747777104485,2.330686794753382,1.510504299207493,matern12,False,False,log1p,none,compact,0.8403125008908336,-2.3763423086753206,-3.4485600753620624,1.0,0.933649289099526,2.269218737433503,0.0,1.974127054214477
m100_MPa,Exp2_BO,0.0,24.0,GP,0.6517367857393912,2.2250248480584243,1.538956078810645,matern12,True,True,std,none,compact,-0.2899323204988355,-2.9695539734022574,-2.706758439569493,1.0,0.9289099526066352,2.2348169159266407,0.0,58.9977912902832
m100_MPa,Exp2_BO,0.0,25.0,GP,0.5566192401517198,2.5105535253007,1.647979650074368,matern12,True,True,log1p,none,full_cure6,0.9540079234691,-1.2606291347893168,-2.414697707325047,1.0,0.914691943127962,2.2797463129057927,0.0,79.56422638893127
m100_MPa,Exp2_BO,0.0,26.0,GP,0.714038805771396,2.016204661030429,1.442283102639472,matern52,True,True,std,none,full_cure6,0.5805211150577687,-2.9533738854687988,-4.324999939868944,1.0,0.924170616113744,2.159910411759045,0.0,76.87929797172546
m100_MPa,Exp2_BO,0.0,27.0,GP,0.657433666703569,2.206751360155824,1.4878603537689907,matern52,True,True,std,log,full_cure6,0.3401196253422791,-0.9261470959112632,-2.0005701709428827,1.0,0.909952606635071,2.210505667102279,0.0,73.61537289619446
m100_MPa,Exp2_BO,0.0,28.0,GP,0.6137758246457268,2.3431537723310565,1.5261902869884074,matern12,False,False,std,log,compact,0.982066812445486,-1.4813309022772363,-5.542716024671027,1.0,0.9289099526066352,2.1771667055339576,0.0,1.3471746444702148
m100_MPa,Exp2_BO,0.0,29.0,GP,0.5940964153050153,2.40210787349733,1.5737028123262755,matern52,False,True,log1p,none,full,0.0696306348784789,-2.5562533778089933,-3.497879419097248,1.0,0.933649289099526,2.2985262077359616,0.0,6.586474180221558
m100_MPa,Exp2_BO,1.0,0.0,GP,0.598842452184609,2.3880232307644715,1.56859621693187,matern32,False,True,log1p,none,full,0.8972988942744877,-2.064505643968544,-4.306694204109697,1.0,0.9383886255924172,2.2942832326693616,0.0,6.356554985046387
m100_MPa,Exp2_BO,1.0,1.0,GP,0.7118657661421555,2.023850804552499,1.3528545625934616,matern12,False,False,std,log,full_cure6,-0.9448817735138632,-0.7394606739755805,-3.847426747122887,1.0,0.943127962085308,2.0508350743627246,0.0,2.3080594539642334
m100_MPa,Exp2_BO,1.0,2.0,GP,0.6400902044245937,2.261923417406903,1.5055372363552524,rq,True,False,log1p,none,full_agg,-0.0930042210386969,-2.5978749082585058,-4.387548054211483,1.0,0.933649289099526,2.260063153728024,0.0,5.187623262405396
m100_MPa,Exp2_BO,1.0,3.0,GP,0.633062418693092,2.2839003987250543,1.6093594428469182,rq,True,True,std,none,compact,-0.4391824840279201,-1.544427076705095,-2.077051200795045,1.0,0.9289099526066352,2.2636690164420847,0.0,8.300888299942017
m100_MPa,Exp2_BO,1.0,4.0,GP,0.6425690521232541,2.2541205575136694,1.4608393829247155,matern52,False,False,log1p,none,full_cure6,-0.4462175919092583,-2.51804397367462,-2.1202983471354697,1.0,0.9478672985781992,2.244173603052493,0.0,3.245246648788452
m100_MPa,Exp2_BO,1.0,5.0,GP,0.6841872737723715,2.1188288452870427,1.4314843563134585,matern32,False,False,std,none,full_cure6,0.553366228684596,-1.1609900968408786,-2.3308091808363893,1.0,0.95260663507109,2.135390523745297,0.0,1.7168607711791992
m100_MPa,Exp2_BO,1.0,6.0,GP,0.635205880746391,2.277219938299269,1.5216215282243477,matern32,True,True,log1p,log,full_agg,-0.8753008417002488,-1.0760154925818752,-2.589468646077373,1.0,0.924170616113744,2.127508234292487,0.0,74.37607765197754
m100_MPa,Exp2_BO,1.0,7.0,GP,0.6585110278215704,2.2032785432246165,1.5382280888011763,matern12,False,True,std,none,compact,0.0189917630430187,-1.4673333466004008,-2.9878791691912885,1.0,0.9289099526066352,2.2222112395327978,0.0,6.281623840332031
m100_MPa,Exp2_BO,1.0,8.0,GP,0.6557514267204394,2.2121630697838746,1.4711453885771242,matern12,True,True,std,log,full_cure6,-0.8750679491896989,-2.5183651119481185,-4.991822715610196,1.0,0.919431279620853,2.206232068797585,0.0,73.7803566455841
m100_MPa,Exp2_BO,1.0,9.0,GP,0.6830693951340479,2.1225755296170155,1.46439307867527,matern12,False,False,std,none,full,0.6736808460349002,-0.0868326403209849,-5.809262848947302,1.0,0.9383886255924172,2.1760678724744142,0.0,2.1932764053344727
m100_MPa,Exp2_BO,1.0,10.0,GP,0.4459640364236815,2.8064030368107304,1.756627993316458,rbf,False,False,std,log,compact,-0.4933138140702571,-0.0109205271532664,-2.284040350325942,1.0,0.909952606635071,2.379352488055028,0.0,1.314138412475586
m100_MPa,Exp2_BO,1.0,11.0,GP,0.6794100683953939,2.1347941438529467,1.4294021543095927,matern12,False,False,std,log,full_agg,-0.9448817735138632,-0.7394606739755805,-3.847426747122887,1.0,0.924170616113744,2.01865346063304,0.0,1.8835854530334477
m100_MPa,Exp2_BO,1.0,12.0,GP,0.5907507655574784,2.4119872135821296,1.6247127796035707,matern32,False,True,log1p,none,compact,0.5794730811463402,-0.0117460226894765,-2.3481860420094933,1.0,0.914691943127962,2.3000902332665287,0.0,6.2066709995269775
m100_MPa,Exp2_BO,1.0,13.0,GP,0.6929911130744377,2.0890870498280574,1.4792402834004166,rbf,True,True,log1p,none,full_agg,0.9701944440635996,-1.003107437535285,-5.454213814860799,1.0,0.943127962085308,2.206627351187265,0.0,57.13432550430298
m100_MPa,Exp2_BO,1.0,14.0,GP,0.6411234158558725,2.2586743743955213,1.5342104659966924,rbf,True,True,std,log,full_agg,0.1319634599540915,-1.4459509051985784,-3.577978692881355,1.0,0.8909952606635071,2.1598536141188,0.0,46.12399315834045
m100_MPa,Exp2_BO,1.0,15.0,GP,0.6615860556717521,2.193336107835536,1.445922576845392,matern12,False,False,log1p,none,full_cure6,0.9203141005391888,-1.7830754060435454,-5.484921604637162,1.0,0.9478672985781992,2.2163756140692983,0.0,2.469045400619507
m100_MPa,Exp2_BO,1.0,16.0,GP,0.6263869396514803,2.3045815890913097,1.5118465860123989,rbf,False,False,log1p,none,full_cure6,0.8348881743654115,-0.0619987666312376,-4.283379175370502,1.0,0.9478672985781992,2.2644467230354315,0.0,2.571430921554565
m100_MPa,Exp2_BO,1.0,17.0,GP,0.6209482377875287,2.3212949327512864,1.6357388483394075,rbf,True,False,log1p,none,full_agg,-0.9914588189733682,-1.993267204740091,-4.315009363324504,1.0,0.9289099526066352,2.2802670434622074,0.0,70.15641474723816
m100_MPa,Exp2_BO,1.0,18.0,GP,0.6137750056745968,2.3431562566062496,1.526191639059798,matern12,False,False,std,log,compact,-0.9448817735138632,-0.7394606739755805,-3.847426747122887,1.0,0.9289099526066352,2.177166441425465,0.0,2.4379210472106934
m100_MPa,Exp2_BO,1.0,19.0,GP,0.5482134252915168,2.5342398980713257,1.6274708549550772,rbf,False,True,std,log,compact,-0.6114407810344358,-2.275594285158907,-4.926449782589101,1.0,0.9289099526066352,2.2207465046740347,0.0,10.279511213302612
m100_MPa,Exp2_BO,1.0,20.0,GP,0.6541412786698042,2.2173304909836697,1.4327646473481108,rq,True,False,std,log,full_cure6,-0.8075862501436613,-2.470898601227575,-2.226329588725475,1.0,0.9383886255924172,2.252513241585309,0.0,4.534361362457275
m100_MPa,Exp2_BO,1.0,21.0,GP,0.7118657661421555,2.023850804552499,1.3528545625934616,matern12,False,False,std,log,full_cure6,-0.9448817735138632,0.0,-3.847426747122887,1.0,0.943127962085308,2.0508350743627246,0.0,2.029843330383301
m100_MPa,Exp2_BO,1.0,22.0,GP,0.6157284203139374,2.337223240920029,1.5316758158514834,rbf,False,True,log1p,none,full_cure6,-0.3404092252857977,-2.335624303166874,-5.911374190047868,1.0,0.943127962085308,2.2626025930532268,0.0,6.571502447128296
m100_MPa,Exp2_BO,1.0,23.0,GP,0.6563604891165452,2.210205266730294,1.3986878743353772,rbf,True,True,log1p,log,full_cure6,0.9311975746124088,-0.2295298143475306,-3.8973762555109808,1.0,0.924170616113744,2.3165182594677365,0.0,69.26931285858154
m100_MPa,Exp2_BO,1.0,24.0,GP,0.5870308206062659,2.4229245127239234,1.5785072949246084,rbf,False,False,std,none,full,0.813087808648878,-2.273971359289693,-5.66518177902988,1.0,0.924170616113744,2.227896188191602,0.0,4.917910099029541
m100_MPa,Exp2_BO,1.0,25.0,GP,0.7286315685037039,1.964087020153284,1.372531842556475,matern12,False,True,std,none,full_cure6,0.3941708442189033,-0.7468776898737444,-3.2220278948407164,1.0,0.95260663507109,2.109650600391382,0.0,6.039806842803955
m100_MPa,Exp2_BO,1.0,26.0,GP,0.6969145366542413,2.0756953715625435,1.463614738368094,matern12,False,True,std,none,full,0.9254454900127712,-2.3026897512082867,-5.779245497826961,1.0,0.943127962085308,2.165992034383047,0.0,6.576276063919067
m100_MPa,Exp2_BO,1.0,27.0,GP,0.6036451405198348,2.373685391259805,1.4293930235099843,matern12,False,True,std,log,full_cure6,-0.6966223998637511,-1.0885084554589408,-2.41579035453688,1.0,0.933649289099526,2.068512791252356,0.0,9.273455142974854
m100_MPa,Exp2_BO,1.0,28.0,GP,0.689393700586243,2.1012909644925566,1.493893352042705,matern12,True,True,std,none,full_cure6,0.507451698702027,-2.5532886944365982,-5.155500382538785,1.0,0.914691943127962,2.2185511780392333,0.0,113.0455470085144
m100_MPa,Exp2_BO,1.0,29.0,GP,0.7103919743940974,2.02902014900214,1.4708514658618486,rbf,True,True,std,none,full_cure6,-0.7420809004274944,-0.0192332684759319,-3.609895179459169,1.0,0.9289099526066352,2.170407940469005,0.0,33.39906692504883
m100_MPa,Exp2_BO,2.0,0.0,GP,0.5951893153295262,2.398871842363278,1.6577451702102677,rq,True,False,std,none,compact,-0.8161681157298062,-1.199698422103038,-3.085757892752821,1.0,0.9289099526066352,2.271472311310506,0.0,3.335805177688598
m100_MPa,Exp2_BO,2.0,1.0,GP,0.6022620954570613,2.377823166928722,1.495538225770439,rq,True,True,std,log,full_agg,0.3148660297511851,-1.313203011658716,-5.399750946778656,1.0,0.914691943127962,2.149059036757919,0.0,12.047964334487917
m100_MPa,Exp2_BO,2.0,2.0,GP,0.7041899320725638,2.0506310967713195,1.408083299655019,matern52,True,True,log1p,log,full_agg,0.2663687985482328,-0.0976921425189702,-3.267740710761499,1.0,0.924170616113744,2.0742188848289564,0.0,108.7319164276123
m100_MPa,Exp2_BO,2.0,3.0,GP,0.6308342654325858,2.290824162397737,1.548179161488698,matern12,True,False,std,none,full_agg,0.0221319471391541,-0.3263717714982626,-2.897744230109242,1.0,0.924170616113744,2.217042726169174,0.0,108.92467379570007
m100_MPa,Exp2_BO,2.0,4.0,GP,0.6256691941234326,2.306794185016924,1.5434925504481691,rq,True,True,log1p,none,full_agg,0.3875176844044601,-2.678378074639236,-5.581825766268234,1.0,0.933649289099526,2.2656934591549023,0.0,15.298917531967165
m100_MPa,Exp2_BO,2.0,5.0,GP,0.6775980365365561,2.140818762704798,1.3862116599834835,rq,True,False,log1p,log,full_cure6,0.6984726472288691,-1.0666911923834477,-4.373830409297854,1.0,0.9383886255924172,2.1568102079584173,0.0,4.715683937072754
m100_MPa,Exp2_BO,2.0,6.0,GP,0.5907499729297367,2.4119895493312176,1.6247166145906826,matern32,False,True,log1p,none,compact,-0.12362766768175,-0.3232796701000713,-3.545132246389651,1.0,0.914691943127962,2.300091755072049,0.0,16.863868713378906
m100_MPa,Exp2_BO,2.0,7.0,GP,0.614647001297125,2.340509643105779,1.5283685580135769,rbf,False,False,std,none,full_cure6,-0.3219492507013799,-1.4315144882287083,-5.135106435923943,1.0,0.9289099526066352,2.184985824074194,0.0,2.960823774337769
m100_MPa,Exp2_BO,2.0,8.0,GP,0.6532500577365113,2.2201855005933098,1.4365444841868058,matern52,False,True,log1p,log,full_agg,-0.7890202638073414,-1.5308987268551184,-3.941163044288686,1.0,0.914691943127962,2.046979672761875,0.0,6.484887599945068
m100_MPa,Exp2_BO,2.0,9.0,GP,0.572080376928725,2.4663923491832755,1.5903532280156676,matern32,False,False,log1p,log,compact,-0.8127510287164386,-0.0138958533682065,-3.601966489745457,1.0,0.9383886255924172,2.1572664053738517,0.0,1.782921314239502
m100_MPa,Exp2_BO,2.0,10.0,GP,0.5945055260986951,2.400897024364849,1.565144207847777,rbf,True,True,log1p,log,full,0.4469638267955604,-0.0086429626954642,-3.928154105952415,1.0,0.909952606635071,2.215265118438232,0.0,52.28958606719971
m100_MPa,Exp2_BO,2.0,11.0,GP,0.7006441958620994,2.062884462746319,1.4198329482347103,matern52,True,True,log1p,log,full_agg,0.2663687985482328,-0.0976921425189702,-2.232448078053884,1.0,0.924170616113744,2.084002242780045,0.0,98.93523097038268
m100_MPa,Exp2_BO,2.0,12.0,GP,0.6392491741721795,2.264564684748459,1.4900948153395812,matern52,False,False,std,none,full_agg,0.7452791235256029,-0.0167303815960284,-5.925383805269199,1.0,0.933649289099526,2.19063494199728,0.0,2.883719682693481
m100_MPa,Exp2_BO,2.0,13.0,GP,0.599563736466233,2.3858754230411017,1.6796993773993265,matern52,True,True,log1p,none,compact,-0.0401831789267328,-2.6813086476444727,-5.744205436541302,1.0,0.919431279620853,2.313432126532065,0.0,54.99672603607178
m100_MPa,Exp2_BO,2.0,14.0,GP,0.6969133099575489,2.075699572103939,1.4636133634074475,matern12,False,True,std,none,full,-0.9876051369883636,-2.313354111932692,-4.109352684226932,1.0,0.943127962085308,2.165990448463861,0.0,7.130923509597778
m100_MPa,Exp2_BO,2.0,15.0,GP,0.6762110843257709,2.14541865222444,1.376155853069806,matern32,False,False,log1p,log,full_cure6,0.8332620889411122,-2.998196646510408,-4.708262013441154,1.0,0.9383886255924172,2.1401693260944588,0.0,3.5381829738616943
m100_MPa,Exp2_BO,2.0,16.0,GP,0.7133407338938366,2.018664081921489,1.395175593869064,matern52,True,True,log1p,log,full_agg,0.9846142109896348,-0.8053156982305163,-4.136404297107169,1.0,0.924170616113744,2.1425193606278468,0.0,92.9264132976532
m100_MPa,Exp2_BO,2.0,17.0,GP,0.6589284454938067,2.201931547140264,1.4811422702544026,matern32,False,False,std,none,full,0.1815512702606105,-0.6911099126648645,-4.559807978613572,1.0,0.943127962085308,2.179974334898138,0.0,2.009171962738037
m100_MPa,Exp2_BO,2.0,18.0,GP,0.5634339462719786,2.491185370750279,1.592331415371037,matern12,True,False,log1p,log,full,-0.986114385291337,-0.5140515401443988,-3.5422627466916,1.0,0.90521327014218,2.282996633315548,0.0,75.48045063018799
m100_MPa,Exp2_BO,2.0,19.0,GP,0.5730880559718721,2.463486667124408,1.630243867360034,matern52,True,True,std,log,full,-0.9699946177553442,-2.143184269494132,-3.1779971588940352,1.0,0.909952606635071,2.1672855326989606,0.0,72.74730920791626
m100_MPa,Exp2_BO,2.0,20.0,GP,0.581197719992379,2.4399761543217813,1.6567364481053146,matern32,True,True,log1p,none,full,-0.998148191388105,-0.6826622792910606,-2.693278635875867,1.0,0.919431279620853,2.378300540213465,0.0,77.33482217788696
m100_MPa,Exp2_BO,2.0,21.0,GP,0.67508812481388,2.1491357853279305,1.3642240250621358,matern12,False,True,log1p,log,full_cure6,-0.9991382349848424,-1.6318213009241267,-2.4382224878039973,1.0,0.9383886255924172,2.077311444896797,0.0,3.22329330444336
m100_MPa,Exp2_BO,2.0,22.0,GP,0.714698828036658,2.013876532692405,1.3901206367780603,matern52,True,False,log1p,log,full_agg,0.7380174366164798,-1.0264859807922582,-5.853714372777397,1.0,0.933649289099526,2.15155925998667,0.0,97.39433073997498
m100_MPa,Exp2_BO,2.0,23.0,GP,0.6796406367835524,2.134026333437536,1.4928794184634715,matern52,True,False,log1p,none,full_agg,0.7380174366164798,-1.0264859807922582,-5.853714372777397,1.0,0.933649289099526,2.1974902150858946,0.0,84.23086786270142
m100_MPa,Exp2_BO,2.0,24.0,GP,0.530157720676931,2.584384399090085,1.5994632286314303,rbf,False,False,std,log,full,-0.69495855169935,-2.903145949712296,-2.2699327462551957,1.0,0.9004739336492891,2.2845187785412846,0.0,1.4570860862731934
m100_MPa,Exp2_BO,2.0,25.0,GP,0.6541422504348143,2.2173273759462746,1.4327633900518413,rq,False,False,std,log,full_cure6,-0.031942275100389,-0.0881627365300583,-2.4586079947718478,1.0,0.9383886255924172,2.2525135590124945,0.0,3.0643787384033203
m100_MPa,Exp2_BO,2.0,26.0,GP,0.6521050237612025,2.223848215826494,1.508940249713462,matern52,True,True,log1p,log,full_agg,-0.50288792892463,-2.877018921632049,-5.234930147313282,1.0,0.909952606635071,2.168919660410128,0.0,115.25632047653198
m100_MPa,Exp2_BO,2.0,27.0,GP,0.6506379868676496,2.228532151298741,1.4492314745181702,rbf,False,True,log1p,log,full_agg,0.3107171149590406,-2.13846759809318,-3.4549541175675422,1.0,0.919431279620853,2.057869142932581,0.0,6.56930136680603
m100_MPa,Exp2_BO,2.0,28.0,GP,0.6539993622824509,2.217785363507942,1.5086377330000298,matern12,True,False,std,log,full_agg,0.8558339149747862,-1.3320774939067377,-5.993648602503266,1.0,0.90521327014218,2.18087179720518,0.0,94.10976910591124
m100_MPa,Exp2_BO,2.0,29.0,GP,0.6478477327330843,2.237413776179452,1.451004270466209,rq,True,False,log1p,none,full_cure6,0.5708430399061957,-1.3823331650288897,-3.081064062701341,1.0,0.943127962085308,2.2359816901412533,0.0,3.7563223838806152
m100_MPa,Exp3_robust,,,GP,0.7168543708768041,2.0046144246526163,1.3881102014358029,matern12,False,True,std,none,full_cure6,0.9219744817257234,-2.7118094481033856,-5.709593265912936,3.0,0.9478672985781992,2.106767929949908,0.0228364076998329,95.333016872406
m100_MPa,Exp3_robust,,,GP,0.7208684614244767,1.9907392838707167,1.3807752135002866,matern32,False,True,std,none,full_cure6,0.9219744817257234,-2.7118094481033856,-5.709593265912936,3.0,0.9440758293838863,2.100880482362838,0.0196029776708528,82.58475875854492
m100_MPa,Exp3_robust,,,GP,0.7203522176574111,1.992698631024906,1.3885129511600154,rq,False,True,std,none,full_cure6,0.1975794839644973,-2.2972508845578057,-5.902408423815511,3.0,0.9421800947867298,2.0987733575383376,0.0186592564787967,85.16211175918579
compression_set_pct,Exp0_baseline,,,GP_sklearn_default,-66297.51132920868,3333.3243195287805,298.32845131238497,,,,,,,,,,,,,,
compression_set_pct,Exp0_baseline,,,Ridge,0.1602709772184702,13.017604272716504,9.3774505964119,,,,,,,,,,,,,,
compression_set_pct,Exp0_baseline,,,RandomForest,0.3150421227395541,11.75605758852239,7.8725394120691,,,,,,,,,,,,,,
compression_set_pct,Exp1_kernel_screen,,,GP,0.3247344576049845,11.673476126614515,7.631432598586319,rbf,True,False,log1p,none,full,0.0,-1.0,-4.0,1.0,0.91,3.917748132162094,0.0,50.692264556884766
compression_set_pct,Exp1_kernel_screen,,,GP,0.3382355783856636,11.55618836579264,7.512174794386335,rbf,False,False,log1p,none,full,0.0,-1.0,-4.0,1.0,0.935,3.8890689165161807,0.0,1.5482993125915527
compression_set_pct,Exp1_kernel_screen,,,GP,0.320583316735786,11.70930203178584,7.525688005742602,matern12,True,False,log1p,none,full,0.0,-1.0,-4.0,1.0,0.92,3.900766405707527,0.0,46.658674001693726
compression_set_pct,Exp1_kernel_screen,,,GP,0.3232508863214135,11.68629251592855,7.654086695394675,matern12,False,False,log1p,none,full,0.0,-1.0,-4.0,1.0,0.94,3.889904863143749,0.0,2.566847324371338
compression_set_pct,Exp1_kernel_screen,,,GP,0.3352961319260776,11.581825252945924,7.47291858841735,matern32,True,False,log1p,none,full,0.0,-1.0,-4.0,1.0,0.925,3.903154674192354,0.0,48.204909324646
compression_set_pct,Exp1_kernel_screen,,,GP,0.3369249913362878,11.56762589483346,7.487936377861032,matern32,False,False,log1p,none,full,0.0,-1.0,-4.0,1.0,0.935,3.887616296697391,0.0,1.4934613704681396
compression_set_pct,Exp1_kernel_screen,,,GP,0.3262347897370278,11.660500615925937,7.577635548655762,matern52,True,False,log1p,none,full,0.0,-1.0,-4.0,1.0,0.92,3.907155494550192,0.0,48.60160088539124
compression_set_pct,Exp1_kernel_screen,,,GP,0.338167880684201,11.556779442736126,7.487328577913072,matern52,False,False,log1p,none,full,0.0,-1.0,-4.0,1.0,0.935,3.888087610553307,0.0,1.792799472808838
compression_set_pct,Exp1_kernel_screen,,,GP,0.3378706024143387,11.55937465804104,7.510719999762136,rq,False,False,log1p,none,full,0.0,-1.0,-4.0,1.0,0.935,3.889451126138237,0.0,3.322230100631714
compression_set_pct,Exp2_BO,0.0,0.0,GP,0.2977782487246899,11.904195313001882,7.746701114853351,rq,False,True,std,none,full,-0.9669447289429418,-0.5601892823991825,-2.348977690889113,1.0,0.935,3.923930414076217,0.0,7.241729021072388
compression_set_pct,Exp2_BO,0.0,1.0,GP,0.2899529508695397,11.970339513070108,7.558300098712213,matern32,False,True,log1p,log,full_cure6,0.8701448475755365,-0.5524393376354038,-5.989045999319408,1.0,0.925,4.079320167590787,0.0,5.3629655838012695
compression_set_pct,Exp2_BO,0.0,2.0,GP,0.2967756111297527,11.912690732249722,7.519416903935135,matern12,False,True,std,log,full_cure6,-0.648688758794882,-0.4104632329503404,-3.834155119003633,1.0,0.915,3.9910043260855184,0.0,5.841962814331055
compression_set_pct,Exp2_BO,0.0,3.0,GP,0.2556152522199173,12.256363645366038,7.88352673218493,rbf,True,False,std,none,full,-0.7514334470008721,-0.9881267559191088,-3.411241953703,1.0,0.92,4.001225204779594,0.0,41.81254816055298
compression_set_pct,Exp2_BO,0.0,4.0,GP,0.3159401603804772,11.749244786464786,7.624567868966771,matern12,False,True,std,none,compact,0.9616706775524602,-0.943374046557916,-3.398162894928735,1.0,0.94,3.9065784804663526,0.0,6.49507474899292
compression_set_pct,Exp2_BO,0.0,5.0,GP,0.3169544555978154,11.740530911622317,7.371792637449378,rq,False,True,std,log,full,0.4429766803881634,-1.4239370325728222,-4.759032497764178,1.0,0.925,4.121098830022358,0.0,10.293373346328735
compression_set_pct,Exp2_BO,0.0,6.0,GP,0.2481950963819313,12.317298944226426,7.912814415743212,matern32,True,True,log1p,none,compact,-0.2844096065818595,-1.2854105078107172,-4.712522435696231,1.0,0.925,3.959005366675544,0.0,37.652623414993286
compression_set_pct,Exp2_BO,0.0,7.0,GP,0.3187439591744434,11.72514138081354,7.321604657694443,matern52,False,True,std,log,full_agg,0.7805487040095846,-2.318527219399861,-3.5072514212558303,1.0,0.93,4.119718456124189,0.0,6.927153587341309
compression_set_pct,Exp2_BO,0.0,8.0,GP,0.3124796943274116,11.7789253574176,7.386091118047891,matern32,False,True,std,log,full,0.9952935784035531,-0.7247659566513356,-2.0724244323371783,1.0,0.925,4.108221626041532,0.0,5.320234775543213
compression_set_pct,Exp2_BO,0.0,9.0,GP,0.3506604636062814,11.447188339202468,7.41791702860254,rq,False,False,log1p,none,compact,0.9616542839973692,-2.946821688349724,-2.222324536141137,1.0,0.945,3.867556118401536,0.0,4.013373374938965
compression_set_pct,Exp2_BO,0.0,10.0,GP,0.2741145683111753,12.10310901652248,7.990927577690669,matern32,True,True,log1p,none,full_cure6,0.4442591525450365,-2.7476959382720594,-3.65869736159352,1.0,0.895,4.00188638499487,0.0,56.660117864608765
compression_set_pct,Exp2_BO,0.0,11.0,GP,0.338235579873854,11.556188352798737,7.512174723129492,rbf,False,False,log1p,none,full,0.8196245585191206,-0.7355660702567559,-2.998127770741997,1.0,0.935,3.8890689638718814,0.0,2.0669305324554443
compression_set_pct,Exp2_BO,0.0,12.0,GP,0.2618676363108696,12.204782062541618,7.882136022021829,matern32,True,False,log1p,none,compact,-0.5223563269858336,-2.758634210888156,-4.77034273197046,1.0,0.93,3.929406185177436,0.0,29.50718140602112
compression_set_pct,Exp2_BO,0.0,13.0,GP,0.1965080596258922,12.733672248464272,8.493066253880365,matern52,False,False,std,none,full_agg,0.9818388535740046,-2.937793495409628,-5.350591460796663,1.0,0.945,3.991061885709025,0.0,3.079023599624634
compression_set_pct,Exp2_BO,0.0,14.0,GP,0.304490420717358,11.847165705145578,7.7331597274800465,matern12,False,True,log1p,none,full_cure6,-0.2845121422753931,-2.739030904902214,-4.173123557817053,1.0,0.92,3.90672861890581,0.0,5.962567567825317
compression_set_pct,Exp2_BO,0.0,15.0,GP,0.2747205906838397,12.09805568023848,7.678529856072987,rq,False,False,std,log,full_cure6,0.8788507481500059,-0.482482689291464,-5.55494870151141,1.0,0.915,4.024205251435479,0.0,4.331824064254761
compression_set_pct,Exp2_BO,0.0,16.0,GP,0.3009857391935745,11.876977205754388,7.682650145244208,rq,False,False,log1p,none,full_cure6,0.9616542839973692,-2.946821688349724,-2.222324536141137,1.0,0.92,3.9183676761210178,0.0,3.723598718643189
compression_set_pct,Exp2_BO,0.0,17.0,GP,0.3554961000780314,11.404485038320448,7.312289418870734,rq,False,True,log1p,none,compact,-0.9981305881964906,-1.4046055882568864,-2.5023140525555787,1.0,0.945,3.8672742913182754,0.0,7.846073389053345
compression_set_pct,Exp2_BO,0.0,18.0,GP,0.3207047068418485,11.708255945528563,7.293272672862836,rq,False,True,std,log,full_agg,-0.6240262467731648,-2.357415695527855,-4.642880441426358,1.0,0.93,4.130497134869955,0.0,8.799907922744751
compression_set_pct,Exp2_BO,0.0,19.0,GP,0.3092916284371799,11.806203503149396,7.516283983725217,matern52,False,True,log1p,log,full_agg,0.3873776695607018,-2.2987703905590893,-4.208631880084466,1.0,0.935,4.170821413101631,0.0,7.162051439285278
compression_set_pct,Exp2_BO,0.0,20.0,GP,0.3643736883163581,11.32566830298174,7.306656935110936,matern32,True,True,log1p,log,full,-0.0741398133104305,-1.7265876910673512,-2.542900196646204,1.0,0.91,3.832231106798434,0.0,53.95871472358704
compression_set_pct,Exp2_BO,0.0,21.0,GP,0.2747211983192773,12.09805061239235,7.67852723437933,rq,True,False,std,log,full_cure6,-0.1594497473586544,-0.1645662407424399,-4.47700075872337,1.0,0.915,4.024202364421358,0.0,3.1588263511657715
compression_set_pct,Exp2_BO,0.0,22.0,GP,0.2811372923379329,12.044419744832323,7.677730915028956,matern52,True,False,std,log,compact,-0.6648481435371407,-0.2150944539860626,-5.211522354704042,1.0,0.925,4.304320864813326,0.0,40.05578255653381
compression_set_pct,Exp2_BO,0.0,23.0,GP,0.365598612611875,11.314750113933847,7.112946936447115,matern52,True,True,log1p,log,compact,-0.3181919388695382,-1.3216011132539034,-2.063928602413659,1.0,0.91,3.872852926359573,0.0,45.75972843170166
compression_set_pct,Exp2_BO,0.0,24.0,GP,0.3470045462257872,11.479368140125343,7.245193120890315,matern52,False,False,log1p,log,compact,-0.8226672380004492,-2.8626224384817243,-2.10967889118929,1.0,0.93,4.084213008015671,0.0,3.025742769241333
compression_set_pct,Exp2_BO,0.0,25.0,GP,0.3045109366134664,11.846990972100595,7.730318634955977,rbf,True,False,log1p,log,compact,-0.0844753118543317,-2.470866047609295,-2.389330317685122,1.0,0.92,3.8828125674038927,0.0,36.40573048591614
compression_set_pct,Exp2_BO,0.0,26.0,GP,0.343090980974636,11.513716116729528,7.2518024972661985,rq,True,True,log1p,log,full,0.8434872560945592,-1.0476133785247574,-2.3134917864676727,1.0,0.935,4.156119251235532,0.0,7.646174430847168
compression_set_pct,Exp2_BO,0.0,27.0,GP,0.2381671758292221,12.399173734852472,8.0017691109066,matern52,True,True,log1p,none,compact,-0.3307464525781487,-2.971779207357684,-2.006568367327662,1.0,0.915,3.990021090572577,0.0,77.74841022491455
compression_set_pct,Exp2_BO,0.0,28.0,GP,0.353439422517979,11.422666981176484,7.154077724694469,rbf,False,True,log1p,log,compact,0.677649043440117,-1.3313347277574872,-2.26218226056265,1.0,0.925,4.087714690085785,0.0,5.9357383251190186
compression_set_pct,Exp2_BO,0.0,29.0,GP,0.3188934499509162,11.723854862565767,7.636387804061078,matern12,False,True,log1p,none,full,-0.5461294091741438,-2.272401479806173,-5.635642186085654,1.0,0.935,3.894782545706828,0.0,6.138203144073486
compression_set_pct,Exp2_BO,1.0,0.0,GP,0.2995473861190141,11.889190481398565,7.722131088491976,matern32,False,True,log1p,none,full,0.8972988942744877,-2.064505643968544,-4.306694204109697,1.0,0.93,3.920765477217677,0.0,6.958980321884155
compression_set_pct,Exp2_BO,1.0,1.0,GP,0.2723802985558506,12.117558633986016,7.658182063555744,matern12,False,False,std,log,full_cure6,-0.9448817735138632,-0.7394606739755805,-3.847426747122887,1.0,0.925,4.007459052708067,0.0,1.9017925262451167
compression_set_pct,Exp2_BO,1.0,2.0,GP,0.3343694415569873,11.589895785023408,7.551129568489792,rq,True,False,log1p,none,full_agg,-0.0930042210386969,-2.5978749082585058,-4.387548054211483,1.0,0.935,3.8929446935857768,0.0,5.508705377578735
compression_set_pct,Exp2_BO,1.0,3.0,GP,0.3112697075493406,11.78928583590763,7.593951231429545,rq,True,True,std,none,compact,-0.4391824840279201,-1.544427076705095,-2.077051200795045,1.0,0.94,3.919187046167967,0.0,7.421609163284302
compression_set_pct,Exp2_BO,1.0,4.0,GP,0.3012121642556282,11.8750534516464,7.692729717956102,matern52,False,False,log1p,none,full_cure6,-0.4462175919092583,-2.51804397367462,-2.1202983471354697,1.0,0.92,3.916816096521056,0.0,3.4038970470428467
compression_set_pct,Exp2_BO,1.0,5.0,GP,0.2622454595972406,12.201658069251645,7.997083943750058,matern32,False,False,std,none,full_cure6,0.553366228684596,-1.1609900968408786,-2.3308091808363893,1.0,0.935,3.938414599708096,0.0,2.4146628379821777
compression_set_pct,Exp2_BO,1.0,6.0,GP,0.3123780773279128,11.779795800674318,7.655465546820087,matern32,True,True,log1p,log,full_agg,-0.8753008417002488,-1.0760154925818752,-2.589468646077373,1.0,0.92,3.8603397049326658,0.0,65.22668600082397
compression_set_pct,Exp2_BO,1.0,7.0,GP,0.3159392474043447,11.74925262698974,7.624623999997325,matern12,False,True,std,none,compact,0.0189917630430187,-1.4673333466004008,-2.9878791691912885,1.0,0.94,3.906579025130595,0.0,6.00641131401062
compression_set_pct,Exp2_BO,1.0,8.0,GP,0.0915240123008928,13.54003014855127,9.35717812518226,rbf,False,False,log1p,log,full_agg,0.4684556180070023,-2.7811128370131226,-5.459089658040108,1.0,0.925,4.012793208611833,0.0,1.6703696250915527
compression_set_pct,Exp2_BO,1.0,9.0,GP,0.2891025743966503,11.977505410853322,7.814879449203369,rbf,False,True,std,none,full_cure6,0.7978516070768131,-0.2734663958390406,-2.3392393192449403,1.0,0.93,3.929991822584774,0.0,4.806876182556152
compression_set_pct,Exp2_BO,1.0,10.0,GP,0.2941901442546218,11.934569673082605,7.848281190582196,rq,True,False,std,none,full,0.1769085307826883,-0.8748118565603065,-5.947897743485637,1.0,0.94,3.920906809316135,0.0,3.870834827423096
compression_set_pct,Exp2_BO,1.0,11.0,GP,0.3683586918409987,11.290109839641593,7.439704107557085,matern52,True,False,log1p,log,full,-0.6797680335622733,-1.0878491240209078,-2.519028836219338,1.0,0.915,3.797566630563005,0.0,55.4124710559845
compression_set_pct,Exp2_BO,1.0,12.0,GP,0.2581006449163775,12.23588542743881,7.773128790814158,matern32,True,False,log1p,none,full_cure6,0.2991242855761264,-2.7052483312259383,-3.104082152025712,1.0,0.905,4.030322112797378,0.0,68.9446771144867
compression_set_pct,Exp2_BO,1.0,13.0,GP,0.2597206524147368,12.222519019473223,7.54935850747014,matern52,True,True,std,log,compact,0.9431186882608036,-2.9901543643276582,-5.57317242649131,1.0,0.91,4.384029140938254,0.0,47.96431946754456
compression_set_pct,Exp2_BO,1.0,14.0,GP,0.2025143283569028,12.685989552620134,8.132606443705493,rbf,True,False,std,none,full_cure6,-0.0633618201402625,-1.8518009372519264,-2.32688853001883,1.0,0.875,4.077765925668027,0.0,43.78225255012512
compression_set_pct,Exp2_BO,1.0,15.0,GP,0.2357942896688483,12.418468619726225,7.923023178055381,matern12,True,False,std,none,compact,0.8628664447870718,-0.9973235506522676,-2.0222557602242777,1.0,0.91,3.95311206850306,0.0,38.718727827072144
compression_set_pct,Exp2_BO,1.0,16.0,GP,0.2657795353171583,12.172398100860695,7.87260318883551,matern52,False,False,std,log,compact,0.5847693879156286,-2.9952343288190018,-5.3111467436988455,1.0,0.905,4.117948151678672,0.0,2.542123794555664
compression_set_pct,Exp2_BO,1.0,17.0,GP,0.2747204194926957,12.09805710801917,7.678531720594058,rq,False,False,std,log,full_cure6,-0.5337343830878374,-0.3331143573361164,-2.02147137169306,1.0,0.915,4.024202962669119,0.0,3.664832830429077
compression_set_pct,Exp2_BO,1.0,18.0,GP,0.3049496000788806,11.843254276519485,7.547583136642195,matern32,False,False,std,log,full_agg,-0.9875567861848312,-1.0408230007705548,-3.2075171445142523,1.0,0.93,4.145380114818184,0.0,2.3193416595458984
compression_set_pct,Exp2_BO,1.0,19.0,GP,0.2976435045412515,11.905337362600497,7.4842394514574995,matern32,False,True,std,log,full_cure6,-0.1338620142285436,-0.0153525303262576,-4.338962649724633,1.0,0.925,4.021433089530536,0.0,4.967272996902466
compression_set_pct,Exp2_BO,1.0,20.0,GP,0.3534428135916981,11.422637026398894,7.154051378569997,rbf,False,True,log1p,log,compact,0.9778582864222792,-2.7665636165190817,-5.908440642345108,1.0,0.925,4.087706933631272,0.0,5.366026401519775
compression_set_pct,Exp2_BO,1.0,21.0,GP,0.2972595172649072,11.908591317994947,7.811528987535741,matern52,False,False,std,none,full,0.3828366838824062,-2.466878915058384,-5.053465133266267,1.0,0.94,3.91874437039086,0.0,2.798281192779541
compression_set_pct,Exp2_BO,1.0,22.0,GP,0.251314267059025,12.291720705502923,8.03925504290776,rbf,True,True,std,log,full,0.8724183322369774,-0.3657525988878776,-5.976185935346274,1.0,0.905,4.379205092077245,0.0,49.706307888031006
compression_set_pct,Exp2_BO,1.0,23.0,GP,0.3151898152337318,11.755686892881323,7.373497548286557,matern52,False,True,std,log,full,-0.048228489013895,-2.668721200243504,-5.907615612095144,1.0,0.925,4.112902917072978,0.0,4.87511157989502
compression_set_pct,Exp2_BO,1.0,24.0,GP,0.3381679791416883,11.556778583113664,7.487328690913017,matern52,False,False,log1p,none,full,-0.9488533213610502,-0.0192958393802076,-5.714213721875712,1.0,0.935,3.8880881778193697,0.0,1.451329469680786
compression_set_pct,Exp2_BO,1.0,25.0,GP,0.3555120519055477,11.40434390379516,7.312224124514441,rbf,False,True,log1p,none,compact,-0.940538311223302,-2.981546824218,-3.1182512815962573,1.0,0.945,3.86726422430783,0.0,4.915487051010132
compression_set_pct,Exp2_BO,1.0,26.0,GP,0.3651678486419842,11.318590868135676,7.450004915733371,matern52,True,False,log1p,log,full,-0.6797680335622733,0.0,-2.519028836219338,1.0,0.915,3.834029416826551,0.0,61.3984112739563
compression_set_pct,Exp2_BO,1.0,27.0,GP,0.2814286482829622,12.0419786883525,7.561019123345054,rbf,True,True,std,none,compact,-0.7780315764493504,-2.7726311005569846,-4.538442430376114,1.0,0.91,3.954134471921891,0.0,29.53079724311829
compression_set_pct,Exp2_BO,1.0,28.0,GP,0.3518574292922546,11.436632835435612,7.214314862866457,matern52,False,True,log1p,log,full_agg,-0.179467906286711,-2.866925464144421,-2.202583566795404,1.0,0.935,4.122100178408492,0.0,5.926434755325317
compression_set_pct,Exp2_BO,1.0,29.0,GP,0.3343070524449062,11.590438928930515,7.421301416524718,rbf,False,True,log1p,none,full_agg,-0.4569206595857655,-2.8149719841141643,-4.149365740982088,1.0,0.93,3.895469702025213,0.0,4.96828556060791
compression_set_pct,Exp2_BO,2.0,0.0,GP,0.2759019206507752,12.08819905128192,8.007183998520448,rq,True,False,std,none,compact,-0.8161681157298062,-1.199698422103038,-3.085757892752821,1.0,0.945,3.930713896144084,0.0,7.4449522495269775
compression_set_pct,Exp2_BO,2.0,1.0,GP,0.3207060146209499,11.708244675157664,7.293246850654782,rq,True,True,std,log,full_agg,0.3148660297511851,-1.313203011658716,-5.399750946778656,1.0,0.93,4.130476013058242,0.0,13.2253520488739
compression_set_pct,Exp2_BO,2.0,2.0,GP,0.3652916117017672,11.317487512141527,7.240189927289225,matern52,True,True,log1p,log,full_agg,0.2663687985482328,-0.0976921425189702,-3.267740710761499,1.0,0.92,3.801081994531784,0.0,80.02697038650513
compression_set_pct,Exp2_BO,2.0,3.0,GP,0.2281412015230737,12.480495686306288,7.889086240463373,matern12,True,False,std,none,full_agg,0.0221319471391541,-0.3263717714982626,-2.897744230109242,1.0,0.92,3.9848366685282177,0.0,70.54960680007935
compression_set_pct,Exp2_BO,2.0,4.0,GP,0.3255395646582099,11.666515012481067,7.569630753194115,rq,True,True,log1p,none,full_agg,0.3875176844044601,-2.678378074639236,-5.581825766268234,1.0,0.93,3.8981418543044537,0.0,12.857609272003174
compression_set_pct,Exp2_BO,2.0,5.0,GP,0.3138328436110283,11.767328249338508,7.337992316096839,rq,True,False,log1p,log,full_cure6,0.6984726472288691,-1.0666911923834477,-4.373830409297854,1.0,0.93,4.067465632544408,0.0,5.250912666320801
compression_set_pct,Exp2_BO,2.0,6.0,GP,0.3514779516002426,11.439980333479571,7.370250965675989,matern32,False,True,log1p,none,compact,-0.12362766768175,-0.3232796701000713,-3.545132246389651,1.0,0.94,3.87150249995163,0.0,4.654444932937622
compression_set_pct,Exp2_BO,2.0,7.0,GP,0.2329484927005987,12.441569468262676,8.294456722870288,rbf,False,False,std,none,full_cure6,-0.3219492507013799,-1.4315144882287083,-5.135106435923943,1.0,0.935,3.9552863775387777,0.0,1.860696792602539
compression_set_pct,Exp2_BO,2.0,8.0,GP,0.3472861352160332,11.476892768956391,7.414463004430354,rbf,True,True,log1p,log,full,0.9904096324287176,-0.1188080258968629,-4.506843964305242,1.0,0.9,3.854503261905197,0.0,75.23995089530945
compression_set_pct,Exp2_BO,2.0,9.0,GP,0.3151893750195894,11.755690671314316,7.373485894618927,matern52,False,True,std,log,full,-0.5505609231745336,-1.0240933701325958,-2.1392336332998685,1.0,0.925,4.112903636610269,0.0,7.633671998977661
compression_set_pct,Exp2_BO,2.0,10.0,GP,0.352384520249876,11.43198156571803,7.190599829824159,matern52,True,True,log1p,log,compact,0.2663687985482328,-0.0976921425189702,-3.267740710761499,1.0,0.92,4.39229850136397,0.0,65.55044150352478
compression_set_pct,Exp2_BO,2.0,11.0,GP,0.2430394643095681,12.35946078794146,8.164078756219462,rbf,False,False,log1p,none,full,-0.9748650043565484,-0.4838980359953662,-5.954979842663034,1.0,0.94,3.952552448240198,0.0,2.501985788345337
compression_set_pct,Exp2_BO,2.0,12.0,GP,0.3430867621909301,11.51375308821154,7.251819318399973,rq,False,True,log1p,log,full,0.5915440337604085,-0.0036280370180934,-4.189393110115162,1.0,0.935,4.156127019529961,0.0,15.230956077575684
compression_set_pct,Exp2_BO,2.0,13.0,GP,0.334609451228406,11.587806083881608,7.538128312530498,matern52,True,True,log1p,log,full_cure6,-0.5467212608005159,-2.960926622440309,-4.250699459344094,1.0,0.92,3.952772838847397,0.0,98.65072679519652
compression_set_pct,Exp2_BO,2.0,14.0,GP,0.3092922684948196,11.806198032930116,7.516268080479648,matern52,False,True,log1p,log,full_agg,0.939394004428642,-1.642297374040084,-3.204211632469744,1.0,0.935,4.170817483871507,0.0,8.334874868392944
compression_set_pct,Exp2_BO,2.0,15.0,GP,0.2126795075644474,12.604879047836173,7.852963285106187,matern52,True,True,std,none,full_agg,0.0611236499534486,-0.0115820546425298,-2.5126562543171933,1.0,0.915,4.065518750641233,0.0,67.4889931678772
compression_set_pct,Exp2_BO,2.0,16.0,GP,0.23868836531106,12.394931711952555,7.902274519567204,matern32,True,True,std,none,compact,0.884086352802308,-1.7350036163713476,-2.267558204514699,1.0,0.91,3.972689505596882,0.0,40.53257346153259
compression_set_pct,Exp2_BO,2.0,17.0,GP,0.3797624836842344,11.187728561578256,7.302432911442839,rbf,True,True,log1p,log,full,-0.9431889467572764,-0.0813724630738899,-4.573927800537495,1.0,0.905,3.816432868482272,0.0,59.839351654052734
compression_set_pct,Exp2_BO,2.0,18.0,GP,0.2424765570641827,12.364055437700678,8.102695482867787,rbf,True,False,std,log,compact,0.9990062552598648,-0.0210510849010399,-3.342617279791264,1.0,0.92,4.306058347454089,0.0,28.456151247024536
compression_set_pct,Exp2_BO,2.0,19.0,GP,0.3099107143333225,11.800911332894916,7.583172531453274,rbf,True,True,log1p,none,full,-0.9431889467572764,-0.0813724630738899,-4.573927800537495,1.0,0.93,3.92218792861484,0.0,62.18992567062378
compression_set_pct,Exp2_BO,2.0,20.0,GP,0.3113718076446233,11.788411958401808,7.586168192076304,matern52,True,False,log1p,log,compact,-0.6985770126157198,-0.1741005683825554,-5.0177558942141385,1.0,0.94,4.2625696139347,0.0,44.14809465408325
compression_set_pct,Exp2_BO,2.0,21.0,GP,0.3555061315616189,11.404396284513322,7.312249752776371,rq,True,True,log1p,none,compact,-0.7450095879377281,-2.815779973186116,-5.676289915468258,1.0,0.945,3.8672663747472025,0.0,12.878582239151
compression_set_pct,Exp2_BO,2.0,22.0,GP,0.3423417046044203,11.520280569778544,7.475267292856692,matern12,False,True,log1p,none,compact,0.8481501869502568,-2.655999730217931,-2.172880930357797,1.0,0.935,3.877189818425809,0.0,7.024204015731812
compression_set_pct,Exp2_BO,2.0,23.0,GP,0.3518184217150855,11.436976979336997,7.266470756444239,rbf,True,True,log1p,log,compact,-0.9431889467572764,-0.0813724630738899,-4.573927800537495,1.0,0.925,4.29935500461383,0.0,29.113683700561523
compression_set_pct,Exp2_BO,2.0,24.0,GP,0.283706380516444,12.022878168168566,7.674941698849871,matern12,True,True,std,log,compact,-0.5557646218875913,-2.834307351640548,-3.094139712986064,1.0,0.91,4.02071111284538,0.0,77.11950898170471
compression_set_pct,Exp2_BO,2.0,25.0,GP,0.2243526267928701,12.511087688084652,8.06195753901702,matern52,True,False,log1p,none,compact,0.7709386790427455,-2.9915669248503383,-3.36838617041313,1.0,0.93,3.968477095569119,0.0,66.08152079582214
compression_set_pct,Exp2_BO,2.0,26.0,GP,0.2120125370254865,12.610216965058516,8.1528581153635,rbf,False,False,log1p,log,full_agg,-0.8647794645449576,-2.9662811472476305,-4.269940671859533,1.0,0.935,4.243259560936751,0.0,2.417928695678711
compression_set_pct,Exp2_BO,2.0,27.0,GP,0.2501272004104636,12.301461316265188,7.865260540123232,matern52,True,True,log1p,none,compact,0.8517459182154183,-0.487758380729272,-3.382333612148111,1.0,0.93,3.976564315442431,0.0,67.71007347106934
compression_set_pct,Exp2_BO,2.0,28.0,GP,0.3430929181871758,11.513699139849138,7.251810584767343,rq,True,True,log1p,log,full,-0.9431889467572764,-0.0813724630738899,-4.573927800537495,1.0,0.935,4.156127709781797,0.0,7.039800643920898
compression_set_pct,Exp2_BO,2.0,29.0,GP,0.3554998401197289,11.404451948286807,7.312272648263392,rq,False,True,log1p,none,compact,-0.6853671863979085,-0.2789301751175759,-2.544307238212828,1.0,0.945,3.867274104220377,0.0,6.324364423751831
compression_set_pct,Exp3_robust,,,GP,0.3119139292273126,11.772767795807662,7.624505606759771,rbf,True,True,log1p,log,full,-0.9431889467572764,-0.0813724630738899,-4.573927800537495,3.0,0.892,4.106566450188181,0.0596017630322597,432.921843290329
compression_set_pct,Exp3_robust,,,GP,0.3274556615935176,11.64407135676102,7.623708735467166,matern52,True,False,log1p,log,full,-0.6797680335622733,-1.0878491240209078,-2.519028836219338,3.0,0.91,4.124881307987304,0.0427701962114074,555.7792022228241
compression_set_pct,Exp3_robust,,,GP,0.3155429509688237,11.750439220146887,7.517056876332409,matern52,True,True,log1p,log,compact,-0.3181919388695382,-1.3216011132539034,-2.063928602413659,3.0,0.9,4.093529891069034,0.0263041548011233,343.2663130760193
