source_id,source_type,assignee,title,url,example_label,polymer_type,polymer_grade,cure_system,polymer_phr,carbon_black_phr,silica_phr,alumina_phr,barium_sulfate_phr,titanium_oxide_phr,fluororesin_phr,other_inorganic_filler_phr,organic_additive_phr,coagent_phr,peroxide_phr,nitrile_curative_phr,other_curative_phr,acid_acceptor_phr,processing_aid_phr,other_ingredients_note,hardness_shoreA,tensile_MPa,elongation_pct,m100_MPa,compression_set_pct,cs_condition,plasma_weight_loss_pct,plasma_condition,units_original,extraction_notes
US20090093590A1,patent,"Nippon Valqua Industries, Ltd.",Seal Material for Semiconductor Production Apparatus,https://patents.google.com/patent/US20090093590A1/en,Example 1,other,"FFKM/FKM blend: Tecnoflon PFR94 (Solvay Solexis, TFE/PAVE FFKM) 80 + DAI-EL G902 (table: 'Daiel C 902'; VDF/HFP/TFE FKM) 20",peroxide,100,20,0,0,0,0,0,0,0,3,1.5,0,0,0,0,carbon black Thermax N990; coagent TAIC 3; peroxide Perhexa 25B-40 (40% active on silica) 1.5,,,,,33,"200C x 70h, ~25% compression, AS214 O-ring (JIS K6262)",0.3,"O2:CF4=9:1, RF 500 W, 150 sccm total, 0.5 torr, 1.5 h, 300 mm parallel-plate (Hirano Kouon)",parts by weight; MPa n/a; CS %,"Press 160C x 10 min, post-cure 200C x 16 h in vacuum. Plasma crack test (AS214 O-ring at 10% stretch): no crack; 0 cracks after 1.5 h. Blank FKM cells read as 0 (sum=100, totals 124.5/104.5 confirm)."
US20090093590A1,patent,"Nippon Valqua Industries, Ltd.",Seal Material for Semiconductor Production Apparatus,https://patents.google.com/patent/US20090093590A1/en,Example 2,other,"FFKM/FKM blend: Tecnoflon PFR94 (Solvay Solexis, TFE/PAVE FFKM) 70 + DAI-EL G902 (table: 'Daiel C 902'; VDF/HFP/TFE FKM) 30",peroxide,100,20,0,0,0,0,0,0,0,3,1.5,0,0,0,0,carbon black Thermax N990; coagent TAIC 3; peroxide Perhexa 25B-40 (40% active on silica) 1.5,,,,,32,"200C x 70h, ~25% compression, AS214 O-ring (JIS K6262)",0.32,"O2:CF4=9:1, RF 500 W, 150 sccm total, 0.5 torr, 1.5 h, 300 mm parallel-plate (Hirano Kouon)",parts by weight; MPa n/a; CS %,"Press 160C x 10 min, post-cure 200C x 16 h in vacuum. Plasma crack test (AS214 O-ring at 10% stretch): no crack; 0 cracks after 1.5 h. Blank FKM cells read as 0 (sum=100, totals 124.5/104.5 confirm)."
US20090093590A1,patent,"Nippon Valqua Industries, Ltd.",Seal Material for Semiconductor Production Apparatus,https://patents.google.com/patent/US20090093590A1/en,Example 3,other,"FFKM/FKM blend: Tecnoflon PFR94 (Solvay Solexis, TFE/PAVE FFKM) 50 + DAI-EL G902 (table: 'Daiel C 902'; VDF/HFP/TFE FKM) 50",peroxide,100,20,0,0,0,0,0,0,0,3,1.5,0,0,0,0,carbon black Thermax N990; coagent TAIC 3; peroxide Perhexa 25B-40 (40% active on silica) 1.5,,,,,30,"200C x 70h, ~25% compression, AS214 O-ring (JIS K6262)",0.4,"O2:CF4=9:1, RF 500 W, 150 sccm total, 0.5 torr, 1.5 h, 300 mm parallel-plate (Hirano Kouon)",parts by weight; MPa n/a; CS %,"Press 160C x 10 min, post-cure 200C x 16 h in vacuum. Plasma crack test (AS214 O-ring at 10% stretch): no crack; 0 cracks after 1.5 h. Blank FKM cells read as 0 (sum=100, totals 124.5/104.5 confirm)."
US20090093590A1,patent,"Nippon Valqua Industries, Ltd.",Seal Material for Semiconductor Production Apparatus,https://patents.google.com/patent/US20090093590A1/en,Example 4,other,"FFKM/FKM blend: Tecnoflon PFR94 (Solvay Solexis, TFE/PAVE FFKM) 80 + DAI-EL LT302 (VDF/PAVE/TFE FKM) 20",peroxide,100,20,0,0,0,0,0,0,0,3,1.5,0,0,0,0,carbon black Thermax N990; coagent TAIC 3; peroxide Perhexa 25B-40 (40% active on silica) 1.5,,,,,30,"200C x 70h, ~25% compression, AS214 O-ring (JIS K6262)",0.33,"O2:CF4=9:1, RF 500 W, 150 sccm total, 0.5 torr, 1.5 h, 300 mm parallel-plate (Hirano Kouon)",parts by weight; MPa n/a; CS %,"Press 160C x 10 min, post-cure 200C x 16 h in vacuum. Plasma crack test (AS214 O-ring at 10% stretch): no crack; 0 cracks after 1.5 h. Blank FKM cells read as 0 (sum=100, totals 124.5/104.5 confirm)."
US20090093590A1,patent,"Nippon Valqua Industries, Ltd.",Seal Material for Semiconductor Production Apparatus,https://patents.google.com/patent/US20090093590A1/en,Example 5,other,"FFKM/FKM blend: Tecnoflon PFR94 (Solvay Solexis, TFE/PAVE FFKM) 50 + DAI-EL LT302 (VDF/PAVE/TFE FKM) 50",peroxide,100,20,0,0,0,0,0,0,0,3,1.5,0,0,0,0,carbon black Thermax N990; coagent TAIC 3; peroxide Perhexa 25B-40 (40% active on silica) 1.5,,,,,33,"200C x 70h, ~25% compression, AS214 O-ring (JIS K6262)",0.41,"O2:CF4=9:1, RF 500 W, 150 sccm total, 0.5 torr, 1.5 h, 300 mm parallel-plate (Hirano Kouon)",parts by weight; MPa n/a; CS %,"Press 160C x 10 min, post-cure 200C x 16 h in vacuum. Plasma crack test (AS214 O-ring at 10% stretch): no crack; 0 cracks after 1.5 h. Blank FKM cells read as 0 (sum=100, totals 124.5/104.5 confirm)."
US20090093590A1,patent,"Nippon Valqua Industries, Ltd.",Seal Material for Semiconductor Production Apparatus,https://patents.google.com/patent/US20090093590A1/en,Example 6,other,"FFKM/FKM blend: Tecnoflon PFR94 (Solvay Solexis, TFE/PAVE FFKM) 70 + DAI-EL G902 (table: 'Daiel C 902'; VDF/HFP/TFE FKM) 30",peroxide,100,0,0,0,0,0,0,0,0,3,1.5,0,0,0,0,no filler; coagent TAIC 3; peroxide Perhexa 25B-40 (40% active on silica) 1.5,,,,,29,"200C x 70h, ~25% compression, AS214 O-ring (JIS K6262)",0.32,"O2:CF4=9:1, RF 500 W, 150 sccm total, 0.5 torr, 1.5 h, 300 mm parallel-plate (Hirano Kouon)",parts by weight; MPa n/a; CS %,"Press 160C x 10 min, post-cure 200C x 16 h in vacuum. Plasma crack test (AS214 O-ring at 10% stretch): no crack; 0 cracks after 1.5 h. Blank FKM cells read as 0 (sum=100, totals 124.5/104.5 confirm)."
US20090093590A1,patent,"Nippon Valqua Industries, Ltd.",Seal Material for Semiconductor Production Apparatus,https://patents.google.com/patent/US20090093590A1/en,Example 7,other,"FFKM/FKM blend: Tecnoflon PFR94 (Solvay Solexis, TFE/PAVE FFKM) 70 + DAI-EL LT302 (VDF/PAVE/TFE FKM) 30",peroxide,100,0,0,0,0,0,0,0,0,3,1.5,0,0,0,0,no filler; coagent TAIC 3; peroxide Perhexa 25B-40 (40% active on silica) 1.5,,,,,33,"200C x 70h, ~25% compression, AS214 O-ring (JIS K6262)",0.38,"O2:CF4=9:1, RF 500 W, 150 sccm total, 0.5 torr, 1.5 h, 300 mm parallel-plate (Hirano Kouon)",parts by weight; MPa n/a; CS %,"Press 160C x 10 min, post-cure 200C x 16 h in vacuum. Plasma crack test (AS214 O-ring at 10% stretch): no crack; 0 cracks after 1.5 h. Blank FKM cells read as 0 (sum=100, totals 124.5/104.5 confirm)."
US20090093590A1,patent,"Nippon Valqua Industries, Ltd.",Seal Material for Semiconductor Production Apparatus,https://patents.google.com/patent/US20090093590A1/en,Comparative Example 1,other,"FFKM/FKM blend: Tecnoflon PFR94 (Solvay Solexis, TFE/PAVE FFKM) 90 + DAI-EL G902 (table: 'Daiel C 902'; VDF/HFP/TFE FKM) 10",peroxide,100,20,0,0,0,0,0,0,0,3,1.5,0,0,0,0,carbon black Thermax N990; coagent TAIC 3; peroxide Perhexa 25B-40 (40% active on silica) 1.5,,,,,32,"200C x 70h, ~25% compression, AS214 O-ring (JIS K6262)",0.27,"O2:CF4=9:1, RF 500 W, 150 sccm total, 0.5 torr, 1.5 h, 300 mm parallel-plate (Hirano Kouon)",parts by weight; MPa n/a; CS %,"Press 160C x 10 min, post-cure 200C x 16 h in vacuum. Plasma crack test (AS214 O-ring at 10% stretch): crack at 80 min; 3 cracks after 1.5 h. Blank FKM cells read as 0 (sum=100, totals 124.5/104.5 confirm)."
US20090093590A1,patent,"Nippon Valqua Industries, Ltd.",Seal Material for Semiconductor Production Apparatus,https://patents.google.com/patent/US20090093590A1/en,Comparative Example 2,other,"FFKM/FKM blend: Tecnoflon PFR94 (Solvay Solexis, TFE/PAVE FFKM) 10 + DAI-EL G902 (table: 'Daiel C 902'; VDF/HFP/TFE FKM) 90",peroxide,100,20,0,0,0,0,0,0,0,3,1.5,0,0,0,0,carbon black Thermax N990; coagent TAIC 3; peroxide Perhexa 25B-40 (40% active on silica) 1.5,,,,,28,"200C x 70h, ~25% compression, AS214 O-ring (JIS K6262)",1.03,"O2:CF4=9:1, RF 500 W, 150 sccm total, 0.5 torr, 1.5 h, 300 mm parallel-plate (Hirano Kouon)",parts by weight; MPa n/a; CS %,"Press 160C x 10 min, post-cure 200C x 16 h in vacuum. Plasma crack test (AS214 O-ring at 10% stretch): crack at 20 min. Blank FKM cells read as 0 (sum=100, totals 124.5/104.5 confirm)."
US20090093590A1,patent,"Nippon Valqua Industries, Ltd.",Seal Material for Semiconductor Production Apparatus,https://patents.google.com/patent/US20090093590A1/en,Comparative Example 3,other,"FFKM/FKM blend: Tecnoflon PFR94 (Solvay Solexis, TFE/PAVE FFKM) 40 + DAI-EL G902 (table: 'Daiel C 902'; VDF/HFP/TFE FKM) 60",peroxide,100,20,0,0,0,0,0,0,0,3,1.5,0,0,0,0,carbon black Thermax N990; coagent TAIC 3; peroxide Perhexa 25B-40 (40% active on silica) 1.5,,,,,31,"200C x 70h, ~25% compression, AS214 O-ring (JIS K6262)",0.68,"O2:CF4=9:1, RF 500 W, 150 sccm total, 0.5 torr, 1.5 h, 300 mm parallel-plate (Hirano Kouon)",parts by weight; MPa n/a; CS %,"Press 160C x 10 min, post-cure 200C x 16 h in vacuum. Plasma crack test (AS214 O-ring at 10% stretch): crack at 90 min. Blank FKM cells read as 0 (sum=100, totals 124.5/104.5 confirm)."
US20090093590A1,patent,"Nippon Valqua Industries, Ltd.",Seal Material for Semiconductor Production Apparatus,https://patents.google.com/patent/US20090093590A1/en,Comparative Example 4,other,"FFKM/FKM blend: Tecnoflon PFR94 (Solvay Solexis, TFE/PAVE FFKM) 20 + DAI-EL G902 (table: 'Daiel C 902'; VDF/HFP/TFE FKM) 80",peroxide,100,20,0,0,0,0,0,0,0,3,1.5,0,0,0,0,carbon black Thermax N990; coagent TAIC 3; peroxide Perhexa 25B-40 (40% active on silica) 1.5,,,,,28,"200C x 70h, ~25% compression, AS214 O-ring (JIS K6262)",0.77,"O2:CF4=9:1, RF 500 W, 150 sccm total, 0.5 torr, 1.5 h, 300 mm parallel-plate (Hirano Kouon)",parts by weight; MPa n/a; CS %,"Press 160C x 10 min, post-cure 200C x 16 h in vacuum. Plasma crack test (AS214 O-ring at 10% stretch): crack at 80 min. Blank FKM cells read as 0 (sum=100, totals 124.5/104.5 confirm)."
US20090093590A1,patent,"Nippon Valqua Industries, Ltd.",Seal Material for Semiconductor Production Apparatus,https://patents.google.com/patent/US20090093590A1/en,Comparative Example 5,FFKM,"Tecnoflon PFR94 (Solvay Solexis, TFE/PAVE FFKM)",peroxide,100,20,0,0,0,0,0,0,0,3,1.5,0,0,0,0,carbon black Thermax N990; coagent TAIC 3; peroxide Perhexa 25B-40 (40% active on silica) 1.5,,,,,28,"200C x 70h, ~25% compression, AS214 O-ring (JIS K6262)",0.26,"O2:CF4=9:1, RF 500 W, 150 sccm total, 0.5 torr, 1.5 h, 300 mm parallel-plate (Hirano Kouon)",parts by weight; MPa n/a; CS %,"Press 160C x 10 min, post-cure 200C x 16 h in vacuum. Plasma crack test (AS214 O-ring at 10% stretch): crack at 10 min. Blank FKM cells read as 0 (sum=100, totals 124.5/104.5 confirm)."
US20090093590A1,patent,"Nippon Valqua Industries, Ltd.",Seal Material for Semiconductor Production Apparatus,https://patents.google.com/patent/US20090093590A1/en,Comparative Example 6,FKM,DAI-EL G902 (table: 'Daiel C 902'; VDF/HFP/TFE FKM),peroxide,100,20,0,0,0,0,0,0,0,3,1.5,0,0,0,0,carbon black Thermax N990; coagent TAIC 3; peroxide Perhexa 25B-40 (40% active on silica) 1.5,,,,,27,"200C x 70h, ~25% compression, AS214 O-ring (JIS K6262)",3.85,"O2:CF4=9:1, RF 500 W, 150 sccm total, 0.5 torr, 1.5 h, 300 mm parallel-plate (Hirano Kouon)",parts by weight; MPa n/a; CS %,"Press 160C x 10 min, post-cure 200C x 16 h in vacuum. Plasma crack test (AS214 O-ring at 10% stretch): crack at 10 min. Blank FKM cells read as 0 (sum=100, totals 124.5/104.5 confirm)."
US20090093590A1,patent,"Nippon Valqua Industries, Ltd.",Seal Material for Semiconductor Production Apparatus,https://patents.google.com/patent/US20090093590A1/en,Comparative Example 7,other,"FFKM/FKM blend: Tecnoflon PFR94 (Solvay Solexis, TFE/PAVE FFKM) 40 + DAI-EL LT302 (VDF/PAVE/TFE FKM) 60",peroxide,100,20,0,0,0,0,0,0,0,3,1.5,0,0,0,0,carbon black Thermax N990; coagent TAIC 3; peroxide Perhexa 25B-40 (40% active on silica) 1.5,,,,,34,"200C x 70h, ~25% compression, AS214 O-ring (JIS K6262)",0.85,"O2:CF4=9:1, RF 500 W, 150 sccm total, 0.5 torr, 1.5 h, 300 mm parallel-plate (Hirano Kouon)",parts by weight; MPa n/a; CS %,"Press 160C x 10 min, post-cure 200C x 16 h in vacuum. Plasma crack test (AS214 O-ring at 10% stretch): crack at 90 min; table blend-ratio row says 20/80 although formulation is 40/60. Blank FKM cells read as 0 (sum=100, totals 124.5/104.5 confirm)."
US20090093590A1,patent,"Nippon Valqua Industries, Ltd.",Seal Material for Semiconductor Production Apparatus,https://patents.google.com/patent/US20090093590A1/en,Comparative Example 8,FKM,DAI-EL LT302 (VDF/PAVE/TFE FKM),peroxide,100,20,0,0,0,0,0,0,0,3,1.5,0,0,0,0,carbon black Thermax N990; coagent TAIC 3; peroxide Perhexa 25B-40 (40% active on silica) 1.5,,,,,35,"200C x 70h, ~25% compression, AS214 O-ring (JIS K6262)",4.52,"O2:CF4=9:1, RF 500 W, 150 sccm total, 0.5 torr, 1.5 h, 300 mm parallel-plate (Hirano Kouon)",parts by weight; MPa n/a; CS %,"Press 160C x 10 min, post-cure 200C x 16 h in vacuum. Plasma crack test (AS214 O-ring at 10% stretch): crack at 90 min. Blank FKM cells read as 0 (sum=100, totals 124.5/104.5 confirm)."
US20160319102A1,patent,"Valqua, Ltd. (Nippon Valqua Industries)","Perfluoroelastomer composition, sealing material, and method for producing same",https://patents.google.com/patent/US20160319102A1/en,Example 1,FFKM,3M Dyneon PFE-131TZ (TFE/PAVE/CN-PAVE) 87.6 + elastomer part of 3M Dyneon PFE-133TBZ (CN-type FFKM + fluororesin) 12.4,nitrile_bisaminophenol,100,0,0,0,0,0,3.1,0,0,0,0,1.55,0,0,0,fluororesin contained in PFE-133TBZ 3.1; BOAP 1.55,68,12.6,220,2.8,15,"260C x 72h, 25% compression, O-ring 3.53 mm cross-section (JIS K6262)",,,"parts by weight; MPa; Shore A (type A durometer, sheet)",press 180C x 25 min; post-cure 280C x 6 h. Elastomer column = elastomer content of FFKM1 + FFKM2 (sum 100); fluororesin of PFE-133TBZ reported separately as 'Fluororesin 1'.
US20160319102A1,patent,"Valqua, Ltd. (Nippon Valqua Industries)","Perfluoroelastomer composition, sealing material, and method for producing same",https://patents.google.com/patent/US20160319102A1/en,Example 2,FFKM,3M Dyneon PFE-131TZ (TFE/PAVE/CN-PAVE) 74.5 + elastomer part of 3M Dyneon PFE-133TBZ (CN-type FFKM + fluororesin) 25.5,nitrile_bisaminophenol,100,0,0,0,0,0,6.4,0,0,0,0,1.6,0,0,0,fluororesin contained in PFE-133TBZ 6.4; BOAP 1.6,70,13.3,225,3.1,19,"260C x 72h, 25% compression, O-ring 3.53 mm cross-section (JIS K6262)",,,"parts by weight; MPa; Shore A (type A durometer, sheet)",press 180C x 25 min; post-cure 280C x 6 h. Elastomer column = elastomer content of FFKM1 + FFKM2 (sum 100); fluororesin of PFE-133TBZ reported separately as 'Fluororesin 1'.
US20160319102A1,patent,"Valqua, Ltd. (Nippon Valqua Industries)","Perfluoroelastomer composition, sealing material, and method for producing same",https://patents.google.com/patent/US20160319102A1/en,Example 3,FFKM,3M Dyneon PFE-131TZ (TFE/PAVE/CN-PAVE) 55.6 + elastomer part of 3M Dyneon PFE-133TBZ (CN-type FFKM + fluororesin) 44.4,nitrile_bisaminophenol,100,0,0,0,0,0,11.1,0,0,0,0,1.67,0,0,0,fluororesin contained in PFE-133TBZ 11.1; BOAP 1.67,74,15.5,210,4.3,23,"260C x 72h, 25% compression, O-ring 3.53 mm cross-section (JIS K6262)",,,"parts by weight; MPa; Shore A (type A durometer, sheet)",press 180C x 25 min; post-cure 280C x 6 h. Elastomer column = elastomer content of FFKM1 + FFKM2 (sum 100); fluororesin of PFE-133TBZ reported separately as 'Fluororesin 1'.
US20160319102A1,patent,"Valqua, Ltd. (Nippon Valqua Industries)","Perfluoroelastomer composition, sealing material, and method for producing same",https://patents.google.com/patent/US20160319102A1/en,Example 4,FFKM,3M Dyneon PFE-131TZ (TFE/PAVE/CN-PAVE) 20.4 + elastomer part of 3M Dyneon PFE-133TBZ (CN-type FFKM + fluororesin) 79.6,nitrile_bisaminophenol,100,0,0,0,0,0,19.9,0,0,0,0,1.8,0,0,0,fluororesin contained in PFE-133TBZ 19.9; BOAP 1.8,80,16.5,225,5.7,26,"260C x 72h, 25% compression, O-ring 3.53 mm cross-section (JIS K6262)",,,"parts by weight; MPa; Shore A (type A durometer, sheet)",press 180C x 25 min; post-cure 280C x 6 h. Elastomer column = elastomer content of FFKM1 + FFKM2 (sum 100); fluororesin of PFE-133TBZ reported separately as 'Fluororesin 1'.
US20160319102A1,patent,"Valqua, Ltd. (Nippon Valqua Industries)","Perfluoroelastomer composition, sealing material, and method for producing same",https://patents.google.com/patent/US20160319102A1/en,Example 5,FFKM,3M Dyneon PFE-131TZ (TFE/PAVE/CN-PAVE),nitrile_bisaminophenol,100,0,0,0,0,0,3.0,0,0,0,0,1.5,0,0,0,PTFE micropowder Dyneon TF9207Z 3.0; BOAP 1.5,68,12.2,220,2.1,18,"260C x 72h, 25% compression, O-ring 3.53 mm cross-section (JIS K6262)",,,"parts by weight; MPa; Shore A (type A durometer, sheet)",press 180C x 25 min; post-cure 280C x 6 h. Elastomer column = elastomer content of FFKM1 + FFKM2 (sum 100); fluororesin of PFE-133TBZ reported separately as 'Fluororesin 1'.
US20160319102A1,patent,"Valqua, Ltd. (Nippon Valqua Industries)","Perfluoroelastomer composition, sealing material, and method for producing same",https://patents.google.com/patent/US20160319102A1/en,Example 6,FFKM,3M Dyneon PFE-131TZ (TFE/PAVE/CN-PAVE),nitrile_bisaminophenol,100,0,0,0,0,0,20.0,0,0,0,0,1.5,0,0,0,PTFE micropowder Dyneon TF9207Z 20.0; BOAP 1.5,81,13.4,160,5.1,29,"260C x 72h, 25% compression, O-ring 3.53 mm cross-section (JIS K6262)",,,"parts by weight; MPa; Shore A (type A durometer, sheet)",press 180C x 25 min; post-cure 280C x 6 h. Elastomer column = elastomer content of FFKM1 + FFKM2 (sum 100); fluororesin of PFE-133TBZ reported separately as 'Fluororesin 1'.
US20160319102A1,patent,"Valqua, Ltd. (Nippon Valqua Industries)","Perfluoroelastomer composition, sealing material, and method for producing same",https://patents.google.com/patent/US20160319102A1/en,Comparative Example 1,FFKM,3M Dyneon PFE-131TZ (TFE/PAVE/CN-PAVE),nitrile_bisaminophenol,100,0,0,0,0,0,0,0,0,0,0,1.5,0,0,0,BOAP 1.5,64,11.5,210,1.5,11,"260C x 72h, 25% compression, O-ring 3.53 mm cross-section (JIS K6262)",,,"parts by weight; MPa; Shore A (type A durometer, sheet)",press 180C x 25 min; post-cure 280C x 6 h. Elastomer column = elastomer content of FFKM1 + FFKM2 (sum 100); fluororesin of PFE-133TBZ reported separately as 'Fluororesin 1'.
US20160319102A1,patent,"Valqua, Ltd. (Nippon Valqua Industries)","Perfluoroelastomer composition, sealing material, and method for producing same",https://patents.google.com/patent/US20160319102A1/en,Comparative Example 2,FFKM,elastomer part of 3M Dyneon PFE-133TBZ (CN-type FFKM + fluororesin),nitrile_bisaminophenol,100,0,0,0,0,0,25.0,0,0,0,0,1.89,0,0,0,fluororesin contained in PFE-133TBZ 25.0; BOAP 1.89,85,20.0,215,7.9,36,"260C x 72h, 25% compression, O-ring 3.53 mm cross-section (JIS K6262)",,,"parts by weight; MPa; Shore A (type A durometer, sheet)",press 180C x 25 min; post-cure 280C x 6 h. Elastomer column = elastomer content of FFKM1 + FFKM2 (sum 100); fluororesin of PFE-133TBZ reported separately as 'Fluororesin 1'.
US20160319102A1,patent,"Valqua, Ltd. (Nippon Valqua Industries)","Perfluoroelastomer composition, sealing material, and method for producing same",https://patents.google.com/patent/US20160319102A1/en,Comparative Example 3,FFKM,3M Dyneon PFE-131TZ (TFE/PAVE/CN-PAVE) 74.5 + elastomer part of 3M Dyneon PFE-133TBZ (CN-type FFKM + fluororesin) 25.5,nitrile_triazine,100,0,0,0,0,0,6.4,0,0,0,0,1.38,0,0,0,fluororesin contained in PFE-133TBZ 6.4; triazine catalyst Dyneon PFE300C 1.38,61,15.9,260,2.0,21,"260C x 72h, 25% compression, O-ring 3.53 mm cross-section (JIS K6262)",,,"parts by weight; MPa; Shore A (type A durometer, sheet)",press 170C x 20 min; post-cure 300C x 5 h. Elastomer column = elastomer content of FFKM1 + FFKM2 (sum 100); fluororesin of PFE-133TBZ reported separately as 'Fluororesin 1'.
US20160319102A1,patent,"Valqua, Ltd. (Nippon Valqua Industries)","Perfluoroelastomer composition, sealing material, and method for producing same",https://patents.google.com/patent/US20160319102A1/en,Comparative Example 4,FFKM,3M Dyneon PFE-131TZ (TFE/PAVE/CN-PAVE) 55.6 + elastomer part of 3M Dyneon PFE-133TBZ (CN-type FFKM + fluororesin) 44.4,nitrile_triazine,100,0,0,0,0,0,11.1,0,0,0,0,1.44,0,0,0,fluororesin contained in PFE-133TBZ 11.1; triazine catalyst Dyneon PFE300C 1.44,64,17.5,280,2.5,23,"260C x 72h, 25% compression, O-ring 3.53 mm cross-section (JIS K6262)",,,"parts by weight; MPa; Shore A (type A durometer, sheet)",press 170C x 20 min; post-cure 300C x 5 h. Elastomer column = elastomer content of FFKM1 + FFKM2 (sum 100); fluororesin of PFE-133TBZ reported separately as 'Fluororesin 1'.
US20160319102A1,patent,"Valqua, Ltd. (Nippon Valqua Industries)","Perfluoroelastomer composition, sealing material, and method for producing same",https://patents.google.com/patent/US20160319102A1/en,Comparative Example 5,FFKM,3M Dyneon PFE-131TZ (TFE/PAVE/CN-PAVE) 20.4 + elastomer part of 3M Dyneon PFE-133TBZ (CN-type FFKM + fluororesin) 79.6,nitrile_triazine,100,0,0,0,0,0,19.9,0,0,0,0,1.56,0,0,0,fluororesin contained in PFE-133TBZ 19.9; triazine catalyst Dyneon PFE300C 1.56,68,18.0,270,2.8,27,"260C x 72h, 25% compression, O-ring 3.53 mm cross-section (JIS K6262)",,,"parts by weight; MPa; Shore A (type A durometer, sheet)",press 170C x 20 min; post-cure 300C x 5 h. Elastomer column = elastomer content of FFKM1 + FFKM2 (sum 100); fluororesin of PFE-133TBZ reported separately as 'Fluororesin 1'.
US20160319102A1,patent,"Valqua, Ltd. (Nippon Valqua Industries)","Perfluoroelastomer composition, sealing material, and method for producing same",https://patents.google.com/patent/US20160319102A1/en,Comparative Example 7,FFKM,3M Dyneon PFE-131TZ (TFE/PAVE/CN-PAVE),nitrile_triazine,100,0,0,0,0,0,3.0,0,0,0,0,1.3,0,0,0,PTFE micropowder Dyneon TF9207Z 3.0; triazine catalyst Dyneon PFE300C 1.3,61,13.5,240,1.7,20,"260C x 72h, 25% compression, O-ring 3.53 mm cross-section (JIS K6262)",,,"parts by weight; MPa; Shore A (type A durometer, sheet)",press 170C x 20 min; post-cure 300C x 5 h. Elastomer column = elastomer content of FFKM1 + FFKM2 (sum 100); fluororesin of PFE-133TBZ reported separately as 'Fluororesin 1'.
US20160319102A1,patent,"Valqua, Ltd. (Nippon Valqua Industries)","Perfluoroelastomer composition, sealing material, and method for producing same",https://patents.google.com/patent/US20160319102A1/en,Comparative Example 8,FFKM,3M Dyneon PFE-131TZ (TFE/PAVE/CN-PAVE),nitrile_triazine,100,0,0,0,0,0,20.0,0,0,0,0,1.3,0,0,0,PTFE micropowder Dyneon TF9207Z 20.0; triazine catalyst Dyneon PFE300C 1.3,74,8.8,190,2.7,30,"260C x 72h, 25% compression, O-ring 3.53 mm cross-section (JIS K6262)",,,"parts by weight; MPa; Shore A (type A durometer, sheet)",press 170C x 20 min; post-cure 300C x 5 h. Elastomer column = elastomer content of FFKM1 + FFKM2 (sum 100); fluororesin of PFE-133TBZ reported separately as 'Fluororesin 1'.
US20160319102A1,patent,"Valqua, Ltd. (Nippon Valqua Industries)","Perfluoroelastomer composition, sealing material, and method for producing same",https://patents.google.com/patent/US20160319102A1/en,Comparative Example 9,FFKM,3M Dyneon PFE-131TZ (TFE/PAVE/CN-PAVE),nitrile_bisaminophenol,100,0,0,0,0,0,25.0,0,0,0,0,1.5,0,0,0,PTFE micropowder Dyneon TF9207Z 25.0; BOAP 1.5,86,13.9,130,6.9,33,"260C x 72h, 25% compression, O-ring 3.53 mm cross-section (JIS K6262)",,,"parts by weight; MPa; Shore A (type A durometer, sheet)",press 180C x 25 min; post-cure 280C x 6 h. Elastomer column = elastomer content of FFKM1 + FFKM2 (sum 100); fluororesin of PFE-133TBZ reported separately as 'Fluororesin 1'.
US20160319102A1,patent,"Valqua, Ltd. (Nippon Valqua Industries)","Perfluoroelastomer composition, sealing material, and method for producing same",https://patents.google.com/patent/US20160319102A1/en,Comparative Example 6,FFKM,Tecnoflon PFR94 (Solvay Specialty Polymers),peroxide,100,0,0,0,0,0,11.0,0,0,3.0,1.0,0,0,0,0,PTFE micropowder Dyneon TF9207Z 11.0; TAIC 3.00; Perhexa 25B 1.00,64,11.3,160,2.5,95,"260C x 72h, 25% compression, O-ring 3.53 mm cross-section (JIS K6262)",,,"parts by weight; MPa; Shore A (type A durometer, sheet)",press 170C x 20 min; post-cure 200C x 4 h.
US11118045B2,patent,"Valqua, Ltd.",Perfluoroelastomer composition and sealing material,https://patents.google.com/patent/US11118045B2/en,Example 1,FFKM,Tecnoflon PFR5910M (Solvay; TFE/PAVE/I-PAVE FFKM; elastomer part),peroxide,100,0,0,0,0,0,11,0,0.1,2,1,0,0,0,0,PTFE particles contained in PFR5910M 11; coagent of formula (3) contained in PFR5910M 2; Perhexa 25B 1; perylene pigment A (C.I. Pigment Red 149) 0.1,,,,,20,"200C x 72h, 25% compression, O-ring 3.53 mm cross-section (JIS K6262)",,,parts by weight; CS %,"Table 1. Press 165C x 20 min, post-cure 230C x 16 h. CS at 260C x 72h = 49%. Ozone exposure (200 g/m3, 160C, 72 h) weight loss 1.1% (not plasma). Ex1 and Ex5 have identical tabulated formulations but different results."
US11118045B2,patent,"Valqua, Ltd.",Perfluoroelastomer composition and sealing material,https://patents.google.com/patent/US11118045B2/en,Example 2,FFKM,Tecnoflon PFR5910M (Solvay; TFE/PAVE/I-PAVE FFKM; elastomer part),peroxide,100,0,0,0,0,0,11,0,0.1,2,1,0,0,0,0,PTFE particles contained in PFR5910M 11; coagent of formula (3) contained in PFR5910M 2; Perhexa 25B 1; perylene pigment B (C.I. Pigment Red 178) 0.1,,,,,20,"200C x 72h, 25% compression, O-ring 3.53 mm cross-section (JIS K6262)",,,parts by weight; CS %,"Table 1. Press 165C x 20 min, post-cure 230C x 16 h. CS at 260C x 72h = 53%. Ozone exposure (200 g/m3, 160C, 72 h) weight loss 1.09% (not plasma)."
US11118045B2,patent,"Valqua, Ltd.",Perfluoroelastomer composition and sealing material,https://patents.google.com/patent/US11118045B2/en,Example 3,FFKM,Tecnoflon PFR5910M (Solvay; TFE/PAVE/I-PAVE FFKM; elastomer part),peroxide,100,0,0,0,0,0,11,0,0.3,2,1,0,0,0,0,PTFE particles contained in PFR5910M 11; coagent of formula (3) contained in PFR5910M 2; Perhexa 25B 1; perylene pigment A (C.I. Pigment Red 149) 0.3,,,,,23,"200C x 72h, 25% compression, O-ring 3.53 mm cross-section (JIS K6262)",,,parts by weight; CS %,"Table 1. Press 165C x 20 min, post-cure 230C x 16 h. CS at 260C x 72h = 50%. Ozone exposure (200 g/m3, 160C, 72 h) weight loss 1.01% (not plasma). Ex3 and Ex6 have identical tabulated formulations but different results."
US11118045B2,patent,"Valqua, Ltd.",Perfluoroelastomer composition and sealing material,https://patents.google.com/patent/US11118045B2/en,Example 4,FFKM,Tecnoflon PFR5910M (Solvay; TFE/PAVE/I-PAVE FFKM; elastomer part),peroxide,100,0,0,0,0,0,11,0,0.6,2,1,0,0,0,0,PTFE particles contained in PFR5910M 11; coagent of formula (3) contained in PFR5910M 2; Perhexa 25B 1; perylene pigment A (C.I. Pigment Red 149) 0.6,,,,,24,"200C x 72h, 25% compression, O-ring 3.53 mm cross-section (JIS K6262)",,,parts by weight; CS %,"Table 1. Press 165C x 20 min, post-cure 230C x 16 h. CS at 260C x 72h = 55%. Ozone exposure (200 g/m3, 160C, 72 h) weight loss 0.98% (not plasma)."
US11118045B2,patent,"Valqua, Ltd.",Perfluoroelastomer composition and sealing material,https://patents.google.com/patent/US11118045B2/en,Example 5,FFKM,Tecnoflon PFR5910M (Solvay; TFE/PAVE/I-PAVE FFKM; elastomer part),peroxide,100,0,0,0,0,0,11,0,0.1,2,1,0,0,0,0,PTFE particles contained in PFR5910M 11; coagent of formula (3) contained in PFR5910M 2; Perhexa 25B 1; perylene pigment A (C.I. Pigment Red 149) 0.1,,,,,23,"200C x 72h, 25% compression, O-ring 3.53 mm cross-section (JIS K6262)",,,parts by weight; CS %,"Table 1. Press 165C x 20 min, post-cure 230C x 16 h. CS at 260C x 72h = 54%. Ozone exposure (200 g/m3, 160C, 72 h) weight loss 1.02% (not plasma). Ex1 and Ex5 have identical tabulated formulations but different results."
US11118045B2,patent,"Valqua, Ltd.",Perfluoroelastomer composition and sealing material,https://patents.google.com/patent/US11118045B2/en,Example 6,FFKM,Tecnoflon PFR5910M (Solvay; TFE/PAVE/I-PAVE FFKM; elastomer part),peroxide,100,0,0,0,0,0,11,0,0.3,2,1,0,0,0,0,PTFE particles contained in PFR5910M 11; coagent of formula (3) contained in PFR5910M 2; Perhexa 25B 1; perylene pigment A (C.I. Pigment Red 149) 0.3,,,,,25,"200C x 72h, 25% compression, O-ring 3.53 mm cross-section (JIS K6262)",,,parts by weight; CS %,"Table 1. Press 165C x 20 min, post-cure 230C x 16 h. CS at 260C x 72h = 53%. Ozone exposure (200 g/m3, 160C, 72 h) weight loss 1.01% (not plasma). Ex3 and Ex6 have identical tabulated formulations but different results."
US11118045B2,patent,"Valqua, Ltd.",Perfluoroelastomer composition and sealing material,https://patents.google.com/patent/US11118045B2/en,Example 7,FFKM,Tecnoflon PFR5910M (Solvay; TFE/PAVE/I-PAVE FFKM; elastomer part),peroxide,100,0,0,0,0,0,11,0,0.1,2,2,0,0,0,0,PTFE particles contained in PFR5910M 11; coagent of formula (3) contained in PFR5910M 2; Perhexa 25B 2; perylene pigment A (C.I. Pigment Red 149) 0.1,,,,,26,"200C x 72h, 25% compression, O-ring 3.53 mm cross-section (JIS K6262)",,,parts by weight; CS %,"Table 1. Press 165C x 20 min, post-cure 230C x 16 h. CS at 260C x 72h = 52%. Ozone exposure (200 g/m3, 160C, 72 h) weight loss 1.15% (not plasma)."
US11118045B2,patent,"Valqua, Ltd.",Perfluoroelastomer composition and sealing material,https://patents.google.com/patent/US11118045B2/en,Example 8,FFKM,Tecnoflon PFR5910M (Solvay; TFE/PAVE/I-PAVE FFKM; elastomer part),peroxide,100,0,0,0,0,0,11,0,0.3,2,2,0,0,0,0,PTFE particles contained in PFR5910M 11; coagent of formula (3) contained in PFR5910M 2; Perhexa 25B 2; perylene pigment A (C.I. Pigment Red 149) 0.3,,,,,24,"200C x 72h, 25% compression, O-ring 3.53 mm cross-section (JIS K6262)",,,parts by weight; CS %,"Table 1. Press 165C x 20 min, post-cure 230C x 16 h. CS at 260C x 72h = 55%. Ozone exposure (200 g/m3, 160C, 72 h) weight loss 1.18% (not plasma)."
US11118045B2,patent,"Valqua, Ltd.",Perfluoroelastomer composition and sealing material,https://patents.google.com/patent/US11118045B2/en,Example 9,FFKM,Tecnoflon PFR5910M (Solvay; TFE/PAVE/I-PAVE FFKM; elastomer part),peroxide,100,0,0,0,0,0,11,0,1.1,2,1,0,0,0,0,PTFE particles contained in PFR5910M 11; coagent of formula (3) contained in PFR5910M 2; Perhexa 25B 1; perylene pigment A (C.I. Pigment Red 149) 1.1,,,,,31,"200C x 72h, 25% compression, O-ring 3.53 mm cross-section (JIS K6262)",,,parts by weight; CS %,"Table 1. Press 165C x 20 min, post-cure 230C x 16 h. CS at 260C x 72h = 59%. Ozone exposure (200 g/m3, 160C, 72 h) weight loss 1.19% (not plasma)."
US11118045B2,patent,"Valqua, Ltd.",Perfluoroelastomer composition and sealing material,https://patents.google.com/patent/US11118045B2/en,Comparative Example 1,FFKM,Tecnoflon PFR5910M (Solvay; TFE/PAVE/I-PAVE FFKM; elastomer part),peroxide,100,0,0,0,0,0,11,0,0,2,1,0,0,0,0,PTFE particles contained in PFR5910M 11; coagent of formula (3) contained in PFR5910M 2; Perhexa 25B 1,,,,,18,"200C x 72h, 25% compression, O-ring 3.53 mm cross-section (JIS K6262)",,,parts by weight; CS %,"Table 1. Press 165C x 20 min, post-cure 230C x 16 h. CS at 260C x 72h = 63%. Ozone exposure (200 g/m3, 160C, 72 h) weight loss 1.27% (not plasma)."
US11118045B2,patent,"Valqua, Ltd.",Perfluoroelastomer composition and sealing material,https://patents.google.com/patent/US11118045B2/en,Example 12,FFKM,Tecnoflon PFR5910M (Solvay; TFE/PAVE/I-PAVE FFKM; elastomer part),peroxide,100,0,0,0,0,0,11,0,0.3,2,1,0,0,0,0,PTFE particles contained in PFR5910M 11; coagent of formula (3) contained in PFR5910M 2; Perhexa 25B 1; perylene pigment C (C.I. Pigment Red 179) 0.3,,,,,32,"200C x 72h, 25% compression, O-ring 3.53 mm cross-section (JIS K6262)",,,parts by weight; CS %,"Table 2. Press 165C x 20 min, post-cure 230C x 16 h. CS at 260C x 72h = 56%. Ozone exposure (200 g/m3, 160C, 72 h) weight loss 1.06% (not plasma). Peroxide cell printed as 'I' in Google Patents table, read as 1 (all other cells in row = 1)."
US11118045B2,patent,"Valqua, Ltd.",Perfluoroelastomer composition and sealing material,https://patents.google.com/patent/US11118045B2/en,Example 13,FFKM,Tecnoflon PFR5910M (Solvay; TFE/PAVE/I-PAVE FFKM; elastomer part),peroxide,100,0,0,0,0,0,11,0,0.05,2,1,0,0,0,0,PTFE particles contained in PFR5910M 11; coagent of formula (3) contained in PFR5910M 2; Perhexa 25B 1; perylene pigment A (C.I. Pigment Red 149; Table 2 text says PR 119) 0.05,,,,,29,"200C x 72h, 25% compression, O-ring 3.53 mm cross-section (JIS K6262)",,,parts by weight; CS %,"Table 2. Press 165C x 20 min, post-cure 230C x 16 h. CS at 260C x 72h = 49%. Ozone exposure (200 g/m3, 160C, 72 h) weight loss 0.95% (not plasma)."
US11118045B2,patent,"Valqua, Ltd.",Perfluoroelastomer composition and sealing material,https://patents.google.com/patent/US11118045B2/en,Comparative Example 4,FFKM,Tecnoflon PFR5910M (Solvay; TFE/PAVE/I-PAVE FFKM; elastomer part),peroxide,100,0,0,0,0,0,11,0,2.0,2,1,0,0,0,0,PTFE particles contained in PFR5910M 11; coagent of formula (3) contained in PFR5910M 2; Perhexa 25B 1; perylene pigment A (C.I. Pigment Red 149; Table 2 text says PR 119) 2.0,,,,,33,"200C x 72h, 25% compression, O-ring 3.53 mm cross-section (JIS K6262)",,,parts by weight; CS %,"Table 2. Press 165C x 20 min, post-cure 230C x 16 h. CS at 260C x 72h = 55%. Ozone exposure (200 g/m3, 160C, 72 h) weight loss 1.63% (not plasma)."
US11118045B2,patent,"Valqua, Ltd.",Perfluoroelastomer composition and sealing material,https://patents.google.com/patent/US11118045B2/en,Comparative Example 5,FFKM,Tecnoflon PFR5910M (Solvay; TFE/PAVE/I-PAVE FFKM; elastomer part),peroxide,100,0,0,0,0,0,11,0,5.0,2,1,0,0,0,0,PTFE particles contained in PFR5910M 11; coagent of formula (3) contained in PFR5910M 2; Perhexa 25B 1; perylene pigment A (C.I. Pigment Red 149; Table 2 text says PR 119) 5.0,,,,,43,"200C x 72h, 25% compression, O-ring 3.53 mm cross-section (JIS K6262)",,,parts by weight; CS %,"Table 2. Press 165C x 20 min, post-cure 230C x 16 h. CS at 260C x 72h = 66%. Ozone exposure (200 g/m3, 160C, 72 h) weight loss 2.29% (not plasma)."
US11118045B2,patent,"Valqua, Ltd.",Perfluoroelastomer composition and sealing material,https://patents.google.com/patent/US11118045B2/en,Comparative Example 6,FFKM,Tecnoflon PFR5910M (Solvay; TFE/PAVE/I-PAVE FFKM; elastomer part),peroxide,100,0,0,0,0,0,11,0,10.0,2,1,0,0,0,0,PTFE particles contained in PFR5910M 11; coagent of formula (3) contained in PFR5910M 2; Perhexa 25B 1; perylene pigment A (C.I. Pigment Red 149; Table 2 text says PR 119) 10.0,,,,,59,"200C x 72h, 25% compression, O-ring 3.53 mm cross-section (JIS K6262)",,,parts by weight; CS %,"Table 2. Press 165C x 20 min, post-cure 230C x 16 h. CS at 260C x 72h = 84%. Ozone exposure (200 g/m3, 160C, 72 h) weight loss 3.09% (not plasma)."
US11118045B2,patent,"Valqua, Ltd.",Perfluoroelastomer composition and sealing material,https://patents.google.com/patent/US11118045B2/en,Comparative Example 7,FFKM,Tecnoflon PFR5910M (Solvay; TFE/PAVE/I-PAVE FFKM; elastomer part),peroxide,100,0,0,0,0,0,11,0,20.0,2,1,0,0,0,0,PTFE particles contained in PFR5910M 11; coagent of formula (3) contained in PFR5910M 2; Perhexa 25B 1; perylene pigment A (C.I. Pigment Red 149; Table 2 text says PR 119) 20.0,,,,,66,"200C x 72h, 25% compression, O-ring 3.53 mm cross-section (JIS K6262)",,,parts by weight; CS %,"Table 2. Press 165C x 20 min, post-cure 230C x 16 h. CS at 260C x 72h = 91%. Ozone exposure (200 g/m3, 160C, 72 h) weight loss 3.54% (not plasma)."
US11118045B2,patent,"Valqua, Ltd.",Perfluoroelastomer composition and sealing material,https://patents.google.com/patent/US11118045B2/en,Example 10,FFKM,"3M PFE 191TZ (FFKM; placed in FFKM 2 row by inference, see notes)",nitrile_triazine,100,15,0,0,0,0,0,0,0.3,0,0,1,0,0,0,carbon black N990 MT 15; triazine catalyst 3M PFE 300C 1; perylene pigment B (C.I. Pigment Red 178) 0.3,,,,,11,"200C x 72h, 25% compression, O-ring 3.53 mm cross-section (JIS K6262)",,,parts by weight; CS %,"Press 165C x 10 min, post-cure 150C x 7 h + 300C x 4 h. CS at 260C x 72h = 9%. Ozone weight loss 1.79%. The '100' appears on the row line between FFKM 1 and FFKM 2 in the Google Patents table; assigned to FFKM 2 (PFE 191TZ) since FFKM 1 row is blank for this column and cure is triazine."
US11118045B2,patent,"Valqua, Ltd.",Perfluoroelastomer composition and sealing material,https://patents.google.com/patent/US11118045B2/en,Comparative Example 2,FFKM,"3M PFE 191TZ (FFKM; placed in FFKM 2 row by inference, see notes)",nitrile_triazine,100,15,0,0,0,0,0,0,0,0,0,1,0,0,0,carbon black N990 MT 15; triazine catalyst 3M PFE 300C 1,,,,,8,"200C x 72h, 25% compression, O-ring 3.53 mm cross-section (JIS K6262)",,,parts by weight; CS %,"Press 165C x 10 min, post-cure 150C x 7 h + 300C x 4 h. CS at 260C x 72h = 10%. Ozone weight loss 1.88%. '100' assigned to FFKM 2 (PFE 191TZ), see Example 10 note."
US11118045B2,patent,"Valqua, Ltd.",Perfluoroelastomer composition and sealing material,https://patents.google.com/patent/US11118045B2/en,Example 11,FFKM,3M PFE 133TBZ elastomer part 93 + 3M PFE 01CZ elastomer part 7,nitrile_triazine,100,0,2,0,0,0,23,0,0.4,0,0,2,0,0,0,fluororesin contained in PFE 133TBZ 23; triazine catalyst contained in PFE 01CZ 2; silica Aerosil R972 2; perylene pigment A (C.I. Pigment Red 149) 0.4,,,,,16,"200C x 72h, 25% compression, O-ring 3.53 mm cross-section (JIS K6262)",,,parts by weight; CS %,"Press 188C x 15 min, post-cure 250C x 24 h. CS at 260C x 72h = 43%. Ozone weight loss 1.12%. Silica row labelled 'Silion' in table = Aerosil R972."
US11118045B2,patent,"Valqua, Ltd.",Perfluoroelastomer composition and sealing material,https://patents.google.com/patent/US11118045B2/en,Comparative Example 3,FFKM,3M PFE 133TBZ elastomer part 93 + 3M PFE 01CZ elastomer part 7,nitrile_triazine,100,0,2,0,0,0,23,0,0,0,0,2,0,0,0,fluororesin contained in PFE 133TBZ 23; triazine catalyst contained in PFE 01CZ 2; silica Aerosil R972 2,,,,,18,"200C x 72h, 25% compression, O-ring 3.53 mm cross-section (JIS K6262)",,,parts by weight; CS %,"Press 188C x 15 min, post-cure 250C x 24 h. CS at 260C x 72h = 47%. Ozone weight loss 1.22%. Silica row labelled 'Silion' in table = Aerosil R972."
US8349965B2,patent,"Nippon Valqua Industries, Ltd.",Fluororubber composition capable of forming crack-resistant seal and crack-resistant seal formed from the composition,https://patents.google.com/patent/US8349965B2/en,Example 1,FKM,DAI-EL G912 (VDF/HFP/TFE),peroxide,100,0,0,0,0,0,0,0,0,4,1.5,0,0.5,0,0,TAIC 4; Perhexa 25B 1.5; bisphenol AF 0.5 (polyol additive),,,,,24,"200C x 70h, 25% compression, AS214 O-ring (JIS K6262)",2.1,"O2:CF4=9:1, RF 300 W, 200 sccm, 1 torr, 6 h, sample 10 cm from electrode (Hirano Koh-On plate apparatus)",parts by weight; CS %; weight loss %,"Press 160C x 30 min, post-cure 180C x 16 h (vacuum). Plasma crack test (2 h, 28% stretch): No crack."
US8349965B2,patent,"Nippon Valqua Industries, Ltd.",Fluororubber composition capable of forming crack-resistant seal and crack-resistant seal formed from the composition,https://patents.google.com/patent/US8349965B2/en,Example 2,FKM,DAI-EL LT302 (VDF/PAVE/TFE),peroxide,100,0,0,0,0,0,0,0,0,4,1.5,0,0.5,0,0,TAIC 4; Perhexa 25B 1.5; bisphenol AF 0.5 (polyol additive),,,,,36,"200C x 70h, 25% compression, AS214 O-ring (JIS K6262)",4.3,"O2:CF4=9:1, RF 300 W, 200 sccm, 1 torr, 6 h, sample 10 cm from electrode (Hirano Koh-On plate apparatus)",parts by weight; CS %; weight loss %,"Press 160C x 30 min, post-cure 180C x 16 h (vacuum). Plasma crack test (2 h, 28% stretch): No crack."
US8349965B2,patent,"Nippon Valqua Industries, Ltd.",Fluororubber composition capable of forming crack-resistant seal and crack-resistant seal formed from the composition,https://patents.google.com/patent/US8349965B2/en,Example 3,FKM,DAI-EL G912 (VDF/HFP/TFE) 50 + DAI-EL LT302 (VDF/PAVE/TFE) 50,peroxide,100,0,0,0,0,0,0,0,0,4,1.5,0,0.5,0,0,TAIC 4; Perhexa 25B 1.5; bisphenol AF 0.5 (polyol additive),,,,,29,"200C x 70h, 25% compression, AS214 O-ring (JIS K6262)",3.5,"O2:CF4=9:1, RF 300 W, 200 sccm, 1 torr, 6 h, sample 10 cm from electrode (Hirano Koh-On plate apparatus)",parts by weight; CS %; weight loss %,"Press 160C x 30 min, post-cure 180C x 16 h (vacuum). Plasma crack test (2 h, 28% stretch): No crack."
US8349965B2,patent,"Nippon Valqua Industries, Ltd.",Fluororubber composition capable of forming crack-resistant seal and crack-resistant seal formed from the composition,https://patents.google.com/patent/US8349965B2/en,Example 4,FKM,DAI-EL G912 (VDF/HFP/TFE),peroxide,100,0,0,0,0,0,0,0,0,4,1.5,0,0.1,0,0,TAIC 4; Perhexa 25B 1.5; bisphenol AF 0.1 (polyol additive),,,,,25,"200C x 70h, 25% compression, AS214 O-ring (JIS K6262)",2.0,"O2:CF4=9:1, RF 300 W, 200 sccm, 1 torr, 6 h, sample 10 cm from electrode (Hirano Koh-On plate apparatus)",parts by weight; CS %; weight loss %,"Press 160C x 30 min, post-cure 180C x 16 h (vacuum). Plasma crack test (2 h, 28% stretch): No crack. Table total 105.65 vs sum 105.6 (BPAF printed 0.10)."
US8349965B2,patent,"Nippon Valqua Industries, Ltd.",Fluororubber composition capable of forming crack-resistant seal and crack-resistant seal formed from the composition,https://patents.google.com/patent/US8349965B2/en,Example 5,FKM,DAI-EL G912 (VDF/HFP/TFE),peroxide,100,0,0,0,0,0,0,0,0,4,1.5,0,1.0,0,0,TAIC 4; Perhexa 25B 1.5; bisphenol AF 1.0 (polyol additive),,,,,38,"200C x 70h, 25% compression, AS214 O-ring (JIS K6262)",2.1,"O2:CF4=9:1, RF 300 W, 200 sccm, 1 torr, 6 h, sample 10 cm from electrode (Hirano Koh-On plate apparatus)",parts by weight; CS %; weight loss %,"Press 160C x 30 min, post-cure 180C x 16 h (vacuum). Plasma crack test (2 h, 28% stretch): No crack. Table total 108.5 vs sum of listed parts 106.5."
US8349965B2,patent,"Nippon Valqua Industries, Ltd.",Fluororubber composition capable of forming crack-resistant seal and crack-resistant seal formed from the composition,https://patents.google.com/patent/US8349965B2/en,Example 6,FKM,DAI-EL G912 (VDF/HFP/TFE),peroxide,100,0,0,0,0,0,0,0,0,4,1.5,0,3,0,0,TAIC 4; Perhexa 25B 1.5; bisphenol AF 3 (polyol additive),,,,,56,"200C x 70h, 25% compression, AS214 O-ring (JIS K6262)",2.3,"O2:CF4=9:1, RF 300 W, 200 sccm, 1 torr, 6 h, sample 10 cm from electrode (Hirano Koh-On plate apparatus)",parts by weight; CS %; weight loss %,"Press 160C x 30 min, post-cure 180C x 16 h (vacuum). Plasma crack test (2 h, 28% stretch): No crack."
US8349965B2,patent,"Nippon Valqua Industries, Ltd.",Fluororubber composition capable of forming crack-resistant seal and crack-resistant seal formed from the composition,https://patents.google.com/patent/US8349965B2/en,Example 7,FKM,DAI-EL G801 (VDF/HFP),peroxide,100,0,0,0,0,0,0,0,0,4,1.5,0,0.5,0,0,TAIC 4; Perhexa 25B 1.5; bisphenol AF 0.5 (polyol additive),,,,,26,"200C x 70h, 25% compression, AS214 O-ring (JIS K6262)",4.7,"O2:CF4=9:1, RF 300 W, 200 sccm, 1 torr, 6 h, sample 10 cm from electrode (Hirano Koh-On plate apparatus)",parts by weight; CS %; weight loss %,"Press 160C x 30 min, post-cure 180C x 16 h (vacuum). Plasma crack test (2 h, 28% stretch): No crack."
US8349965B2,patent,"Nippon Valqua Industries, Ltd.",Fluororubber composition capable of forming crack-resistant seal and crack-resistant seal formed from the composition,https://patents.google.com/patent/US8349965B2/en,Example 8,FKM,DAI-EL G912 (VDF/HFP/TFE),peroxide,100,0,0,0,0,0,0,0,0,4,1.5,0,0.5,0,0,TAIC 4; Perhexa 25B 1.5; bisphenol S 0.5 (polyol additive),,,,,30,"200C x 70h, 25% compression, AS214 O-ring (JIS K6262)",2.3,"O2:CF4=9:1, RF 300 W, 200 sccm, 1 torr, 6 h, sample 10 cm from electrode (Hirano Koh-On plate apparatus)",parts by weight; CS %; weight loss %,"Press 160C x 30 min, post-cure 180C x 16 h (vacuum). Plasma crack test (2 h, 28% stretch): No crack."
US8349965B2,patent,"Nippon Valqua Industries, Ltd.",Fluororubber composition capable of forming crack-resistant seal and crack-resistant seal formed from the composition,https://patents.google.com/patent/US8349965B2/en,Example 9,FKM,DAI-EL G912 (VDF/HFP/TFE),peroxide,100,0,0,0,0,0,0,0,0,2.5,1.5,0,0.5,0,0,TAIC 2.5; Perhexa 25B 1.5; bisphenol AF 0.5 (polyol additive),,,,,35,"200C x 70h, 25% compression, AS214 O-ring (JIS K6262)",2.2,"O2:CF4=9:1, RF 300 W, 200 sccm, 1 torr, 6 h, sample 10 cm from electrode (Hirano Koh-On plate apparatus)",parts by weight; CS %; weight loss %,"Press 160C x 30 min, post-cure 180C x 16 h (vacuum). Plasma crack test (2 h, 28% stretch): No crack."
US8349965B2,patent,"Nippon Valqua Industries, Ltd.",Fluororubber composition capable of forming crack-resistant seal and crack-resistant seal formed from the composition,https://patents.google.com/patent/US8349965B2/en,Example 10,FKM,DAI-EL G912 (VDF/HFP/TFE),peroxide,100,0,0,0,0,0,0,0,0,7,1.5,0,0.5,0,0,TAIC 7; Perhexa 25B 1.5; bisphenol AF 0.5 (polyol additive),,,,,30,"200C x 70h, 25% compression, AS214 O-ring (JIS K6262)",2.3,"O2:CF4=9:1, RF 300 W, 200 sccm, 1 torr, 6 h, sample 10 cm from electrode (Hirano Koh-On plate apparatus)",parts by weight; CS %; weight loss %,"Press 160C x 30 min, post-cure 180C x 16 h (vacuum). Plasma crack test (2 h, 28% stretch): No crack. Table total 111.0 vs sum of listed parts 109.0."
US8349965B2,patent,"Nippon Valqua Industries, Ltd.",Fluororubber composition capable of forming crack-resistant seal and crack-resistant seal formed from the composition,https://patents.google.com/patent/US8349965B2/en,Example 11,FKM,DAI-EL G912 (VDF/HFP/TFE),peroxide,100,0,0,0,0,0,0,0,0,4,3,0,0.5,0,0,TAIC 4; Perhexa 25B 3; bisphenol AF 0.5 (polyol additive),,,,,28,"200C x 70h, 25% compression, AS214 O-ring (JIS K6262)",2.1,"O2:CF4=9:1, RF 300 W, 200 sccm, 1 torr, 6 h, sample 10 cm from electrode (Hirano Koh-On plate apparatus)",parts by weight; CS %; weight loss %,"Press 160C x 30 min, post-cure 180C x 16 h (vacuum). Plasma crack test (2 h, 28% stretch): No crack."
US8349965B2,patent,"Nippon Valqua Industries, Ltd.",Fluororubber composition capable of forming crack-resistant seal and crack-resistant seal formed from the composition,https://patents.google.com/patent/US8349965B2/en,Example 12,FKM,DAI-EL G912 (VDF/HFP/TFE),peroxide,100,0,0,0,0,0,0,0,0,4,1.5,0,0.5,0,0,TAIC 4; Perbutyl P 1.5; bisphenol AF 0.5 (polyol additive),,,,,32,"200C x 70h, 25% compression, AS214 O-ring (JIS K6262)",2.2,"O2:CF4=9:1, RF 300 W, 200 sccm, 1 torr, 6 h, sample 10 cm from electrode (Hirano Koh-On plate apparatus)",parts by weight; CS %; weight loss %,"Press 160C x 30 min, post-cure 180C x 16 h (vacuum). Plasma crack test (2 h, 28% stretch): No crack."
US8349965B2,patent,"Nippon Valqua Industries, Ltd.",Fluororubber composition capable of forming crack-resistant seal and crack-resistant seal formed from the composition,https://patents.google.com/patent/US8349965B2/en,Example 13,FKM,DAI-EL G912 (VDF/HFP/TFE),peroxide,100,0,0,0,0,0,0,0,0,4,0.5,0,0.5,0,0,TAIC 4; Perhexa 25B 0.5; bisphenol AF 0.5 (polyol additive),,,,,34,"200C x 70h, 25% compression, AS214 O-ring (JIS K6262)",2.3,"O2:CF4=9:1, RF 300 W, 200 sccm, 1 torr, 6 h, sample 10 cm from electrode (Hirano Koh-On plate apparatus)",parts by weight; CS %; weight loss %,"Press 160C x 30 min, post-cure 180C x 16 h (vacuum). Plasma crack test (2 h, 28% stretch): No crack."
US8349965B2,patent,"Nippon Valqua Industries, Ltd.",Fluororubber composition capable of forming crack-resistant seal and crack-resistant seal formed from the composition,https://patents.google.com/patent/US8349965B2/en,Example 14,FKM,DAI-EL G912 (VDF/HFP/TFE),peroxide,100,0,0,0,0,0,0,0,0,4,1.0,0,0.5,0,0,TAIC 4; Perhexa 25B 1.0; bisphenol AF 0.5 (polyol additive),,,,,31,"200C x 70h, 25% compression, AS214 O-ring (JIS K6262)",2.1,"O2:CF4=9:1, RF 300 W, 200 sccm, 1 torr, 6 h, sample 10 cm from electrode (Hirano Koh-On plate apparatus)",parts by weight; CS %; weight loss %,"Press 160C x 30 min, post-cure 180C x 16 h (vacuum). Plasma crack test (2 h, 28% stretch): No crack."
US8349965B2,patent,"Nippon Valqua Industries, Ltd.",Fluororubber composition capable of forming crack-resistant seal and crack-resistant seal formed from the composition,https://patents.google.com/patent/US8349965B2/en,Comparative Example 1,FKM,DAI-EL G912 (VDF/HFP/TFE),peroxide,100,0,0,0,0,0,0,0,0,4,1.5,0,0,0,0,TAIC 4; Perhexa 25B 1.5,,,,,23,"200C x 70h, 25% compression, AS214 O-ring (JIS K6262)",2.0,"O2:CF4=9:1, RF 300 W, 200 sccm, 1 torr, 6 h, sample 10 cm from electrode (Hirano Koh-On plate apparatus)",parts by weight; CS %; weight loss %,"Press 160C x 30 min, post-cure 180C x 16 h (vacuum). Plasma crack test (2 h, 28% stretch): Crack."
US8349965B2,patent,"Nippon Valqua Industries, Ltd.",Fluororubber composition capable of forming crack-resistant seal and crack-resistant seal formed from the composition,https://patents.google.com/patent/US8349965B2/en,Comparative Example 2,FKM,DAI-EL LT302 (VDF/PAVE/TFE),peroxide,100,0,0,0,0,0,0,0,0,4,1.5,0,0,0,0,TAIC 4; Perhexa 25B 1.5,,,,,34,"200C x 70h, 25% compression, AS214 O-ring (JIS K6262)",4.5,"O2:CF4=9:1, RF 300 W, 200 sccm, 1 torr, 6 h, sample 10 cm from electrode (Hirano Koh-On plate apparatus)",parts by weight; CS %; weight loss %,"Press 160C x 30 min, post-cure 180C x 16 h (vacuum). Plasma crack test (2 h, 28% stretch): Crack."
US8349965B2,patent,"Nippon Valqua Industries, Ltd.",Fluororubber composition capable of forming crack-resistant seal and crack-resistant seal formed from the composition,https://patents.google.com/patent/US8349965B2/en,Comparative Example 3,FKM,DAI-EL G912 (VDF/HFP/TFE) 50 + DAI-EL LT302 (VDF/PAVE/TFE) 50,peroxide,100,0,0,0,0,0,0,0,0,4,1.5,0,0,0,0,TAIC 4; Perhexa 25B 1.5,,,,,30,"200C x 70h, 25% compression, AS214 O-ring (JIS K6262)",3.7,"O2:CF4=9:1, RF 300 W, 200 sccm, 1 torr, 6 h, sample 10 cm from electrode (Hirano Koh-On plate apparatus)",parts by weight; CS %; weight loss %,"Press 160C x 30 min, post-cure 180C x 16 h (vacuum). Plasma crack test (2 h, 28% stretch): Crack."
US8349965B2,patent,"Nippon Valqua Industries, Ltd.",Fluororubber composition capable of forming crack-resistant seal and crack-resistant seal formed from the composition,https://patents.google.com/patent/US8349965B2/en,Comparative Example 4,FKM,DAI-EL G701M BP (VDF/HFP),bisphenol,100,0,0,0,0,0,0,0,0,0,0,0,6.5,9,0,bisphenol AF 2 + Curative VC20 (33% active phosphonium MB) 4.5; MgO Kyowamag 150 3 + Ca(OH)2 Caldic 2000 6,,,,,28,"200C x 70h, 25% compression, AS214 O-ring (JIS K6262)",4.7,"O2:CF4=9:1, RF 300 W, 200 sccm, 1 torr, 6 h, sample 10 cm from electrode (Hirano Koh-On plate apparatus)",parts by weight; CS %; weight loss %,"Press 160C x 30 min, post-cure 230C x 24 h. Plasma crack test: Crack."
US8349965B2,patent,"Nippon Valqua Industries, Ltd.",Fluororubber composition capable of forming crack-resistant seal and crack-resistant seal formed from the composition,https://patents.google.com/patent/US8349965B2/en,Comparative Example 5,FKM,DAI-EL G621 (VDF/HFP/TFE masterbatch with quaternary ammonium salt + BPAF),bisphenol,100,0,0,0,0,0,0,0,0,0,0,0,,9,0,cure system pre-incorporated in G621 masterbatch (amount not stated); MgO 3 + Ca(OH)2 6,,,,,45,"200C x 70h, 25% compression, AS214 O-ring (JIS K6262)",3.0,"O2:CF4=9:1, RF 300 W, 200 sccm, 1 torr, 6 h, sample 10 cm from electrode (Hirano Koh-On plate apparatus)",parts by weight; CS %; weight loss %,"Press 160C x 30 min, post-cure 230C x 24 h. Plasma crack test: Crack. other_curative left empty (incorporated in polymer)."
US10723872B2,patent,Nichias Corporation,"Crosslinkable elastomer composition, molded article, seal member, plasma treatment apparatus and semiconductor manufacturing apparatus including said seal member, and agent for decreasing hardness of molded article, method for producing molded article",https://patents.google.com/patent/US10723872B2/en,Comparative example 1,FKM,Tecnoflon P959 (Solvay),peroxide,100,15,0,0,0,0,0,0,0,2,1,0,0,0,0,MT carbon N990 15; TAIC 2; Perhexa 25B 1,67.5,,,,,,9.72,"O2+CF4 surface-wave plasma (Shinko Seiki), 133 Pa, 3 kW, 2 h; 3.53 mm x 30 mm cut AS568-214 piece",amounts in g per 100 g elastomer (= phr); hardness micro-tester; weight loss wt%,"Hardness measured on O-ring with Bareiss HPE II micro rubber hardness meter (Shore AM/M), not a standard type-A durometer on sheet. Table 5. Press at 150C for 1.2 x tc90, post-cure 180C x 4 h."
US10723872B2,patent,Nichias Corporation,"Crosslinkable elastomer composition, molded article, seal member, plasma treatment apparatus and semiconductor manufacturing apparatus including said seal member, and agent for decreasing hardness of molded article, method for producing molded article",https://patents.google.com/patent/US10723872B2/en,Comparative example 4,FKM,Tecnoflon P959 (Solvay),peroxide,100,15,0,0,0,0,0,0,0,2,1,0,0,0,3,MT carbon N990 15; TAIC 2; Perhexa 25B 1; hydrogen-containing fluoro oligomer 3M Novec 7000 3,65.9,,,,,,9.93,"O2+CF4 surface-wave plasma (Shinko Seiki), 133 Pa, 3 kW, 2 h; 3.53 mm x 30 mm cut AS568-214 piece",amounts in g per 100 g elastomer (= phr); hardness micro-tester; weight loss wt%,"Hardness measured on O-ring with Bareiss HPE II micro rubber hardness meter (Shore AM/M), not a standard type-A durometer on sheet. Table 5. Press at 150C for 1.2 x tc90, post-cure 180C x 4 h."
US10723872B2,patent,Nichias Corporation,"Crosslinkable elastomer composition, molded article, seal member, plasma treatment apparatus and semiconductor manufacturing apparatus including said seal member, and agent for decreasing hardness of molded article, method for producing molded article",https://patents.google.com/patent/US10723872B2/en,Comparative example 5,FKM,Tecnoflon P959 (Solvay),peroxide,100,15,0,0,0,0,0,0,0,2,1,0,0,0,3,MT carbon N990 15; TAIC 2; Perhexa 25B 1; hydrogen-containing fluoro oligomer 3M Novec 7100 3,66.0,,,,,,9.91,"O2+CF4 surface-wave plasma (Shinko Seiki), 133 Pa, 3 kW, 2 h; 3.53 mm x 30 mm cut AS568-214 piece",amounts in g per 100 g elastomer (= phr); hardness micro-tester; weight loss wt%,"Hardness measured on O-ring with Bareiss HPE II micro rubber hardness meter (Shore AM/M), not a standard type-A durometer on sheet. Table 5. Press at 150C for 1.2 x tc90, post-cure 180C x 4 h."
US10723872B2,patent,Nichias Corporation,"Crosslinkable elastomer composition, molded article, seal member, plasma treatment apparatus and semiconductor manufacturing apparatus including said seal member, and agent for decreasing hardness of molded article, method for producing molded article",https://patents.google.com/patent/US10723872B2/en,Comparative example 6,FKM,Tecnoflon P959 (Solvay),peroxide,100,15,0,0,0,0,0,0,0,2,1,0,0,0,3,MT carbon N990 15; TAIC 2; Perhexa 25B 1; hydrogen-containing fluoro oligomer 3M Novec 7200 3,64.1,,,,,,9.74,"O2+CF4 surface-wave plasma (Shinko Seiki), 133 Pa, 3 kW, 2 h; 3.53 mm x 30 mm cut AS568-214 piece",amounts in g per 100 g elastomer (= phr); hardness micro-tester; weight loss wt%,"Hardness measured on O-ring with Bareiss HPE II micro rubber hardness meter (Shore AM/M), not a standard type-A durometer on sheet. Table 5. Press at 150C for 1.2 x tc90, post-cure 180C x 4 h."
US10723872B2,patent,Nichias Corporation,"Crosslinkable elastomer composition, molded article, seal member, plasma treatment apparatus and semiconductor manufacturing apparatus including said seal member, and agent for decreasing hardness of molded article, method for producing molded article",https://patents.google.com/patent/US10723872B2/en,Comparative example 7,FKM,Tecnoflon P959 (Solvay),peroxide,100,15,0,0,0,0,0,0,0,2,1,0,0,0,3,MT carbon N990 15; TAIC 2; Perhexa 25B 1; hydrogen-containing fluoro oligomer 3M Novec 7300 3,62.6,,,,,,9.89,"O2+CF4 surface-wave plasma (Shinko Seiki), 133 Pa, 3 kW, 2 h; 3.53 mm x 30 mm cut AS568-214 piece",amounts in g per 100 g elastomer (= phr); hardness micro-tester; weight loss wt%,"Hardness measured on O-ring with Bareiss HPE II micro rubber hardness meter (Shore AM/M), not a standard type-A durometer on sheet. Table 5. Press at 150C for 1.2 x tc90, post-cure 180C x 4 h."
US10723872B2,patent,Nichias Corporation,"Crosslinkable elastomer composition, molded article, seal member, plasma treatment apparatus and semiconductor manufacturing apparatus including said seal member, and agent for decreasing hardness of molded article, method for producing molded article",https://patents.google.com/patent/US10723872B2/en,Example 32,FFKM,DAI-EL Perfluor GA-15 (Daikin),peroxide,100,15,0,0,0,0,0,0,0,2,1,0,0,0,5,MT carbon N990 15; TAIC 2; Perhexa 25B 1; PFPE oil Krytox 143AD (MW 7480) 5,70,,,,,,0.01,"O2+CF4 surface-wave plasma (Shinko Seiki), 133 Pa, 3 kW, 2 h; 3.53 mm x 30 mm cut AS568-214 piece",amounts in g per 100 g elastomer (= phr); hardness micro-tester; weight loss wt%,"Hardness measured on O-ring with Bareiss HPE II micro rubber hardness meter (Shore AM/M), not a standard type-A durometer on sheet. Table 7."
US10723872B2,patent,Nichias Corporation,"Crosslinkable elastomer composition, molded article, seal member, plasma treatment apparatus and semiconductor manufacturing apparatus including said seal member, and agent for decreasing hardness of molded article, method for producing molded article",https://patents.google.com/patent/US10723872B2/en,Example 33,FFKM,DAI-EL Perfluor GA-15 (Daikin),peroxide,100,15,0,0,0,0,0,0,0,2,1,0,0,0,10,MT carbon N990 15; TAIC 2; Perhexa 25B 1; PFPE oil Krytox 143AD (MW 7480) 10,65,,,,,,0.01,"O2+CF4 surface-wave plasma (Shinko Seiki), 133 Pa, 3 kW, 2 h; 3.53 mm x 30 mm cut AS568-214 piece",amounts in g per 100 g elastomer (= phr); hardness micro-tester; weight loss wt%,"Hardness measured on O-ring with Bareiss HPE II micro rubber hardness meter (Shore AM/M), not a standard type-A durometer on sheet. Table 7."
US10723872B2,patent,Nichias Corporation,"Crosslinkable elastomer composition, molded article, seal member, plasma treatment apparatus and semiconductor manufacturing apparatus including said seal member, and agent for decreasing hardness of molded article, method for producing molded article",https://patents.google.com/patent/US10723872B2/en,Comparative Example 8,FFKM,DAI-EL Perfluor GA-15 (Daikin),peroxide,100,15,0,0,0,0,0,0,0,2,1,0,0,0,0,MT carbon N990 15; TAIC 2; Perhexa 25B 1,75,,,,,,0.01,"O2+CF4 surface-wave plasma (Shinko Seiki), 133 Pa, 3 kW, 2 h; 3.53 mm x 30 mm cut AS568-214 piece",amounts in g per 100 g elastomer (= phr); hardness micro-tester; weight loss wt%,"Hardness measured on O-ring with Bareiss HPE II micro rubber hardness meter (Shore AM/M), not a standard type-A durometer on sheet. Table 7."
US12305107B2,patent,Nichias Corporation,"Perfluoroelastomer composition, cross-linked perfluoroelastomer and molded article",https://patents.google.com/patent/US12305107B2/en,Example 1,FFKM,3M PFE40Z,peroxide,100,65,0,0,0,0,0,0,0,7,2,0,0,0,3,"crosslinking agent compound (1) (R1-R3=F, A=-(CF2)6-) 7; MT carbon Thermax N990 65; fluorine plasticizer Krytox VPF16256 3; Perhexa 25B 2",,,,,32,"200C x 72h, 25% compression, O-ring, air (gear oven)",,,parts by weight; CS %,"Primary 170C x 40 min, secondary 310C x 4 h N2. CS 250C x 72h = 37%, 300C x 72h = 58%; steam CS 250C = 23%, 300C = 36%. RGD (NORSOK) score 100C = 0.0, 300C = 0.3. Not a semiconductor application (oil/geothermal)."
US12305107B2,patent,Nichias Corporation,"Perfluoroelastomer composition, cross-linked perfluoroelastomer and molded article",https://patents.google.com/patent/US12305107B2/en,Comparative Example 1,FFKM,3M PFE40Z,peroxide,100,50,0,0,0,0,0,0,0,7,2,0,0,0,3,"crosslinking agent compound (1) (R1-R3=F, A=-(CF2)6-) 7; MT carbon Thermax N990 50; fluorine plasticizer Krytox VPF16256 3; Perhexa 25B 2",,,,,28,"200C x 72h, 25% compression, O-ring, air (gear oven)",,,parts by weight; CS %,"Primary 170C x 40 min, secondary 310C x 4 h N2. CS 250C x 72h = 36%, 300C x 72h = 58%; steam CS 250C = 27%, 300C = 33%. RGD (NORSOK) score 100C = 5.2, 300C = 3.3. Not a semiconductor application (oil/geothermal)."
US12305107B2,patent,Nichias Corporation,"Perfluoroelastomer composition, cross-linked perfluoroelastomer and molded article",https://patents.google.com/patent/US12305107B2/en,Comparative Example 2,FFKM,3M PFE40Z,peroxide,100,65,0,0,0,0,0,0,0,,2,0,0,0,3,crosslinking agent TAIC (amount not stated; replaces compound (1)); MT carbon Thermax N990 65; fluorine plasticizer Krytox VPF16256 3; Perhexa 25B 2,,,,,19,"200C x 72h, 25% compression, O-ring, air (gear oven)",,,parts by weight; CS %,"Primary 170C x 40 min, secondary 310C x 4 h N2. CS 250C x 72h = 61%, 300C x 72h = 88%; steam CS 250C = 17%, 300C = 65%. RGD (NORSOK) score 100C = 3.3, 300C = 5.5. Not a semiconductor application (oil/geothermal). TAIC amount not given in table/text, left empty."
US12584054B2,patent,"Mitsubishi Cable Industries, Ltd.",Semiconductor production device sealing material,https://patents.google.com/patent/US12584054B2/en,Example 1,FKM,Tecnoflon P959 (Solvay),peroxide,100,0,0,0,0,0,0,0,1,2,1.5,0,0,0,0,phenol resin powder BellPearl R100 (1.5 um) 1; TAIC 2; Perhexa 25B 1.5,51,12,270,1.4,20,"JIS K6262, AS-214 O-ring cut in half; temperature/time not stated",2,"O2+CF4 (50:1), RF 1500 W, 100 Pa, 30 min, AS-214 O-ring (Shinko Seiki small etcher)",parts by mass; MPa; Shore A instantaneous (JIS K6253-3),"Table 1. Press 160C x 10 min, post-cure 200C x 4 h. Dust after plasma: A."
US12584054B2,patent,"Mitsubishi Cable Industries, Ltd.",Semiconductor production device sealing material,https://patents.google.com/patent/US12584054B2/en,Example 2,FKM,Tecnoflon P959 (Solvay),peroxide,100,0,0,0,0,0,0,0,10,2,1.5,0,0,0,0,phenol resin powder BellPearl R100 (1.5 um) 10; TAIC 2; Perhexa 25B 1.5,58,15,210,2.8,13,"JIS K6262, AS-214 O-ring cut in half; temperature/time not stated",2.1,"O2+CF4 (50:1), RF 1500 W, 100 Pa, 30 min, AS-214 O-ring (Shinko Seiki small etcher)",parts by mass; MPa; Shore A instantaneous (JIS K6253-3),"Table 1. Press 160C x 10 min, post-cure 200C x 4 h. Dust after plasma: A."
US12584054B2,patent,"Mitsubishi Cable Industries, Ltd.",Semiconductor production device sealing material,https://patents.google.com/patent/US12584054B2/en,Example 3,FKM,Tecnoflon P959 (Solvay),peroxide,100,0,0,0,0,0,0,0,25,2,1.5,0,0,0,0,phenol resin powder BellPearl R100 (1.5 um) 25; TAIC 2; Perhexa 25B 1.5,69,20,190,7.5,17,"JIS K6262, AS-214 O-ring cut in half; temperature/time not stated",2.3,"O2+CF4 (50:1), RF 1500 W, 100 Pa, 30 min, AS-214 O-ring (Shinko Seiki small etcher)",parts by mass; MPa; Shore A instantaneous (JIS K6253-3),"Table 1. Press 160C x 10 min, post-cure 200C x 4 h. Dust after plasma: A."
US12584054B2,patent,"Mitsubishi Cable Industries, Ltd.",Semiconductor production device sealing material,https://patents.google.com/patent/US12584054B2/en,Example 4,FKM,Tecnoflon P959 (Solvay),peroxide,100,0,0,0,0,0,0,0,50,2,1.5,0,0,0,0,phenol resin powder BellPearl R100 (1.5 um) 50; TAIC 2; Perhexa 25B 1.5,85,21,120,17,24,"JIS K6262, AS-214 O-ring cut in half; temperature/time not stated",2.6,"O2+CF4 (50:1), RF 1500 W, 100 Pa, 30 min, AS-214 O-ring (Shinko Seiki small etcher)",parts by mass; MPa; Shore A instantaneous (JIS K6253-3),"Table 1. Press 160C x 10 min, post-cure 200C x 4 h. Dust after plasma: A."
US12584054B2,patent,"Mitsubishi Cable Industries, Ltd.",Semiconductor production device sealing material,https://patents.google.com/patent/US12584054B2/en,Example 5,FKM,Tecnoflon P959 (Solvay),peroxide,100,0,0,0,0,0,0,0,10,2,1.5,0,0,0,0,phenol resin powder BellPearl R200 (5.8 um) 10; TAIC 2; Perhexa 25B 1.5,58,12,230,2.2,13,"JIS K6262, AS-214 O-ring cut in half; temperature/time not stated",2.2,"O2+CF4 (50:1), RF 1500 W, 100 Pa, 30 min, AS-214 O-ring (Shinko Seiki small etcher)",parts by mass; MPa; Shore A instantaneous (JIS K6253-3),"Table 1. Press 160C x 10 min, post-cure 200C x 4 h. Dust after plasma: A."
US12584054B2,patent,"Mitsubishi Cable Industries, Ltd.",Semiconductor production device sealing material,https://patents.google.com/patent/US12584054B2/en,Comparative Example 1,FKM,Tecnoflon P959 (Solvay),peroxide,100,0,0,0,0,0,0,0,0,2,1.5,0,0,0,0,no filler; TAIC 2; Perhexa 25B 1.5,51,8.9,290,1.3,27,"JIS K6262, AS-214 O-ring cut in half; temperature/time not stated",2,"O2+CF4 (50:1), RF 1500 W, 100 Pa, 30 min, AS-214 O-ring (Shinko Seiki small etcher)",parts by mass; MPa; Shore A instantaneous (JIS K6253-3),"Table 1. Press 160C x 10 min, post-cure 200C x 4 h. Dust after plasma: A. Also listed in Table 3 with identical values (t90 3.6 min)."
US12584054B2,patent,"Mitsubishi Cable Industries, Ltd.",Semiconductor production device sealing material,https://patents.google.com/patent/US12584054B2/en,Comparative Example 2,FKM,Tecnoflon P959 (Solvay),peroxide,100,10,0,0,0,0,0,0,0,2,1.5,0,0,0,0,MT carbon black Thermax N990 10; TAIC 2; Perhexa 25B 1.5,55,15,210,2.8,25,"JIS K6262, AS-214 O-ring cut in half; temperature/time not stated",3.1,"O2+CF4 (50:1), RF 1500 W, 100 Pa, 30 min, AS-214 O-ring (Shinko Seiki small etcher)",parts by mass; MPa; Shore A instantaneous (JIS K6253-3),"Table 1. Press 160C x 10 min, post-cure 200C x 4 h. Dust after plasma: B. Table 2 repeats a column labelled 'Comparative Example 3' (N990 10, no TAIC shown) with 55/14.5/210/2.8/25 - matches this row; not added separately."
US12584054B2,patent,"Mitsubishi Cable Industries, Ltd.",Semiconductor production device sealing material,https://patents.google.com/patent/US12584054B2/en,Comparative Example 3,FKM,Tecnoflon P959 (Solvay),peroxide,100,25,0,0,0,0,0,0,0,2,1.5,0,0,0,0,MT carbon black Thermax N990 25; TAIC 2; Perhexa 25B 1.5,68,24,260,5.6,25,"JIS K6262, AS-214 O-ring cut in half; temperature/time not stated",4.3,"O2+CF4 (50:1), RF 1500 W, 100 Pa, 30 min, AS-214 O-ring (Shinko Seiki small etcher)",parts by mass; MPa; Shore A instantaneous (JIS K6253-3),"Table 1. Press 160C x 10 min, post-cure 200C x 4 h. Dust after plasma: B."
US12584054B2,patent,"Mitsubishi Cable Industries, Ltd.",Semiconductor production device sealing material,https://patents.google.com/patent/US12584054B2/en,Comparative Example 4,FKM,Tecnoflon P959 (Solvay),peroxide,100,10,0,0,0,0,0,0,0,2,1.5,0,0,0,0,carbon black DIABLACK H (Mitsubishi Chemical) 10; TAIC 2; Perhexa 25B 1.5,63,23,220,3.7,24,"JIS K6262, AS-214 O-ring cut in half; temperature/time not stated",3.2,"O2+CF4 (50:1), RF 1500 W, 100 Pa, 30 min, AS-214 O-ring (Shinko Seiki small etcher)",parts by mass; MPa; Shore A instantaneous (JIS K6253-3),"Table 1. Press 160C x 10 min, post-cure 200C x 4 h. Dust after plasma: B."
US12584054B2,patent,"Mitsubishi Cable Industries, Ltd.",Semiconductor production device sealing material,https://patents.google.com/patent/US12584054B2/en,Comparative Example 5,FKM,Tecnoflon P959 (Solvay),peroxide,100,0,10,0,0,0,0,0,0,2,1.5,0,0,0,0,silica AEROSIL R972 10; TAIC 2; Perhexa 25B 1.5,65,20,270,3.7,36,"JIS K6262, AS-214 O-ring cut in half; temperature/time not stated",2.4,"O2+CF4 (50:1), RF 1500 W, 100 Pa, 30 min, AS-214 O-ring (Shinko Seiki small etcher)",parts by mass; MPa; Shore A instantaneous (JIS K6253-3),"Table 1. Press 160C x 10 min, post-cure 200C x 4 h. Dust after plasma: A."
US12584054B2,patent,"Mitsubishi Cable Industries, Ltd.",Semiconductor production device sealing material,https://patents.google.com/patent/US12584054B2/en,Comparative Example 6,FKM,Tecnoflon P959 (Solvay),peroxide,100,0,0,0,0,0,0,0,10,2,1.5,0,0,0,0,silica-composite cured melamine resin particles OPTOBEADS 2000M 10 (counted as organic additive); TAIC 2; Perhexa 25B 1.5,59,18,210,2.5,30,"JIS K6262, AS-214 O-ring cut in half; temperature/time not stated",2.2,"O2+CF4 (50:1), RF 1500 W, 100 Pa, 30 min, AS-214 O-ring (Shinko Seiki small etcher)",parts by mass; MPa; Shore A instantaneous (JIS K6253-3),"Table 1. Press 160C x 10 min, post-cure 200C x 4 h. Dust after plasma: A."
US12584054B2,patent,"Mitsubishi Cable Industries, Ltd.",Semiconductor production device sealing material,https://patents.google.com/patent/US12584054B2/en,Comparative Example 7,FKM,Tecnoflon P959 (Solvay),peroxide,100,0,0,0,0,0,10,0,0,2,1.5,0,0,0,0,PVDF powder KYNAR MG15 10; TAIC 2; Perhexa 25B 1.5,55,13,280,2.3,26,"JIS K6262, AS-214 O-ring cut in half; temperature/time not stated",2.1,"O2+CF4 (50:1), RF 1500 W, 100 Pa, 30 min, AS-214 O-ring (Shinko Seiki small etcher)",parts by mass; MPa; Shore A instantaneous (JIS K6253-3),"Table 1. Press 160C x 10 min, post-cure 200C x 4 h. Dust after plasma: A."
US12584054B2,patent,"Mitsubishi Cable Industries, Ltd.",Semiconductor production device sealing material,https://patents.google.com/patent/US12584054B2/en,Comparative Example 8,FKM,Tecnoflon P959 (Solvay),peroxide,100,0,0,0,0,0,25,0,0,2,1.5,0,0,0,0,PVDF powder KYNAR MG15 25; TAIC 2; Perhexa 25B 1.5,68,17,270,5.4,30,"JIS K6262, AS-214 O-ring cut in half; temperature/time not stated",2.3,"O2+CF4 (50:1), RF 1500 W, 100 Pa, 30 min, AS-214 O-ring (Shinko Seiki small etcher)",parts by mass; MPa; Shore A instantaneous (JIS K6253-3),"Table 1. Press 160C x 10 min, post-cure 200C x 4 h. Dust after plasma: A."
US12584054B2,patent,"Mitsubishi Cable Industries, Ltd.",Semiconductor production device sealing material,https://patents.google.com/patent/US12584054B2/en,Comparative Example 9,FKM,Tecnoflon P959 (Solvay),peroxide,100,0,0,0,0,0,10,0,0,2,1.5,0,0,0,0,PTFE powder Fluon L173JE 10; TAIC 2; Perhexa 25B 1.5,55,16,350,1.4,28,"JIS K6262, AS-214 O-ring cut in half; temperature/time not stated",3,"O2+CF4 (50:1), RF 1500 W, 100 Pa, 30 min, AS-214 O-ring (Shinko Seiki small etcher)",parts by mass; MPa; Shore A instantaneous (JIS K6253-3),"Table 1. Press 160C x 10 min, post-cure 200C x 4 h. Dust after plasma: B."
US12584054B2,patent,"Mitsubishi Cable Industries, Ltd.",Semiconductor production device sealing material,https://patents.google.com/patent/US12584054B2/en,Comparative Example 13,FKM,Tecnoflon P959 (Solvay),peroxide,100,0,0,0,0,0,0,0,10,2,1.5,0,0,0,0,phenol resin powder BellPearl R800 (22 um) 10; TAIC 2; Perhexa 25B 1.5,58,9.5,240,2.4,,"JIS K6262, AS-214 O-ring cut in half; temperature/time not stated",2.2,"O2+CF4 (50:1), RF 1500 W, 100 Pa, 30 min, AS-214 O-ring (Shinko Seiki small etcher)",parts by mass; MPa; Shore A instantaneous (JIS K6253-3),"Table 1. Press 160C x 10 min, post-cure 200C x 4 h. Dust after plasma: A. Compression set: test piece 'Crushed' (not measurable)."
US12584054B2,patent,"Mitsubishi Cable Industries, Ltd.",Semiconductor production device sealing material,https://patents.google.com/patent/US12584054B2/en,Example 6,FKM,Tecnoflon P959 (Solvay),peroxide,100,10,0,0,0,0,0,0,10,2,1.5,0,0,0,0,phenol resin powder BellPearl R100 10; MT carbon black Thermax N990 10; TAIC 2; Perhexa 25B 1.5,64,21.5,200,5.1,13,"JIS K6262, AS-214 O-ring cut in half; temperature/time not stated",,"O2+CF4 (50:1), RF 1500 W, 100 Pa, 30 min, AS-214 O-ring (Shinko Seiki small etcher)",parts by mass; MPa; Shore A instantaneous (JIS K6253-3),"Table 2. Press 160C x 10 min, post-cure 200C x 4 h. Plasma not reported."
US12584054B2,patent,"Mitsubishi Cable Industries, Ltd.",Semiconductor production device sealing material,https://patents.google.com/patent/US12584054B2/en,Example 7,FKM,Viton E60C (Chemours; precompounded bisphenol-cure FKM),bisphenol,100,25,0,0,0,0,0,0,10,0,0,0,,9,0,phenol resin powder BellPearl R100 10; MT carbon black N990 25; MgO Kyowamag 150 3 + Ca(OH)2 CALVIT 6; curative incorporated in E60C (amount not stated),71,18.9,180,8.9,9,"JIS K6262, AS-214 O-ring cut in half; temperature/time not stated",,"O2+CF4 (50:1), RF 1500 W, 100 Pa, 30 min, AS-214 O-ring (Shinko Seiki small etcher)",parts by mass; MPa; Shore A instantaneous (JIS K6253-3),"Table 2. Press 170C x 20 min, post-cure 200C x 24 h. Plasma not reported."
US12584054B2,patent,"Mitsubishi Cable Industries, Ltd.",Semiconductor production device sealing material,https://patents.google.com/patent/US12584054B2/en,Comparative Example 10,FKM,Viton E60C (Chemours; precompounded bisphenol-cure FKM),bisphenol,100,25,0,0,0,0,0,0,0,0,0,0,,9,0,MT carbon black N990 25; MgO 3 + Ca(OH)2 6; curative incorporated in E60C (amount not stated),68,16.6,190,7,18,"JIS K6262, AS-214 O-ring cut in half; temperature/time not stated",,"O2+CF4 (50:1), RF 1500 W, 100 Pa, 30 min, AS-214 O-ring (Shinko Seiki small etcher)",parts by mass; MPa; Shore A instantaneous (JIS K6253-3),Table 2. Same as Example 7 without phenol resin. Plasma not reported.
US12584054B2,patent,"Mitsubishi Cable Industries, Ltd.",Semiconductor production device sealing material,https://patents.google.com/patent/US12584054B2/en,Example 8,FKM,Tecnoflon P959 (Solvay),peroxide,100,0,0,0,0,0,0,0,10,2,1.5,0,0,0,0,phenol resin powder BellPearl R100 10; TAIC 2; Perhexa 25B 1.5,58,14.1,220,2.7,14,"JIS K6262, AS-214 O-ring cut in half; temperature/time not stated",,"O2+CF4 (50:1), RF 1500 W, 100 Pa, 30 min, AS-214 O-ring (Shinko Seiki small etcher)",parts by mass; MPa; Shore A instantaneous (JIS K6253-3),"Table 3. Press 160C x 5 min, NO post-cure. t90 = 2.5 min. Plasma not reported."
US12584054B2,patent,"Mitsubishi Cable Industries, Ltd.",Semiconductor production device sealing material,https://patents.google.com/patent/US12584054B2/en,Example 9,FKM,Tecnoflon P959 (Solvay),peroxide,100,0,0,0,0,0,0,0,10,2,0.3,0,0,0,0,phenol resin powder BellPearl R100 10; TAIC 2; Perhexa 25B 0.3,57,13.9,220,2.6,10,"JIS K6262, AS-214 O-ring cut in half; temperature/time not stated",,"O2+CF4 (50:1), RF 1500 W, 100 Pa, 30 min, AS-214 O-ring (Shinko Seiki small etcher)",parts by mass; MPa; Shore A instantaneous (JIS K6253-3),"Table 3. Press 160C x 5 min, NO post-cure. t90 = 4.1 min. Plasma not reported."
US12584054B2,patent,"Mitsubishi Cable Industries, Ltd.",Semiconductor production device sealing material,https://patents.google.com/patent/US12584054B2/en,Comparative Example 11,FKM,Tecnoflon P959 (Solvay),peroxide,100,10,0,0,0,0,0,0,0,2,1.5,0,0,0,0,MT carbon black Thermax N990 10; TAIC 2; Perhexa 25B 1.5,55,14.4,220,2.8,27,"JIS K6262, AS-214 O-ring cut in half; temperature/time not stated",,"O2+CF4 (50:1), RF 1500 W, 100 Pa, 30 min, AS-214 O-ring (Shinko Seiki small etcher)",parts by mass; MPa; Shore A instantaneous (JIS K6253-3),"Table 3. Press 160C x 5 min, NO post-cure. t90 = 3.8 min. Plasma not reported."
US12584054B2,patent,"Mitsubishi Cable Industries, Ltd.",Semiconductor production device sealing material,https://patents.google.com/patent/US12584054B2/en,Comparative Example 12,FKM,Tecnoflon P959 (Solvay),peroxide,100,10,0,0,0,0,0,0,0,2,0.3,0,0,0,0,MT carbon black Thermax N990 10; TAIC 2; Perhexa 25B 0.3,52,13.2,250,2.2,39,"JIS K6262, AS-214 O-ring cut in half; temperature/time not stated",,"O2+CF4 (50:1), RF 1500 W, 100 Pa, 30 min, AS-214 O-ring (Shinko Seiki small etcher)",parts by mass; MPa; Shore A instantaneous (JIS K6253-3),"Table 3. Press 160C x 5 min, NO post-cure. t90 = 7.0 min. Plasma not reported."
US20230174763A1,patent,"Mitsubishi Cable Industries, Ltd.",Elastomer composition and sealing material comprising same,https://patents.google.com/patent/US20230174763A1/en,Example 1,FKM,Tecnoflon P959 (Solvay),peroxide,100,0,5,0,0,0,0,0,5,2,1.5,0,0,0,0,phenol resin powder BellPearl R100 (1.5 um) 5; silica AEROSIL R972 5; TAIC 2; Perhexa 25B 1.5,66,20.3,280,3.9,15,"200C x 72h, 25% compression, half-cut AS-214 O-ring (JIS K6262)",,,parts by mass; MPa; Shore A instantaneous (JIS K6253-3),"Table 1. Press 160C x 10 min, post-cure 200C x 4 h. Compression-fracture test (50%, 180C x 4 h): 3/3 pieces without crack. TAIC = 2 per table (Example 1 text says 2.5)."
US20230174763A1,patent,"Mitsubishi Cable Industries, Ltd.",Elastomer composition and sealing material comprising same,https://patents.google.com/patent/US20230174763A1/en,Example 2,FKM,Tecnoflon P959 (Solvay),peroxide,100,0,10,0,0,0,0,0,10,2,1.5,0,0,0,0,phenol resin powder BellPearl R100 (1.5 um) 10; silica AEROSIL R972 10; TAIC 2; Perhexa 25B 1.5,74,21.5,210,6.0,18,"200C x 72h, 25% compression, half-cut AS-214 O-ring (JIS K6262)",,,parts by mass; MPa; Shore A instantaneous (JIS K6253-3),"Table 1. Press 160C x 10 min, post-cure 200C x 4 h. Compression-fracture test (50%, 180C x 4 h): 3/3 pieces without crack. TAIC = 2 per table (Example 1 text says 2.5)."
US20230174763A1,patent,"Mitsubishi Cable Industries, Ltd.",Elastomer composition and sealing material comprising same,https://patents.google.com/patent/US20230174763A1/en,Example 3,FKM,Tecnoflon P959 (Solvay),peroxide,100,0,5,0,0,0,0,0,25,2,1.5,0,0,0,0,phenol resin powder BellPearl R100 (1.5 um) 25; silica AEROSIL R972 5; TAIC 2; Perhexa 25B 1.5,73,24.3,190,8.3,23,"200C x 72h, 25% compression, half-cut AS-214 O-ring (JIS K6262)",,,parts by mass; MPa; Shore A instantaneous (JIS K6253-3),"Table 1. Press 160C x 10 min, post-cure 200C x 4 h. Compression-fracture test (50%, 180C x 4 h): 3/3 pieces without crack. TAIC = 2 per table (Example 1 text says 2.5)."
US20230174763A1,patent,"Mitsubishi Cable Industries, Ltd.",Elastomer composition and sealing material comprising same,https://patents.google.com/patent/US20230174763A1/en,Example 4,FKM,Tecnoflon P959 (Solvay),peroxide,100,0,25,0,0,0,0,0,5,2,1.5,0,0,0,0,phenol resin powder BellPearl R100 (1.5 um) 5; silica AEROSIL R972 25; TAIC 2; Perhexa 25B 1.5,84,23.5,250,8.6,30,"200C x 72h, 25% compression, half-cut AS-214 O-ring (JIS K6262)",,,parts by mass; MPa; Shore A instantaneous (JIS K6253-3),"Table 1. Press 160C x 10 min, post-cure 200C x 4 h. Compression-fracture test (50%, 180C x 4 h): 3/3 pieces without crack. TAIC = 2 per table (Example 1 text says 2.5)."
US20230174763A1,patent,"Mitsubishi Cable Industries, Ltd.",Elastomer composition and sealing material comprising same,https://patents.google.com/patent/US20230174763A1/en,Example 5,FKM,Tecnoflon P959 (Solvay),peroxide,100,0,25,0,0,0,0,0,25,2,1.5,0,0,0,0,phenol resin powder BellPearl R100 (1.5 um) 25; silica AEROSIL R972 25; TAIC 2; Perhexa 25B 1.5,92,22.4,110,20.9,35,"150C x 72h, 25% compression, half-cut AS-214 O-ring (JIS K6262)",,,parts by mass; MPa; Shore A instantaneous (JIS K6253-3),"Table 1. Press 160C x 10 min, post-cure 200C x 4 h. Compression-fracture test (50%, 180C x 4 h): 3/3 pieces without crack. TAIC = 2 per table (Example 1 text says 2.5). CS measured at 150C x 72h for this example."
US20230174763A1,patent,"Mitsubishi Cable Industries, Ltd.",Elastomer composition and sealing material comprising same,https://patents.google.com/patent/US20230174763A1/en,Comparative Example 5,FKM,Tecnoflon P959 (Solvay),peroxide,100,0,10,0,0,0,0,0,10,2,1.5,0,0,0,0,phenol resin powder BellPearl R800 (22 um) 10; silica AEROSIL R972 10; TAIC 2; Perhexa 25B 1.5,67,15.1,230,3.9,,"200C x 72h, 25% compression, half-cut AS-214 O-ring (JIS K6262)",,,parts by mass; MPa; Shore A instantaneous (JIS K6253-3),"Table 1. Press 160C x 10 min, post-cure 200C x 4 h. Compression-fracture test (50%, 180C x 4 h): 0/3 pieces without crack. TAIC = 2 per table (Example 1 text says 2.5). CS test piece broken. Text describes CE5 as CE2 with R800 (no silica) but table and discussion ('only differs from Example 2 in particle size') give silica 10; table used."
US20230174763A1,patent,"Mitsubishi Cable Industries, Ltd.",Elastomer composition and sealing material comprising same,https://patents.google.com/patent/US20230174763A1/en,Comparative Example 6,FKM,Tecnoflon P959 (Solvay),peroxide,100,0,10,0,0,0,0,0,0,2,1.5,0,0,0,0,silica AEROSIL R972 10; TAIC 2; Perhexa 25B 1.5,65,20.3,270,3.7,36,"200C x 72h, 25% compression, half-cut AS-214 O-ring (JIS K6262)",,,parts by mass; MPa; Shore A instantaneous (JIS K6253-3),"Table 1. Press 160C x 10 min, post-cure 200C x 4 h. Compression-fracture test (50%, 180C x 4 h): 1/3 pieces without crack. TAIC = 2 per table (Example 1 text says 2.5)."
US20230174763A1,patent,"Mitsubishi Cable Industries, Ltd.",Elastomer composition and sealing material comprising same,https://patents.google.com/patent/US20230174763A1/en,Comparative Example 7,FKM,Tecnoflon P959 (Solvay),peroxide,100,0,25,0,0,0,0,0,0,2,1.5,0,0,0,0,silica AEROSIL R972 25; TAIC 2; Perhexa 25B 1.5,83,23.2,230,8.4,40,"200C x 72h, 25% compression, half-cut AS-214 O-ring (JIS K6262)",,,parts by mass; MPa; Shore A instantaneous (JIS K6253-3),"Table 1. Press 160C x 10 min, post-cure 200C x 4 h. Compression-fracture test (50%, 180C x 4 h): 1/3 pieces without crack. TAIC = 2 per table (Example 1 text says 2.5)."
US20230174763A1,patent,"Mitsubishi Cable Industries, Ltd.",Elastomer composition and sealing material comprising same,https://patents.google.com/patent/US20230174763A1/en,Comparative Example 11,FKM,Tecnoflon P959 (Solvay),peroxide,100,10,10,0,0,0,0,0,0,2,1.5,0,0,0,0,silica AEROSIL R972 10; MT carbon black Thermax N990 10; TAIC 2; Perhexa 25B 1.5,70,19.8,250,4.5,37,"200C x 72h, 25% compression, half-cut AS-214 O-ring (JIS K6262)",,,parts by mass; MPa; Shore A instantaneous (JIS K6253-3),"Table 1. Press 160C x 10 min, post-cure 200C x 4 h. Compression-fracture test (50%, 180C x 4 h): 1/3 pieces without crack. TAIC = 2 per table (Example 1 text says 2.5)."
US20230174763A1,patent,"Mitsubishi Cable Industries, Ltd.",Elastomer composition and sealing material comprising same,https://patents.google.com/patent/US20230174763A1/en,Example 6,FKM,Viton A-50 (Chemours),bisphenol,100,0,10,0,0,0,0,0,10,0,0,0,2.5,9,0,phenol resin powder BellPearl R100 10; silica AEROSIL R972 10; Curative V-50 2.5; MgO Kyowamag 150 3 + Ca(OH)2 CALVIT 6,77,13.2,240,5.6,21,"200C x 72h, 25% compression, half-cut AS-214 O-ring (JIS K6262)",,,parts by mass; MPa; Shore A instantaneous (JIS K6253-3),"Table 2. Press 160C x 20 min, post-cure 250C x 24 h. Compression-fracture test: 3/3 pieces without crack."
US20230174763A1,patent,"Mitsubishi Cable Industries, Ltd.",Elastomer composition and sealing material comprising same,https://patents.google.com/patent/US20230174763A1/en,Comparative Example 12,FKM,Viton A-50 (Chemours),bisphenol,100,0,0,0,0,0,0,0,0,0,0,0,2.5,9,0,Curative V-50 2.5; MgO Kyowamag 150 3 + Ca(OH)2 CALVIT 6,56,8.2,290,1.8,19,"200C x 72h, 25% compression, half-cut AS-214 O-ring (JIS K6262)",,,parts by mass; MPa; Shore A instantaneous (JIS K6253-3),"Table 2. Press 160C x 20 min, post-cure 250C x 24 h. Compression-fracture test: 0/3 pieces without crack."
US20230174763A1,patent,"Mitsubishi Cable Industries, Ltd.",Elastomer composition and sealing material comprising same,https://patents.google.com/patent/US20230174763A1/en,Comparative Example 13,FKM,Viton A-50 (Chemours),bisphenol,100,0,0,0,0,0,0,0,10,0,0,0,2.5,9,0,phenol resin powder BellPearl R100 10; Curative V-50 2.5; MgO Kyowamag 150 3 + Ca(OH)2 CALVIT 6,64,10.5,250,2.8,20,"200C x 72h, 25% compression, half-cut AS-214 O-ring (JIS K6262)",,,parts by mass; MPa; Shore A instantaneous (JIS K6253-3),"Table 2. Press 160C x 20 min, post-cure 250C x 24 h. Compression-fracture test: 1/3 pieces without crack."
US20230174763A1,patent,"Mitsubishi Cable Industries, Ltd.",Elastomer composition and sealing material comprising same,https://patents.google.com/patent/US20230174763A1/en,Comparative Example 14,FKM,Viton A-50 (Chemours),bisphenol,100,0,10,0,0,0,0,0,0,0,0,0,2.5,9,0,silica AEROSIL R972 10; Curative V-50 2.5; MgO Kyowamag 150 3 + Ca(OH)2 CALVIT 6,73,15.1,240,4.7,28,"200C x 72h, 25% compression, half-cut AS-214 O-ring (JIS K6262)",,,parts by mass; MPa; Shore A instantaneous (JIS K6253-3),"Table 2. Press 160C x 20 min, post-cure 250C x 24 h. Compression-fracture test: 1/3 pieces without crack."
US20230365800A1,patent,"Valqua, Ltd.","Elastomer Composition, Sealing Material, and Method for Producing Sealing Material",https://patents.google.com/patent/US20230365800A1/en,Example 1,FKM,Tecnoflon P959 80 + Tecnoflon P757 20,peroxide,100,0,0,0,0,0,0,0,0,6.0,0.5,0,0,0,2.0,"SIFEL 8070A 1.0 + SIFEL 8070B 1.0 (Shin-Etsu; perfluoro-skeleton compound with C=C, counted as processing aid); TRIC (triallyl isocyanurate) 6.0; Perhexa 25B 0.5",66,14.4,180,4.4,,,,"O2:CF4=190:10, RF 1000 W, 200 sccm, 1 torr, 3 h, sample 6 cm from electrode (phi300 parallel plate)",parts by mass; MPa; Shore A (JIS K6253),"Table 1. Kneader mixing; press 170C x 10 min, post-cure 200C x 16 h vacuum, then radiation 80 kGy. Fluorine contents: P959/P459 70%, G912/G902 71%, P757/P457 67%, PL855 64%."
US20230365800A1,patent,"Valqua, Ltd.","Elastomer Composition, Sealing Material, and Method for Producing Sealing Material",https://patents.google.com/patent/US20230365800A1/en,Example 2,FKM,Tecnoflon P959 70 + Tecnoflon P757 30,peroxide,100,0,0,0,0,0,0,0,0,6.0,0.5,0,0,0,2.0,"SIFEL 8070A 1.0 + SIFEL 8070B 1.0 (Shin-Etsu; perfluoro-skeleton compound with C=C, counted as processing aid); TRIC (triallyl isocyanurate) 6.0; Perhexa 25B 0.5",66,15.6,180,4.5,,,,"O2:CF4=190:10, RF 1000 W, 200 sccm, 1 torr, 3 h, sample 6 cm from electrode (phi300 parallel plate)",parts by mass; MPa; Shore A (JIS K6253),"Table 1. Kneader mixing; press 170C x 10 min, post-cure 200C x 16 h vacuum, then radiation 80 kGy. Fluorine contents: P959/P459 70%, G912/G902 71%, P757/P457 67%, PL855 64%."
US20230365800A1,patent,"Valqua, Ltd.","Elastomer Composition, Sealing Material, and Method for Producing Sealing Material",https://patents.google.com/patent/US20230365800A1/en,Example 3,FKM,Tecnoflon P959 45 + Tecnoflon P459 45 + Tecnoflon P757 10,peroxide,100,0,0,0,0,0,0,0,0,6.0,0.5,0,0,0,2.0,"SIFEL 8070A 1.0 + SIFEL 8070B 1.0 (Shin-Etsu; perfluoro-skeleton compound with C=C, counted as processing aid); TRIC (triallyl isocyanurate) 6.0; Perhexa 25B 0.5",67,14.4,170,5.0,,,,"O2:CF4=190:10, RF 1000 W, 200 sccm, 1 torr, 3 h, sample 6 cm from electrode (phi300 parallel plate)",parts by mass; MPa; Shore A (JIS K6253),"Table 1. Kneader mixing; press 170C x 10 min, post-cure 200C x 16 h vacuum, then radiation 80 kGy. Fluorine contents: P959/P459 70%, G912/G902 71%, P757/P457 67%, PL855 64%."
US20230365800A1,patent,"Valqua, Ltd.","Elastomer Composition, Sealing Material, and Method for Producing Sealing Material",https://patents.google.com/patent/US20230365800A1/en,Example 4,FKM,Tecnoflon P959 65 + Tecnoflon P459 25 + Tecnoflon P757 10,peroxide,100,0,0,0,0,0,0,0,0,6.0,0.5,0,0,0,2.0,"SIFEL 8070A 1.0 + SIFEL 8070B 1.0 (Shin-Etsu; perfluoro-skeleton compound with C=C, counted as processing aid); TRIC (triallyl isocyanurate) 6.0; Perhexa 25B 0.5",67,13.6,160,5.7,,,,"O2:CF4=190:10, RF 1000 W, 200 sccm, 1 torr, 3 h, sample 6 cm from electrode (phi300 parallel plate)",parts by mass; MPa; Shore A (JIS K6253),"Table 1. Kneader mixing; press 170C x 10 min, post-cure 200C x 16 h vacuum, then radiation 80 kGy. Fluorine contents: P959/P459 70%, G912/G902 71%, P757/P457 67%, PL855 64%."
US20230365800A1,patent,"Valqua, Ltd.","Elastomer Composition, Sealing Material, and Method for Producing Sealing Material",https://patents.google.com/patent/US20230365800A1/en,Example 5,FKM,Tecnoflon P959 20 + Tecnoflon P459 60 + Tecnoflon P757 20,peroxide,100,0,0,0,0,0,0,0,0,6.0,0.5,0,0,0,2.0,"SIFEL 8070A 1.0 + SIFEL 8070B 1.0 (Shin-Etsu; perfluoro-skeleton compound with C=C, counted as processing aid); TRIC (triallyl isocyanurate) 6.0; Perhexa 25B 0.5",66,11.1,150,5.4,,,,"O2:CF4=190:10, RF 1000 W, 200 sccm, 1 torr, 3 h, sample 6 cm from electrode (phi300 parallel plate)",parts by mass; MPa; Shore A (JIS K6253),"Table 1. Kneader mixing; press 170C x 10 min, post-cure 200C x 16 h vacuum, then radiation 80 kGy. Fluorine contents: P959/P459 70%, G912/G902 71%, P757/P457 67%, PL855 64%."
US20230365800A1,patent,"Valqua, Ltd.","Elastomer Composition, Sealing Material, and Method for Producing Sealing Material",https://patents.google.com/patent/US20230365800A1/en,Example 6,FKM,Tecnoflon P959 40 + Tecnoflon P459 40 + Tecnoflon P757 20,peroxide,100,0,0,0,0,0,0,0,0,6.0,0.5,0,0,0,2.0,"SIFEL 8070A 1.0 + SIFEL 8070B 1.0 (Shin-Etsu; perfluoro-skeleton compound with C=C, counted as processing aid); TRIC (triallyl isocyanurate) 6.0; Perhexa 25B 0.5",66,11.8,150,5.7,,,,"O2:CF4=190:10, RF 1000 W, 200 sccm, 1 torr, 3 h, sample 6 cm from electrode (phi300 parallel plate)",parts by mass; MPa; Shore A (JIS K6253),"Table 1. Kneader mixing; press 170C x 10 min, post-cure 200C x 16 h vacuum, then radiation 80 kGy. Fluorine contents: P959/P459 70%, G912/G902 71%, P757/P457 67%, PL855 64%."
US20230365800A1,patent,"Valqua, Ltd.","Elastomer Composition, Sealing Material, and Method for Producing Sealing Material",https://patents.google.com/patent/US20230365800A1/en,Example 7,FKM,Tecnoflon P959 70 + Tecnoflon P757 30,peroxide,100,0,0,0,0,0,0,0,0,6.0,0.5,0,0,0,2.0,"SIFEL 8070A 1.0 + SIFEL 8070B 1.0 (Shin-Etsu; perfluoro-skeleton compound with C=C, counted as processing aid); TRIC (triallyl isocyanurate) 6.0; Perhexa 25B 0.5",66,15.6,180,4.5,,,0.99,"O2:CF4=190:10, RF 1000 W, 200 sccm, 1 torr, 3 h, sample 6 cm from electrode (phi300 parallel plate)",parts by mass; MPa; Shore A (JIS K6253),"Table 2. Kneader mixing; press 170C x 10 min, post-cure 200C x 16 h vacuum, then radiation 80 kGy. Fluorine contents: P959/P459 70%, G912/G902 71%, P757/P457 67%, PL855 64%. Same blend as Example 2."
US20230365800A1,patent,"Valqua, Ltd.","Elastomer Composition, Sealing Material, and Method for Producing Sealing Material",https://patents.google.com/patent/US20230365800A1/en,Example 8,FKM,Tecnoflon P459 70 + Tecnoflon P757 30,peroxide,100,0,0,0,0,0,0,0,0,6.0,0.5,0,0,0,2.0,"SIFEL 8070A 1.0 + SIFEL 8070B 1.0 (Shin-Etsu; perfluoro-skeleton compound with C=C, counted as processing aid); TRIC (triallyl isocyanurate) 6.0; Perhexa 25B 0.5",66,11.5,140,4.92,,,1.0,"O2:CF4=190:10, RF 1000 W, 200 sccm, 1 torr, 3 h, sample 6 cm from electrode (phi300 parallel plate)",parts by mass; MPa; Shore A (JIS K6253),"Table 2. Kneader mixing; press 170C x 10 min, post-cure 200C x 16 h vacuum, then radiation 80 kGy. Fluorine contents: P959/P459 70%, G912/G902 71%, P757/P457 67%, PL855 64%."
US20230365800A1,patent,"Valqua, Ltd.","Elastomer Composition, Sealing Material, and Method for Producing Sealing Material",https://patents.google.com/patent/US20230365800A1/en,Example 9,FKM,DAI-EL G902 70 + Tecnoflon P757 30,peroxide,100,0,0,0,0,0,0,0,0,6.0,0.5,0,0,0,2.0,"SIFEL 8070A 1.0 + SIFEL 8070B 1.0 (Shin-Etsu; perfluoro-skeleton compound with C=C, counted as processing aid); TRIC (triallyl isocyanurate) 6.0; Perhexa 25B 0.5",63,11.9,155,4.0,,,1.02,"O2:CF4=190:10, RF 1000 W, 200 sccm, 1 torr, 3 h, sample 6 cm from electrode (phi300 parallel plate)",parts by mass; MPa; Shore A (JIS K6253),"Table 2. Kneader mixing; press 170C x 10 min, post-cure 200C x 16 h vacuum, then radiation 80 kGy. Fluorine contents: P959/P459 70%, G912/G902 71%, P757/P457 67%, PL855 64%."
US20230365800A1,patent,"Valqua, Ltd.","Elastomer Composition, Sealing Material, and Method for Producing Sealing Material",https://patents.google.com/patent/US20230365800A1/en,Comparative Example 3,FKM,Tecnoflon P457 70 + Tecnoflon P757 30,peroxide,100,0,0,0,0,0,0,0,0,6.0,0.5,0,0,0,2.0,"SIFEL 8070A 1.0 + SIFEL 8070B 1.0 (Shin-Etsu; perfluoro-skeleton compound with C=C, counted as processing aid); TRIC (triallyl isocyanurate) 6.0; Perhexa 25B 0.5",60,7.2,150,2.2,,,1.33,"O2:CF4=190:10, RF 1000 W, 200 sccm, 1 torr, 3 h, sample 6 cm from electrode (phi300 parallel plate)",parts by mass; MPa; Shore A (JIS K6253),"Table 2. Kneader mixing; press 170C x 10 min, post-cure 200C x 16 h vacuum, then radiation 80 kGy. Fluorine contents: P959/P459 70%, G912/G902 71%, P757/P457 67%, PL855 64%."
US20230365800A1,patent,"Valqua, Ltd.","Elastomer Composition, Sealing Material, and Method for Producing Sealing Material",https://patents.google.com/patent/US20230365800A1/en,Comparative Example 4,FKM,Tecnoflon P757,peroxide,100,0,0,0,0,0,0,0,0,6.0,0.5,0,0,0,2.0,"SIFEL 8070A 1.0 + SIFEL 8070B 1.0 (Shin-Etsu; perfluoro-skeleton compound with C=C, counted as processing aid); TRIC (triallyl isocyanurate) 6.0; Perhexa 25B 0.5",61,9.9,195,3.09,,,1.4,"O2:CF4=190:10, RF 1000 W, 200 sccm, 1 torr, 3 h, sample 6 cm from electrode (phi300 parallel plate)",parts by mass; MPa; Shore A (JIS K6253),"Table 2. Kneader mixing; press 170C x 10 min, post-cure 200C x 16 h vacuum, then radiation 80 kGy. Fluorine contents: P959/P459 70%, G912/G902 71%, P757/P457 67%, PL855 64%."
US20230365800A1,patent,"Valqua, Ltd.","Elastomer Composition, Sealing Material, and Method for Producing Sealing Material",https://patents.google.com/patent/US20230365800A1/en,Comparative Example 5,FKM,DAI-EL G912 70 + Tecnoflon PL855 30,peroxide,100,0,0,0,0,0,0,0,0,6.0,0.5,0,0,0,2.0,"SIFEL 8070A 1.0 + SIFEL 8070B 1.0 (Shin-Etsu; perfluoro-skeleton compound with C=C, counted as processing aid); TRIC (triallyl isocyanurate) 6.0; Perhexa 25B 0.5",65,9.5,125,5.1,,,1.4,"O2:CF4=190:10, RF 1000 W, 200 sccm, 1 torr, 3 h, sample 6 cm from electrode (phi300 parallel plate)",parts by mass; MPa; Shore A (JIS K6253),"Table 2. Kneader mixing; press 170C x 10 min, post-cure 200C x 16 h vacuum, then radiation 80 kGy. Fluorine contents: P959/P459 70%, G912/G902 71%, P757/P457 67%, PL855 64%."
US20230365800A1,patent,"Valqua, Ltd.","Elastomer Composition, Sealing Material, and Method for Producing Sealing Material",https://patents.google.com/patent/US20230365800A1/en,Example 10,FKM,DAI-EL G912 70 + Tecnoflon P757 30,peroxide,100,0,0,0,0,0,0,0,0,6,0.5,0,0,0,2,"SIFEL 3590-N (Shin-Etsu; one-component liquid, perfluoro skeleton with C=C) 2 (counted as processing aid); TRIC 6; Perhexa 25B 0.5",67,10.2,150,5.6,,,0.76,"O2:CF4=190:10, RF 1000 W, 200 sccm, 1 torr, 3 h, sample 6 cm from electrode (phi300 parallel plate)",parts by mass; MPa; Shore A (JIS K6253),"Table 3. Press 170C x 10 min, post-cure 200C x 16 h vacuum, then radiation 80 kGy."
US20230365800A1,patent,"Valqua, Ltd.","Elastomer Composition, Sealing Material, and Method for Producing Sealing Material",https://patents.google.com/patent/US20230365800A1/en,Example 11,FKM,DAI-EL G912 70 + Tecnoflon P757 30,peroxide,100,0,0,0,0,0,0,0,0,6,0.5,0,0,0,2,"KE-1830 (Shin-Etsu; one-component liquid, siloxane skeleton with C=C) 2 (counted as processing aid); TRIC 6; Perhexa 25B 0.5",70,10.2,135,6.1,,,1.1,"O2:CF4=190:10, RF 1000 W, 200 sccm, 1 torr, 3 h, sample 6 cm from electrode (phi300 parallel plate)",parts by mass; MPa; Shore A (JIS K6253),"Table 3. Press 170C x 10 min, post-cure 200C x 16 h vacuum, then radiation 80 kGy."
EP4249550A1,patent,"Mitsubishi Cable Industries, Ltd.",Fluorine rubber composition and rubber molded article formed using same,https://patents.google.com/patent/EP4249550A1/en,Example 1,FKM,DAI-EL G912 (VDF/HFP/TFE),peroxide,100,0,10,0,0,0,0,0,0,4,1.5,0,0,0,1,vinyl-PFPE SIFEL X-71-359 1; silica AEROSIL 200 (hydrophilic dry) 10; TAIC 4; Perhexa 25B 1.5 (PFPE liquids counted as processing aid),73,16.3,150,6.0,31,"200C x 72h, half-cut AS-214 O-ring (JIS K6262:2013)",0.65,"O2+CF4 (50:1), RF 1500 W, 100 Pa, 30 min (Shinko Seiki compact etcher)","parts by mass; MPa; Shore A (type A durometer, JIS K6253-3)","Press 160C x 10 min, post-cure 200C x 4 h. Bleed-out rating A."
EP4249550A1,patent,"Mitsubishi Cable Industries, Ltd.",Fluorine rubber composition and rubber molded article formed using same,https://patents.google.com/patent/EP4249550A1/en,Example 2,FKM,DAI-EL G912 (VDF/HFP/TFE),peroxide,100,0,0.2,0,0,0,0,0,0,4,1.5,0,0,0,1,vinyl-PFPE SIFEL X-71-359 1; silica AEROSIL R972 (hydrophobic dry) 0.2; TAIC 4; Perhexa 25B 1.5 (PFPE liquids counted as processing aid),57,14.4,350,1.4,32,"200C x 72h, half-cut AS-214 O-ring (JIS K6262:2013)",0.55,"O2+CF4 (50:1), RF 1500 W, 100 Pa, 30 min (Shinko Seiki compact etcher)","parts by mass; MPa; Shore A (type A durometer, JIS K6253-3)","Press 160C x 10 min, post-cure 200C x 4 h. Bleed-out rating A."
EP4249550A1,patent,"Mitsubishi Cable Industries, Ltd.",Fluorine rubber composition and rubber molded article formed using same,https://patents.google.com/patent/EP4249550A1/en,Example 3,FKM,DAI-EL G912 (VDF/HFP/TFE),peroxide,100,0,10,0,0,0,0,0,0,4,1.5,0,0,0,1,vinyl-PFPE SIFEL X-71-359 1; silica AEROSIL R972 10; TAIC 4; Perhexa 25B 1.5 (PFPE liquids counted as processing aid),72,18.3,180,5.9,30,"200C x 72h, half-cut AS-214 O-ring (JIS K6262:2013)",0.6,"O2+CF4 (50:1), RF 1500 W, 100 Pa, 30 min (Shinko Seiki compact etcher)","parts by mass; MPa; Shore A (type A durometer, JIS K6253-3)","Press 160C x 10 min, post-cure 200C x 4 h. Bleed-out rating A."
EP4249550A1,patent,"Mitsubishi Cable Industries, Ltd.",Fluorine rubber composition and rubber molded article formed using same,https://patents.google.com/patent/EP4249550A1/en,Example 4,FKM,DAI-EL G912 (VDF/HFP/TFE),peroxide,100,0,10,0,0,0,0,0,0,4,1.5,0,0,0,1,vinyl-PFPE SIFEL X-71-359 1; silica wet silica CARPLEX #80 10; TAIC 4; Perhexa 25B 1.5 (PFPE liquids counted as processing aid),71,18.5,180,6.1,25,"200C x 72h, half-cut AS-214 O-ring (JIS K6262:2013)",0.67,"O2+CF4 (50:1), RF 1500 W, 100 Pa, 30 min (Shinko Seiki compact etcher)","parts by mass; MPa; Shore A (type A durometer, JIS K6253-3)","Press 160C x 10 min, post-cure 200C x 4 h. Bleed-out rating A."
EP4249550A1,patent,"Mitsubishi Cable Industries, Ltd.",Fluorine rubber composition and rubber molded article formed using same,https://patents.google.com/patent/EP4249550A1/en,Example 5,FKM,DAI-EL G912 (VDF/HFP/TFE),peroxide,100,0,10,0,0,0,0,0,0,4,1.5,0,0,0,2,vinyl-PFPE SIFEL X-71-359 1; PFPE oil Fomblin Y 1; silica AEROSIL R972 10; TAIC 4; Perhexa 25B 1.5 (PFPE liquids counted as processing aid),71,18.1,180,5.8,30,"200C x 72h, half-cut AS-214 O-ring (JIS K6262:2013)",0.4,"O2+CF4 (50:1), RF 1500 W, 100 Pa, 30 min (Shinko Seiki compact etcher)","parts by mass; MPa; Shore A (type A durometer, JIS K6253-3)","Press 160C x 10 min, post-cure 200C x 4 h. Bleed-out rating A."
EP4249550A1,patent,"Mitsubishi Cable Industries, Ltd.",Fluorine rubber composition and rubber molded article formed using same,https://patents.google.com/patent/EP4249550A1/en,Example 6,FKM,DAI-EL G912 (VDF/HFP/TFE),peroxide,100,0,10,0,0,0,0,0,0,4,1.5,0,0,0,5,vinyl-PFPE SIFEL X-71-359 5; silica AEROSIL R972 10; TAIC 4; Perhexa 25B 1.5 (PFPE liquids counted as processing aid),69,17.4,190,5.5,32,"200C x 72h, half-cut AS-214 O-ring (JIS K6262:2013)",0.21,"O2+CF4 (50:1), RF 1500 W, 100 Pa, 30 min (Shinko Seiki compact etcher)","parts by mass; MPa; Shore A (type A durometer, JIS K6253-3)","Press 160C x 10 min, post-cure 200C x 4 h. Bleed-out rating A."
EP4249550A1,patent,"Mitsubishi Cable Industries, Ltd.",Fluorine rubber composition and rubber molded article formed using same,https://patents.google.com/patent/EP4249550A1/en,Example 7,FKM,DAI-EL G912 (VDF/HFP/TFE),peroxide,100,0,10,0,0,0,0,0,0,4,1.5,0,0,0,2,vinyl-PFPE SIFEL X-71-359 1; PFPE oil Krytox GPL 107 1; silica AEROSIL R972 10; TAIC 4; Perhexa 25B 1.5 (PFPE liquids counted as processing aid),71,17.5,180,5.7,29,"200C x 72h, half-cut AS-214 O-ring (JIS K6262:2013)",0.41,"O2+CF4 (50:1), RF 1500 W, 100 Pa, 30 min (Shinko Seiki compact etcher)","parts by mass; MPa; Shore A (type A durometer, JIS K6253-3)","Press 160C x 10 min, post-cure 200C x 4 h. Bleed-out rating A."
EP4249550A1,patent,"Mitsubishi Cable Industries, Ltd.",Fluorine rubber composition and rubber molded article formed using same,https://patents.google.com/patent/EP4249550A1/en,Example 8,FKM,DAI-EL G912 (VDF/HFP/TFE),peroxide,100,0,10,0,0,0,0,0,0,4,1.5,0,0,0,6,vinyl-PFPE SIFEL X-71-359 1; PFPE oil Fomblin Y 5; silica AEROSIL R972 10; TAIC 4; Perhexa 25B 1.5 (PFPE liquids counted as processing aid),68,17.4,190,5.4,33,"200C x 72h, half-cut AS-214 O-ring (JIS K6262:2013)",0.19,"O2+CF4 (50:1), RF 1500 W, 100 Pa, 30 min (Shinko Seiki compact etcher)","parts by mass; MPa; Shore A (type A durometer, JIS K6253-3)","Press 160C x 10 min, post-cure 200C x 4 h. Bleed-out rating A."
EP4249550A1,patent,"Mitsubishi Cable Industries, Ltd.",Fluorine rubber composition and rubber molded article formed using same,https://patents.google.com/patent/EP4249550A1/en,Example 10,FKM,DAI-EL G912 (VDF/HFP/TFE),peroxide,100,0,0,0,0,0,0,0,10,4,1.5,0,0,0,1,vinyl-PFPE SIFEL X-71-359 1; phenolic resin powder BellPearl R100 10; TAIC 4; Perhexa 25B 1.5 (PFPE liquids counted as processing aid),64,17.1,180,4.8,21,"200C x 72h, half-cut AS-214 O-ring (JIS K6262:2013)",0.69,"O2+CF4 (50:1), RF 1500 W, 100 Pa, 30 min (Shinko Seiki compact etcher)","parts by mass; MPa; Shore A (type A durometer, JIS K6253-3)","Press 160C x 10 min, post-cure 200C x 4 h. Bleed-out rating A."
EP4249550A1,patent,"Mitsubishi Cable Industries, Ltd.",Fluorine rubber composition and rubber molded article formed using same,https://patents.google.com/patent/EP4249550A1/en,Example 11,FKM,DAI-EL G912 (VDF/HFP/TFE),peroxide,100,0,0,0,0,0,0,0,10,4,1.5,0,0,0,1,vinyl-PFPE SIFEL X-71-359 1; phenolic resin powder BellPearl R200 10; TAIC 4; Perhexa 25B 1.5 (PFPE liquids counted as processing aid),62,13.2,180,3.9,28,"200C x 72h, half-cut AS-214 O-ring (JIS K6262:2013)",0.68,"O2+CF4 (50:1), RF 1500 W, 100 Pa, 30 min (Shinko Seiki compact etcher)","parts by mass; MPa; Shore A (type A durometer, JIS K6253-3)","Press 160C x 10 min, post-cure 200C x 4 h. Bleed-out rating A."
EP4249550A1,patent,"Mitsubishi Cable Industries, Ltd.",Fluorine rubber composition and rubber molded article formed using same,https://patents.google.com/patent/EP4249550A1/en,Example 12,FKM,DAI-EL G912 (VDF/HFP/TFE),peroxide,100,0,0,0,0,0,10,0,0,4,1.5,0,0,0,1,vinyl-PFPE SIFEL X-71-359 1; PVDF powder KYNAR MG15 10; TAIC 4; Perhexa 25B 1.5 (PFPE liquids counted as processing aid),63,13.9,310,2.6,29,"200C x 72h, half-cut AS-214 O-ring (JIS K6262:2013)",0.59,"O2+CF4 (50:1), RF 1500 W, 100 Pa, 30 min (Shinko Seiki compact etcher)","parts by mass; MPa; Shore A (type A durometer, JIS K6253-3)","Press 160C x 10 min, post-cure 200C x 4 h. Bleed-out rating A."
EP4249550A1,patent,"Mitsubishi Cable Industries, Ltd.",Fluorine rubber composition and rubber molded article formed using same,https://patents.google.com/patent/EP4249550A1/en,Example 13,FKM,DAI-EL G912 (VDF/HFP/TFE),peroxide,100,0,0,0,0,0,0,0,10,4,1.5,0,0,0,1,vinyl-PFPE SIFEL X-71-359 1; PEEK powder VESTAKEEP 2000UFP10 10; TAIC 4; Perhexa 25B 1.5 (PFPE liquids counted as processing aid),64,9.6,240,4.2,38,"200C x 72h, half-cut AS-214 O-ring (JIS K6262:2013)",0.63,"O2+CF4 (50:1), RF 1500 W, 100 Pa, 30 min (Shinko Seiki compact etcher)","parts by mass; MPa; Shore A (type A durometer, JIS K6253-3)","Press 160C x 10 min, post-cure 200C x 4 h. Bleed-out rating A."
EP4249550A1,patent,"Mitsubishi Cable Industries, Ltd.",Fluorine rubber composition and rubber molded article formed using same,https://patents.google.com/patent/EP4249550A1/en,Comparative Example 1,FKM,DAI-EL G912 (VDF/HFP/TFE),peroxide,100,0,0,0,0,0,0,0,0,4,1.5,0,0,0,0,TAIC 4; Perhexa 25B 1.5 (PFPE liquids counted as processing aid),57,14.7,340,1.4,30,"200C x 72h, half-cut AS-214 O-ring (JIS K6262:2013)",1.0,"O2+CF4 (50:1), RF 1500 W, 100 Pa, 30 min (Shinko Seiki compact etcher)","parts by mass; MPa; Shore A (type A durometer, JIS K6253-3)","Press 160C x 10 min, post-cure 200C x 4 h. Bleed-out rating -."
EP4249550A1,patent,"Mitsubishi Cable Industries, Ltd.",Fluorine rubber composition and rubber molded article formed using same,https://patents.google.com/patent/EP4249550A1/en,Comparative Example 2,FKM,DAI-EL G912 (VDF/HFP/TFE),peroxide,100,0,0,0,0,0,0,0,0,4,1.5,0,0,0,1,vinyl-PFPE SIFEL X-71-359 1; TAIC 4; Perhexa 25B 1.5 (PFPE liquids counted as processing aid),57,13.3,330,1.3,33,"200C x 72h, half-cut AS-214 O-ring (JIS K6262:2013)",0.17,"O2+CF4 (50:1), RF 1500 W, 100 Pa, 30 min (Shinko Seiki compact etcher)","parts by mass; MPa; Shore A (type A durometer, JIS K6253-3)","Press 160C x 10 min, post-cure 200C x 4 h. Bleed-out rating B."
EP4249550A1,patent,"Mitsubishi Cable Industries, Ltd.",Fluorine rubber composition and rubber molded article formed using same,https://patents.google.com/patent/EP4249550A1/en,Comparative Example 3,FKM,DAI-EL G912 (VDF/HFP/TFE),peroxide,100,0,10,0,0,0,0,0,0,4,1.5,0,0,0,1,PFPE oil Fomblin Y 1; silica AEROSIL R972 10; TAIC 4; Perhexa 25B 1.5 (PFPE liquids counted as processing aid),71,18.1,170,5.8,31,"200C x 72h, half-cut AS-214 O-ring (JIS K6262:2013)",0.11,"O2+CF4 (50:1), RF 1500 W, 100 Pa, 30 min (Shinko Seiki compact etcher)","parts by mass; MPa; Shore A (type A durometer, JIS K6253-3)","Press 160C x 10 min, post-cure 200C x 4 h. Bleed-out rating B."
EP4249550A1,patent,"Mitsubishi Cable Industries, Ltd.",Fluorine rubber composition and rubber molded article formed using same,https://patents.google.com/patent/EP4249550A1/en,Comparative Example 4,FKM,DAI-EL G912 (VDF/HFP/TFE),peroxide,100,0,0,0,0,0,0,0,10,4,1.5,0,0,0,1,vinyl-PFPE SIFEL X-71-359 1; phenolic resin powder BellPearl R800 10; TAIC 4; Perhexa 25B 1.5 (PFPE liquids counted as processing aid),62,11.3,170,3.1,38,"200C x 72h, half-cut AS-214 O-ring (JIS K6262:2013)",0.73,"O2+CF4 (50:1), RF 1500 W, 100 Pa, 30 min (Shinko Seiki compact etcher)","parts by mass; MPa; Shore A (type A durometer, JIS K6253-3)","Press 160C x 10 min, post-cure 200C x 4 h. Bleed-out rating A."
EP4249550A1,patent,"Mitsubishi Cable Industries, Ltd.",Fluorine rubber composition and rubber molded article formed using same,https://patents.google.com/patent/EP4249550A1/en,Comparative Example 5,FKM,DAI-EL G912 (VDF/HFP/TFE),peroxide,100,0,0,0,0,0,10,0,0,4,1.5,0,0,0,1,vinyl-PFPE SIFEL X-71-359 1; PTFE powder LUBRON L-5 10; TAIC 4; Perhexa 25B 1.5 (PFPE liquids counted as processing aid),59,13.9,320,1.8,29,"200C x 72h, half-cut AS-214 O-ring (JIS K6262:2013)",0.29,"O2+CF4 (50:1), RF 1500 W, 100 Pa, 30 min (Shinko Seiki compact etcher)","parts by mass; MPa; Shore A (type A durometer, JIS K6253-3)","Press 160C x 10 min, post-cure 200C x 4 h. Bleed-out rating B."
EP4249550A1,patent,"Mitsubishi Cable Industries, Ltd.",Fluorine rubber composition and rubber molded article formed using same,https://patents.google.com/patent/EP4249550A1/en,Comparative Example 6,FKM,DAI-EL G912 (VDF/HFP/TFE),peroxide,100,10,0,0,0,0,0,0,0,4,1.5,0,0,0,1,vinyl-PFPE SIFEL X-71-359 1; MT carbon black Thermax N990 10; TAIC 4; Perhexa 25B 1.5 (PFPE liquids counted as processing aid),63,18.9,190,4.3,29,"200C x 72h, half-cut AS-214 O-ring (JIS K6262:2013)",0.96,"O2+CF4 (50:1), RF 1500 W, 100 Pa, 30 min (Shinko Seiki compact etcher)","parts by mass; MPa; Shore A (type A durometer, JIS K6253-3)","Press 160C x 10 min, post-cure 200C x 4 h. Bleed-out rating A."
EP4249550A1,patent,"Mitsubishi Cable Industries, Ltd.",Fluorine rubber composition and rubber molded article formed using same,https://patents.google.com/patent/EP4249550A1/en,Comparative Example 7,FKM,DAI-EL G912 (VDF/HFP/TFE),peroxide,100,0,0.2,0,0,0,0,0,0,4,1.5,0,0,0,2,vinyl-PFPE SIFEL X-71-359 1; PFPE oil Fomblin Y 1; silica AEROSIL R972 0.2; TAIC 4; Perhexa 25B 1.5 (PFPE liquids counted as processing aid),57,13.8,350,1.4,33,"200C x 72h, half-cut AS-214 O-ring (JIS K6262:2013)",0.19,"O2+CF4 (50:1), RF 1500 W, 100 Pa, 30 min (Shinko Seiki compact etcher)","parts by mass; MPa; Shore A (type A durometer, JIS K6253-3)","Press 160C x 10 min, post-cure 200C x 4 h. Bleed-out rating B."
EP4249550A1,patent,"Mitsubishi Cable Industries, Ltd.",Fluorine rubber composition and rubber molded article formed using same,https://patents.google.com/patent/EP4249550A1/en,Example 9,FKM,DAI-EL G912 (VDF/HFP/TFE),peroxide,100,0,0.11,0,0,0,0,0,0,4,1.5,0,0,0,0.89,SIFEL X-71-369-N 1 part = vinyl-PFPE compound 2 0.89 + silica 0.11; TAIC 4; Perhexa 25B 1.5 (PFPE counted as processing aid),57,14.0,340,1.4,31,"200C x 72h, half-cut AS-214 O-ring (JIS K6262:2013)",0.67,"O2+CF4 (50:1), RF 1500 W, 100 Pa, 30 min (Shinko Seiki compact etcher)","parts by mass; MPa; Shore A (type A durometer, JIS K6253-3)","Press 160C x 10 min, post-cure 200C x 4 h. Bleed-out rating A."
US7666948B2,patent,Nichias Corporation,Elastomer composition and molded body,https://patents.google.com/patent/US7666948B2/en,Example 1,other,FFKM/FKM blend: DAI-EL Perfluoro GA-05 (Daikin) 50 + VITON TR-8605 (DuPont) as printed 50,peroxide,100,0,0,0,0,0,0,0,0,1.0,1.0,0,0,0,0,no filler; Perhexa 25B 1.0; TAIC 1.0,,9.04,360,1.05,,,0.75,"O2+CF4 surface-wave plasma (Shinko Seiki), 133 Pa, 3 kW, 2 h; 2 mm sheet, 13 mm dia",parts by weight; MPa,"Press 160C x 10 min, post-cure 180C x 4 h. Hardness/CS not reported. Tensile at 100C 1.23 MPa, elongation at 100C 132%. Avg aggregate size 0.8 um."
US7666948B2,patent,Nichias Corporation,Elastomer composition and molded body,https://patents.google.com/patent/US7666948B2/en,Example 2,other,FFKM/FKM blend: DAI-EL Perfluoro GA-05 (Daikin) 25 + VITON TR-8605 (DuPont) as printed 75,peroxide,100,0,0,0,0,0,0,0,0,1.0,1.0,0,0,0,0,no filler; Perhexa 25B 1.0; TAIC 1.0,,6.48,340,1.05,,,1.89,"O2+CF4 surface-wave plasma (Shinko Seiki), 133 Pa, 3 kW, 2 h; 2 mm sheet, 13 mm dia",parts by weight; MPa,"Press 160C x 10 min, post-cure 180C x 4 h. Hardness/CS not reported. Tensile at 100C 1.4 MPa, elongation at 100C 140%. Avg aggregate size 1.3 um."
US7666948B2,patent,Nichias Corporation,Elastomer composition and molded body,https://patents.google.com/patent/US7666948B2/en,Example 3,other,FFKM/FKM blend: DAI-EL Perfluoro GA-05 (Daikin) 5 + VITON TR-8605 (DuPont) as printed 95,peroxide,100,0,0,0,0,0,0,0,0,1.0,1.0,0,0,0,0,no filler; Perhexa 25B 1.0; TAIC 1.0,,10.3,380,1.13,,,3.92,"O2+CF4 surface-wave plasma (Shinko Seiki), 133 Pa, 3 kW, 2 h; 2 mm sheet, 13 mm dia",parts by weight; MPa,"Press 160C x 10 min, post-cure 180C x 4 h. Hardness/CS not reported. Tensile at 100C 1.21 MPa, elongation at 100C 111%. Avg aggregate size 0.5 um."
US7666948B2,patent,Nichias Corporation,Elastomer composition and molded body,https://patents.google.com/patent/US7666948B2/en,Comparative Example 1,FFKM,DAI-EL Perfluoro GA-05 (Daikin),peroxide,100,0,0,0,0,0,0,0,0,1.0,1.0,0,0,0,0,no filler; Perhexa 25B 1.0; TAIC 1.0,,4.36,270,1.01,,,0.05,"O2+CF4 surface-wave plasma (Shinko Seiki), 133 Pa, 3 kW, 2 h; 2 mm sheet, 13 mm dia",parts by weight; MPa,"Press 160C x 10 min, post-cure 180C x 4 h. Hardness/CS not reported. Tensile at 100C 0.93 MPa, elongation at 100C 110%."
US7666948B2,patent,Nichias Corporation,Elastomer composition and molded body,https://patents.google.com/patent/US7666948B2/en,Comparative Example 2,other,FFKM/FKM blend: DAI-EL Perfluoro GA-05 (Daikin) 0.1 + VITON TR-8605 (DuPont) as printed 99.9,peroxide,100,0,0,0,0,0,0,0,0,1.0,1.0,0,0,0,0,no filler; Perhexa 25B 1.0; TAIC 1.0,,5.03,330,1.08,,,10.1,"O2+CF4 surface-wave plasma (Shinko Seiki), 133 Pa, 3 kW, 2 h; 2 mm sheet, 13 mm dia",parts by weight; MPa,"Press 160C x 10 min, post-cure 180C x 4 h. Hardness/CS not reported."
US7666948B2,patent,Nichias Corporation,Elastomer composition and molded body,https://patents.google.com/patent/US7666948B2/en,Comparative Example 3,other,FFKM/FKM blend: DAI-EL Perfluoro GA-05 (Daikin) 25 + VITON TR-8605 (DuPont) as printed 75,peroxide,100,0,0,0,0,0,0,0,0,1.0,1.0,0,0,0,0,no filler; Perhexa 25B 1.0; TAIC 1.0,,4.23,260,1.0,,,4.2,"O2+CF4 surface-wave plasma (Shinko Seiki), 133 Pa, 3 kW, 2 h; 2 mm sheet, 13 mm dia",parts by weight; MPa,"Press 160C x 10 min, post-cure 180C x 4 h. Hardness/CS not reported. Tensile at 100C 0.92 MPa, elongation at 100C 105%. Avg aggregate size 20.5 um. Same ratio as Example 2 but longer/shorter mixing gave coarse aggregates."
US7666948B2,patent,Nichias Corporation,Elastomer composition and molded body,https://patents.google.com/patent/US7666948B2/en,Comparative Example 4,FKM,VITON TR-8605 (DuPont) as printed,peroxide,100,0,0,0,0,0,0,0,0,1.0,1.0,0,0,0,0,no filler; Perhexa 25B 1.0; TAIC 1.0,,4.86,330,1.08,,,11.5,"O2+CF4 surface-wave plasma (Shinko Seiki), 133 Pa, 3 kW, 2 h; 2 mm sheet, 13 mm dia",parts by weight; MPa,"Press 160C x 10 min, post-cure 180C x 4 h. Hardness/CS not reported. Tensile at 100C 1.19 MPa, elongation at 100C 108%."
US7666948B2,patent,Nichias Corporation,Elastomer composition and molded body,https://patents.google.com/patent/US7666948B2/en,Example 4,other,FFKM/silicone blend: DAI-EL Perfluoro GA-05 (Daikin) 50 + KE-941-U (Shin-Etsu VMQ) 50,peroxide,100,0,0,0,0,0,0,0,0,0.5,1.5,0,0,0,0,no filler; Perhexa 25B 0.5 + Shin-Etsu C8 1.0 (peroxide total 1.5); TAIC 0.5,,7.24,390,0.96,,,0.64,"O2+CF4 surface-wave plasma (Shinko Seiki), 133 Pa, 3 kW, 2 h; 2 mm sheet, 13 mm dia",parts by weight; MPa,"Press 160C x 10 min, post-cure 180C x 4 h. Tensile at 100C 2.41 MPa, elongation at 100C 210%. Avg aggregate 1.8 um."
US7666948B2,patent,Nichias Corporation,Elastomer composition and molded body,https://patents.google.com/patent/US7666948B2/en,Example 5,other,FFKM/EPDM blend: DAI-EL Perfluoro GA-05 (Daikin) 75 + EP51 (JSR EPDM) 25,peroxide,100,0,0,0,0,0,0,0,0,0.75,1.0,0,0,0,0,no filler; Perhexa 25B 0.75 + Percumyl D 0.25 (peroxide total 1.0); TAIC 0.75,,7.38,390,1.11,,,2.5,"O2+CF4 surface-wave plasma (Shinko Seiki), 133 Pa, 3 kW, 2 h; 2 mm sheet, 13 mm dia",parts by weight; MPa,"Press 160C x 10 min, post-cure 180C x 4 h. Tensile at 100C 1.64 MPa, elongation at 100C 200%. Avg aggregate 1.1 um."
